Tournament;Stage;Match.Type;Match.Name;Map;Player.Team;Player;Enemy.Team;Enemy;Player.Kills;Enemy.Kills;Difference;Kill.Type;Agents;Rating;Average.Combat.Score;Kills;Deaths;Assists;Kills...Deaths..KD.;Kill..Assist..Trade..Survive..;Average.Damage.Per.Round;Headshot..;First.Kills;First.Deaths;Kills...Deaths..FKD.;Side;Team.B;Team.A.Score;Team.B.Score;Match.Result;Elimination;Detonated;Defused;Time.Expiry..No.Plant.;Eliminated;Defused.Failed;Detonation.Denied;Time.Expiry..Failed.to.Plant.
Valorant Champions 2024;Playoffs;Upper Quarterfinals;G2 Esports vs LEVIATÁN;Icebox;G2 Esports;trent;LEVIATÁN;aspas;2;5;-3;All Kills;sova;104;211;20;21;10;0,95;0,67;145;0,39;1;4;-3;both;LEVIATÁN;0;2;LEVIATÁN won;7;4;3;0;11;1;4;0
Valorant Champions 2024;Playoffs;Upper Quarterfinals;G2 Esports vs LEVIATÁN;Icebox;G2 Esports;valyn;LEVIATÁN;aspas;6;4;2;All Kills;harbor;122;243;15;10;6;1,5;0,87;149;0,41;0;0;0;attack;LEVIATÁN;0;2;LEVIATÁN won;7;4;3;0;11;1;4;0
Valorant Champions 2024;Playoffs;Upper Quarterfinals;G2 Esports vs LEVIATÁN;Icebox;G2 Esports;leaf;LEVIATÁN;aspas;4;5;-1;All Kills;killjoy;112;226;11;11;6;1;0,8;149;0,14;1;0;1;defend;LEVIATÁN;0;2;LEVIATÁN won;7;4;3;0;11;1;4;0
Valorant Champions 2024;Playoffs;Upper Quarterfinals;G2 Esports vs LEVIATÁN;Icebox;G2 Esports;icy;LEVIATÁN;kiNgg;2;4;-2;All Kills;gekko;72;154;15;22;9;0,68;0,73;102;0,31;4;5;-1;both;LEVIATÁN;0;2;LEVIATÁN won;7;4;3;0;11;1;4;0
Valorant Champions 2024;Playoffs;Upper Quarterfinals;G2 Esports vs LEVIATÁN;Icebox;G2 Esports;JonahP;LEVIATÁN;kiNgg;4;1;3;All Kills;viper;91;156;8;8;4;1;0,87;93;0,24;2;2;0;attack;LEVIATÁN;0;2;LEVIATÁN won;7;4;3;0;11;1;4;0
Valorant Champions 2024;Playoffs;Upper Quarterfinals;G2 Esports vs LEVIATÁN;Icebox;G2 Esports;trent;LEVIATÁN;C0M;1;3;-2;First Kills;sova;84;158;8;11;3;0,73;0,53;105;0,39;1;2;-1;defend;LEVIATÁN;0;2;LEVIATÁN won;7;4;3;0;11;1;4;0
Valorant Champions 2024;Playoffs;Upper Quarterfinals;G2 Esports vs LEVIATÁN;Icebox;G2 Esports;leaf;LEVIATÁN;C0M;1;0;1;First Kills;killjoy;13;263;27;21;7;1,29;0,83;164;0,18;6;0;6;both;LEVIATÁN;0;2;LEVIATÁN won;7;4;3;0;11;1;4;0
Valorant Champions 2024;Playoffs;Upper Quarterfinals;G2 Esports vs LEVIATÁN;Icebox;G2 Esports;JonahP;LEVIATÁN;Mazino;1;1;0;First Kills;viper;91;156;8;8;4;1;0,87;93;0,24;2;2;0;attack;LEVIATÁN;0;2;LEVIATÁN won;7;4;3;0;11;1;4;0
Valorant Champions 2024;Playoffs;Upper Quarterfinals;G2 Esports vs LEVIATÁN;Icebox;G2 Esports;leaf;LEVIATÁN;Mazino;1;0;1;Op Kills;killjoy;112;226;11;11;6;1;0,8;149;0,14;1;0;1;defend;LEVIATÁN;0;2;LEVIATÁN won;7;4;3;0;11;1;4;0
Valorant Champions 2024;Playoffs;Upper Quarterfinals;G2 Esports vs LEVIATÁN;Abyss;G2 Esports;trent;LEVIATÁN;Mazino;4;2;2;All Kills;sova;7;184;9;16;6;0,56;0,72;124;0,28;2;1;1;both;LEVIATÁN;0;2;LEVIATÁN won;2;2;1;0;7;0;6;0
Valorant Champions 2024;Playoffs;Upper Quarterfinals;G2 Esports vs LEVIATÁN;Abyss;G2 Esports;valyn;LEVIATÁN;Mazino;1;4;-3;All Kills;astra;66;164;7;12;2;0,58;0,5;88;0,13;0;2;-2;attack;LEVIATÁN;0;2;LEVIATÁN won;2;2;1;0;7;0;6;0
Valorant Champions 2024;Playoffs;Upper Quarterfinals;G2 Esports vs LEVIATÁN;Abyss;G2 Esports;leaf;LEVIATÁN;Mazino;3;2;1;All Kills;killjoy;21;122;2;5;1;0,4;0,67;112;0,5;0;0;0;defend;LEVIATÁN;0;2;LEVIATÁN won;2;2;1;0;7;0;6;0
Valorant Champions 2024;Playoffs;Upper Quarterfinals;G2 Esports vs LEVIATÁN;Abyss;G2 Esports;icy;LEVIATÁN;tex;2;2;0;All Kills;yoru;67;150;9;16;4;0,56;0,67;96;0,42;2;3;-1;both;LEVIATÁN;0;2;LEVIATÁN won;2;2;1;0;7;0;6;0
Valorant Champions 2024;Playoffs;Upper Quarterfinals;G2 Esports vs LEVIATÁN;Abyss;G2 Esports;JonahP;LEVIATÁN;tex;5;0;5;All Kills;viper;101;241;10;12;2;0,83;0,67;145;0,33;3;1;2;attack;LEVIATÁN;0;2;LEVIATÁN won;2;2;1;0;7;0;6;0
Valorant Champions 2024;Playoffs;Upper Quarterfinals;G2 Esports vs LEVIATÁN;Abyss;G2 Esports;icy;LEVIATÁN;Mazino;1;1;0;First Kills;yoru;45;111;2;5;1;0,4;0,83;55;0,4;1;1;0;defend;LEVIATÁN;0;2;LEVIATÁN won;2;2;1;0;7;0;6;0
Valorant Champions 2024;Playoffs;Upper Quarterfinals;G2 Esports vs LEVIATÁN;Abyss;G2 Esports;leaf;LEVIATÁN;aspas;0;4;-4;Op Kills;killjoy;59;170;11;17;1;0,65;0,56;117;0,5;0;2;-2;both;LEVIATÁN;0;2;LEVIATÁN won;2;2;1;0;7;0;6;0
Valorant Champions 2024;Playoffs;Upper Quarterfinals;Team Heretics vs FNATIC;Lotus;Team Heretics;Boo;FNATIC;hiro;1;1;0;All Kills;fade;153;183;4;1;2;3;1;146;0,29;0;0;0;attack;FNATIC;2;0;Team Heretics won;5;0;5;3;1;2;0;0
Valorant Champions 2024;Playoffs;Upper Quarterfinals;Team Heretics vs FNATIC;Lotus;Team Heretics;benjyfishy;FNATIC;hiro;1;1;0;All Kills;killjoy;131;183;10;5;0;5;0,75;118;0,38;1;0;1;defend;FNATIC;2;0;Team Heretics won;5;0;5;3;1;2;0;0
Valorant Champions 2024;Playoffs;Upper Quarterfinals;Team Heretics vs FNATIC;Lotus;Team Heretics;MiniBoo;FNATIC;Chronicle;2;1;1;All Kills;raze;1;204;11;11;4;0;0,88;141;0,16;2;3;-1;both;FNATIC;2;0;Team Heretics won;5;0;5;3;1;2;0;0
Valorant Champions 2024;Playoffs;Upper Quarterfinals;Team Heretics vs FNATIC;Lotus;Team Heretics;RieNs;FNATIC;Chronicle;1;4;-3;All Kills;viper;116;195;3;2;1;1;0,75;128;0,29;1;0;1;attack;FNATIC;2;0;Team Heretics won;5;0;5;3;1;2;0;0
Valorant Champions 2024;Playoffs;Upper Quarterfinals;Team Heretics vs FNATIC;Lotus;Team Heretics;Wo0t;FNATIC;Chronicle;4;1;3;All Kills;omen;154;230;11;4;2;7;0,92;158;0,45;0;0;0;defend;FNATIC;2;0;Team Heretics won;5;0;5;3;1;2;0;0
Valorant Champions 2024;Playoffs;Upper Quarterfinals;Team Heretics vs FNATIC;Lotus;Team Heretics;MiniBoo;FNATIC;hiro;1;0;1;First Kills;raze;1;204;11;11;4;0;0,88;141;0,16;2;3;-1;both;FNATIC;2;0;Team Heretics won;5;0;5;3;1;2;0;0
Valorant Champions 2024;Playoffs;Upper Quarterfinals;Team Heretics vs FNATIC;Lotus;Team Heretics;Wo0t;FNATIC;hiro;1;0;1;First Kills;omen;272;469;7;1;2;6;1;277;0,75;2;0;2;attack;FNATIC;2;0;Team Heretics won;5;0;5;3;1;2;0;0
Valorant Champions 2024;Playoffs;Upper Quarterfinals;Team Heretics vs FNATIC;Abyss;Team Heretics;Boo;FNATIC;Derke;3;6;-3;All Kills;astra;51;123;4;11;6;-7;0,62;84;0,2;1;1;0;defend;FNATIC;2;0;Team Heretics won;8;4;2;0;8;1;3;0
Valorant Champions 2024;Playoffs;Upper Quarterfinals;Team Heretics vs FNATIC;Abyss;Team Heretics;benjyfishy;FNATIC;Boaster;6;4;2;All Kills;cypher;85;203;18;21;3;-3;0,65;128;0,34;2;4;-2;both;FNATIC;2;0;Team Heretics won;8;4;2;0;8;1;3;0
Valorant Champions 2024;Playoffs;Upper Quarterfinals;Team Heretics vs FNATIC;Abyss;Team Heretics;MiniBoo;FNATIC;Boaster;6;0;6;All Kills;jett;75;166;8;9;1;-1;0,54;113;0,5;3;5;-2;attack;FNATIC;2;0;Team Heretics won;8;4;2;0;8;1;3;0
Valorant Champions 2024;Playoffs;Upper Quarterfinals;Team Heretics vs FNATIC;Abyss;Team Heretics;RieNs;FNATIC;Boaster;3;2;1;All Kills;sova;128;267;12;9;1;3;0,69;174;0,48;1;0;1;defend;FNATIC;2;0;Team Heretics won;8;4;2;0;8;1;3;0
Valorant Champions 2024;Playoffs;Upper Quarterfinals;Team Heretics vs FNATIC;Abyss;Team Heretics;Wo0t;FNATIC;hiro;3;4;-1;All Kills;gekko;74;92;10;17;5;-7;0,73;74;0,53;0;2;-2;both;FNATIC;2;0;Team Heretics won;8;4;2;0;8;1;3;0
Valorant Champions 2024;Playoffs;Upper Quarterfinals;Team Heretics vs FNATIC;Abyss;Team Heretics;benjyfishy;FNATIC;Boaster;0;1;-1;First Kills;cypher;107;242;10;11;1;-1;0,69;167;0,32;2;0;2;attack;FNATIC;2;0;Team Heretics won;8;4;2;0;8;1;3;0
Valorant Champions 2024;Playoffs;Upper Quarterfinals;Team Heretics vs FNATIC;Abyss;Team Heretics;MiniBoo;FNATIC;Chronicle;1;2;-1;First Kills;jett;81;172;8;9;2;-1;0,54;102;0,44;2;2;0;defend;FNATIC;2;0;Team Heretics won;8;4;2;0;8;1;3;0
Valorant Champions 2024;Playoffs;Upper Quarterfinals;Team Heretics vs FNATIC;Abyss;Team Heretics;RieNs;FNATIC;Derke;1;0;1;Op Kills;sova;139;280;26;17;5;9;0,73;184;0,51;2;0;2;both;FNATIC;2;0;Team Heretics won;8;4;2;0;8;1;3;0
Valorant Champions 2024;Playoffs;Lower Round 1;G2 Esports vs FNATIC;Haven;G2 Esports;valyn;FNATIC;Boaster;1;0;1;All Kills;omen;91;178;6;9;5;0,67;0,83;118;0,22;0;1;-1;attack;FNATIC;0;2;FNATIC won;2;1;0;0;7;1;5;0
Valorant Champions 2024;Playoffs;Lower Round 1;G2 Esports vs FNATIC;Haven;G2 Esports;icy;FNATIC;Boaster;2;0;2;All Kills;yoru;29;36;0;3;1;0;0,5;36;0;0;0;0;defend;FNATIC;0;2;FNATIC won;2;1;0;0;7;1;5;0
Valorant Champions 2024;Playoffs;Lower Round 1;G2 Esports vs FNATIC;Haven;G2 Esports;trent;FNATIC;Chronicle;1;4;-3;All Kills;sova;81;198;9;14;5;0,64;0,5;144;0,19;2;2;0;both;FNATIC;0;2;FNATIC won;2;1;0;0;7;1;5;0
Valorant Champions 2024;Playoffs;Lower Round 1;G2 Esports vs FNATIC;Haven;G2 Esports;leaf;FNATIC;Chronicle;1;1;0;All Kills;killjoy;48;145;5;12;2;0,42;0,5;95;0,18;1;3;-2;attack;FNATIC;0;2;FNATIC won;2;1;0;0;7;1;5;0
Valorant Champions 2024;Playoffs;Lower Round 1;G2 Esports vs FNATIC;Haven;G2 Esports;JonahP;FNATIC;Chronicle;2;3;-1;All Kills;viper;38;102;2;4;0;0,5;0,5;44;0,25;0;0;0;defend;FNATIC;0;2;FNATIC won;2;1;0;0;7;1;5;0
Valorant Champions 2024;Playoffs;Lower Round 1;G2 Esports vs FNATIC;Haven;G2 Esports;trent;FNATIC;Boaster;2;0;2;First Kills;sova;81;198;9;14;5;0,64;0,5;144;0,19;2;2;0;both;FNATIC;0;2;FNATIC won;2;1;0;0;7;1;5;0
Valorant Champions 2024;Playoffs;Lower Round 1;G2 Esports vs FNATIC;Bind;G2 Esports;valyn;FNATIC;Alfajer;2;5;-3;All Kills;brimstone;95;170;8;7;3;1,14;0,58;102;0,23;3;1;2;attack;FNATIC;0;2;FNATIC won;2;5;2;2;8;2;3;0
Valorant Champions 2024;Playoffs;Lower Round 1;G2 Esports vs FNATIC;Bind;G2 Esports;icy;FNATIC;Alfajer;4;5;-1;All Kills;raze;106;201;9;10;3;0,9;0,58;147;0,38;2;0;2;defend;FNATIC;0;2;FNATIC won;2;5;2;2;8;2;3;0
Valorant Champions 2024;Playoffs;Lower Round 1;G2 Esports vs FNATIC;Bind;G2 Esports;trent;FNATIC;Derke;3;4;-1;All Kills;gekko;93;187;14;18;8;0,78;0,75;125;0,21;1;2;-1;both;FNATIC;0;2;FNATIC won;2;5;2;2;8;2;3;0
Valorant Champions 2024;Playoffs;Lower Round 1;G2 Esports vs FNATIC;Bind;G2 Esports;leaf;FNATIC;Derke;2;3;-1;All Kills;viper;131;241;12;6;1;2;0,83;145;0,32;2;1;1;attack;FNATIC;0;2;FNATIC won;2;5;2;2;8;2;3;0
Valorant Champions 2024;Playoffs;Lower Round 1;G2 Esports vs FNATIC;Bind;G2 Esports;JonahP;FNATIC;Derke;1;7;-6;All Kills;skye;54;135;6;11;3;0,55;0,67;85;0,23;2;1;1;defend;FNATIC;0;2;FNATIC won;2;5;2;2;8;2;3;0
Valorant Champions 2024;Playoffs;Lower Round 1;G2 Esports vs FNATIC;Bind;G2 Esports;valyn;FNATIC;Chronicle;1;1;0;First Kills;brimstone;95;182;15;16;10;0,94;0,67;109;0,28;3;1;2;both;FNATIC;0;2;FNATIC won;2;5;2;2;8;2;3;0
Valorant Champions 2024;Playoffs;Lower Round 1;G2 Esports vs FNATIC;Bind;G2 Esports;trent;FNATIC;Alfajer;1;0;1;First Kills;gekko;77;131;4;7;4;0,57;0,75;102;0,2;0;1;-1;attack;FNATIC;0;2;FNATIC won;2;5;2;2;8;2;3;0
Valorant Champions 2024;Playoffs;Lower Round 1;G2 Esports vs FNATIC;Bind;G2 Esports;leaf;FNATIC;Chronicle;2;2;0;First Kills;viper;47;141;5;11;3;0,45;0,42;89;0,08;1;4;-3;defend;FNATIC;0;2;FNATIC won;2;5;2;2;8;2;3;0
Valorant Champions 2024;Playoffs;Upper Semifinals;Sentinels vs EDward Gaming;Haven;Sentinels;johnqt;EDward Gaming;ZmjjKK;4;2;2;All Kills;cypher;126;214;19;13;8;6;0,82;134;0,26;0;2;-2;both;EDward Gaming;1;2;EDward Gaming won;7;1;5;0;7;0;2;0
Valorant Champions 2024;Playoffs;Upper Semifinals;Sentinels vs EDward Gaming;Haven;Sentinels;TenZ;EDward Gaming;ZmjjKK;2;5;-3;All Kills;omen;181;361;17;7;2;10;0,83;249;0,29;1;0;1;attack;EDward Gaming;1;2;EDward Gaming won;7;1;5;0;7;0;2;0
Valorant Champions 2024;Playoffs;Upper Semifinals;Sentinels vs EDward Gaming;Haven;Sentinels;zekken;EDward Gaming;ZmjjKK;7;6;1;All Kills;neon;158;314;11;7;5;4;0,8;198;0,18;4;1;3;defend;EDward Gaming;1;2;EDward Gaming won;7;1;5;0;7;0;2;0
Valorant Champions 2024;Playoffs;Upper Semifinals;Sentinels vs EDward Gaming;Haven;Sentinels;Zellsis;EDward Gaming;S1Mon;2;4;-2;All Kills;breach;58;112;7;17;16;-10;0,64;80;0,15;1;4;-3;both;EDward Gaming;1;2;EDward Gaming won;7;1;5;0;7;0;2;0
Valorant Champions 2024;Playoffs;Upper Semifinals;Sentinels vs EDward Gaming;Haven;Sentinels;Sacy;EDward Gaming;S1Mon;1;3;-2;All Kills;sova;6;106;4;7;3;-3;0,75;75;0,43;1;2;-1;attack;EDward Gaming;1;2;EDward Gaming won;7;1;5;0;7;0;2;0
Valorant Champions 2024;Playoffs;Upper Semifinals;Sentinels vs EDward Gaming;Haven;Sentinels;zekken;EDward Gaming;CHICHOO;2;0;2;First Kills;neon;158;314;11;7;5;4;0,8;198;0,18;4;1;3;defend;EDward Gaming;1;2;EDward Gaming won;7;1;5;0;7;0;2;0
Valorant Champions 2024;Playoffs;Upper Semifinals;Sentinels vs EDward Gaming;Haven;Sentinels;Zellsis;EDward Gaming;ZmjjKK;0;3;-3;First Kills;breach;58;112;7;17;16;-10;0,64;80;0,15;1;4;-3;both;EDward Gaming;1;2;EDward Gaming won;7;1;5;0;7;0;2;0
Valorant Champions 2024;Playoffs;Upper Semifinals;Sentinels vs EDward Gaming;Lotus;Sentinels;johnqt;EDward Gaming;nobody;3;2;1;All Kills;viper;87;145;5;6;2;-1;1;116;0,16;1;2;-1;attack;EDward Gaming;1;2;EDward Gaming won;2;3;4;0;4;3;4;2
Valorant Champions 2024;Playoffs;Upper Semifinals;Sentinels vs EDward Gaming;Lotus;Sentinels;TenZ;EDward Gaming;nobody;2;4;-2;All Kills;omen;58;135;5;9;7;-4;0,75;102;0,24;1;2;-1;defend;EDward Gaming;1;2;EDward Gaming won;2;3;4;0;4;3;4;2
Valorant Champions 2024;Playoffs;Upper Semifinals;Sentinels vs EDward Gaming;Lotus;Sentinels;zekken;EDward Gaming;CHICHOO;4;4;0;All Kills;raze;111;256;19;17;5;2;0,73;164;0,17;4;4;0;both;EDward Gaming;1;2;EDward Gaming won;2;3;4;0;4;3;4;2
Valorant Champions 2024;Playoffs;Upper Semifinals;Sentinels vs EDward Gaming;Lotus;Sentinels;Zellsis;EDward Gaming;CHICHOO;3;3;0;All Kills;killjoy;175;309;11;7;2;4;0,7;215;0,5;1;0;1;attack;EDward Gaming;1;2;EDward Gaming won;2;3;4;0;4;3;4;2
Valorant Champions 2024;Playoffs;Upper Semifinals;Sentinels vs EDward Gaming;Lotus;Sentinels;Sacy;EDward Gaming;CHICHOO;4;2;2;All Kills;fade;168;296;11;8;10;3;0,92;204;0,25;1;0;1;defend;EDward Gaming;1;2;EDward Gaming won;2;3;4;0;4;3;4;2
Valorant Champions 2024;Playoffs;Upper Semifinals;Sentinels vs EDward Gaming;Lotus;Sentinels;TenZ;EDward Gaming;CHICHOO;0;1;-1;First Kills;omen;68;164;12;17;11;-5;0,73;119;0,28;1;3;-2;both;EDward Gaming;1;2;EDward Gaming won;2;3;4;0;4;3;4;2
Valorant Champions 2024;Playoffs;Upper Semifinals;Sentinels vs EDward Gaming;Lotus;Sentinels;zekken;EDward Gaming;S1Mon;0;2;-2;First Kills;raze;72;189;6;9;3;-3;0,8;124;0,07;1;3;-2;attack;EDward Gaming;1;2;EDward Gaming won;2;3;4;0;4;3;4;2
Valorant Champions 2024;Playoffs;Upper Semifinals;Sentinels vs EDward Gaming;Lotus;Sentinels;Sacy;EDward Gaming;S1Mon;0;1;-1;First Kills;fade;168;296;11;8;10;3;0,92;204;0,25;1;0;1;defend;EDward Gaming;1;2;EDward Gaming won;2;3;4;0;4;3;4;2
Valorant Champions 2024;Playoffs;Upper Semifinals;Sentinels vs EDward Gaming;Sunset;Sentinels;TenZ;EDward Gaming;nobody;5;3;2;All Kills;omen;128;307;21;17;7;4;0,84;196;0,44;1;1;0;both;EDward Gaming;1;2;EDward Gaming won;5;0;1;0;12;0;1;0
Valorant Champions 2024;Playoffs;Upper Semifinals;Sentinels vs EDward Gaming;Sunset;Sentinels;zekken;EDward Gaming;nobody;3;2;1;All Kills;neon;138;405;10;6;2;4;0,86;211;0,23;2;2;0;attack;EDward Gaming;1;2;EDward Gaming won;5;0;1;0;12;0;1;0
Valorant Champions 2024;Playoffs;Upper Semifinals;Sentinels vs EDward Gaming;Sunset;Sentinels;Zellsis;EDward Gaming;nobody;1;5;-4;All Kills;breach;82;171;7;11;3;-4;0,58;117;0,42;1;1;0;defend;EDward Gaming;1;2;EDward Gaming won;5;0;1;0;12;0;1;0
Valorant Champions 2024;Playoffs;Upper Semifinals;Sentinels vs EDward Gaming;Sunset;Sentinels;Sacy;EDward Gaming;CHICHOO;1;6;-5;All Kills;fade;52;109;7;15;5;-8;0,58;71;0,26;0;1;-1;both;EDward Gaming;1;2;EDward Gaming won;5;0;1;0;12;0;1;0
Valorant Champions 2024;Playoffs;Upper Semifinals;Sentinels vs EDward Gaming;Sunset;Sentinels;johnqt;EDward Gaming;Smoggy;2;0;2;First Kills;cypher;93;132;3;3;2;0;0,71;92;0,33;0;1;-1;attack;EDward Gaming;1;2;EDward Gaming won;5;0;1;0;12;0;1;0
Valorant Champions 2024;Playoffs;Upper Semifinals;Sentinels vs EDward Gaming;Sunset;Sentinels;zekken;EDward Gaming;S1Mon;2;1;1;First Kills;neon;49;183;7;11;2;-4;0,42;119;0,26;1;4;-3;defend;EDward Gaming;1;2;EDward Gaming won;5;0;1;0;12;0;1;0
Valorant Champions 2024;Playoffs;Lower Round 2;Sentinels vs FNATIC;Sunset;Sentinels;zekken;FNATIC;Boaster;6;3;3;All Kills;raze;77;197;16;20;7;-4;0,58;119;0,24;4;9;-5;both;FNATIC;2;1;Sentinels won;6;4;3;0;5;3;3;0
Valorant Champions 2024;Playoffs;Lower Round 2;Sentinels vs FNATIC;Sunset;Sentinels;johnqt;FNATIC;Boaster;6;2;4;All Kills;cypher;159;288;13;5;4;8;0,92;174;0,21;2;0;2;attack;FNATIC;2;1;Sentinels won;6;4;3;0;5;3;3;0
Valorant Champions 2024;Playoffs;Lower Round 2;Sentinels vs FNATIC;Sunset;Sentinels;Sacy;FNATIC;Boaster;3;2;1;All Kills;gekko;124;264;10;8;4;2;0,75;171;0,21;1;2;-1;defend;FNATIC;2;1;Sentinels won;6;4;3;0;5;3;3;0
Valorant Champions 2024;Playoffs;Lower Round 2;Sentinels vs FNATIC;Sunset;Sentinels;Zellsis;FNATIC;Alfajer;5;3;2;All Kills;kayo;85;175;15;17;10;-2;0,71;104;0,31;1;1;0;both;FNATIC;2;1;Sentinels won;6;4;3;0;5;3;3;0
Valorant Champions 2024;Playoffs;Lower Round 2;Sentinels vs FNATIC;Sunset;Sentinels;TenZ;FNATIC;Alfajer;3;5;-2;All Kills;omen;116;218;10;8;4;2;0,92;154;0,26;0;0;0;attack;FNATIC;2;1;Sentinels won;6;4;3;0;5;3;3;0
Valorant Champions 2024;Playoffs;Lower Round 2;Sentinels vs FNATIC;Sunset;Sentinels;zekken;FNATIC;Alfajer;0;1;-1;First Kills;raze;103;238;9;10;6;-1;0,58;147;0,23;2;5;-3;defend;FNATIC;2;1;Sentinels won;6;4;3;0;5;3;3;0
Valorant Champions 2024;Playoffs;Lower Round 2;Sentinels vs FNATIC;Sunset;Sentinels;Sacy;FNATIC;Boaster;0;1;-1;First Kills;gekko;98;225;17;18;8;-1;0,75;154;0,27;2;3;-1;both;FNATIC;2;1;Sentinels won;6;4;3;0;5;3;3;0
Valorant Champions 2024;Playoffs;Lower Round 2;Sentinels vs FNATIC;Sunset;Sentinels;TenZ;FNATIC;Derke;0;1;-1;First Kills;omen;116;218;10;8;4;2;0,92;154;0,26;0;0;0;attack;FNATIC;2;1;Sentinels won;6;4;3;0;5;3;3;0
Valorant Champions 2024;Playoffs;Lower Round 2;Sentinels vs FNATIC;Bind;Sentinels;zekken;FNATIC;hiro;5;5;0;All Kills;raze;74;193;6;9;1;-3;0,6;135;0,17;0;4;-4;defend;FNATIC;2;1;Sentinels won;4;3;1;1;4;5;4;0
Valorant Champions 2024;Playoffs;Lower Round 2;Sentinels vs FNATIC;Bind;Sentinels;johnqt;FNATIC;Chronicle;3;6;-3;All Kills;viper;89;195;15;14;5;1;0,73;122;0,31;4;2;2;both;FNATIC;2;1;Sentinels won;4;3;1;1;4;5;4;0
Valorant Champions 2024;Playoffs;Lower Round 2;Sentinels vs FNATIC;Bind;Sentinels;Sacy;FNATIC;Chronicle;0;7;-7;All Kills;fade;79;221;10;10;3;0;0,67;149;0,35;1;1;0;attack;FNATIC;2;1;Sentinels won;4;3;1;1;4;5;4;0
Valorant Champions 2024;Playoffs;Lower Round 2;Sentinels vs FNATIC;Bind;Sentinels;Zellsis;FNATIC;Chronicle;1;4;-3;All Kills;brimstone;44;41;0;7;6;-7;0,6;31;0,2;0;0;0;defend;FNATIC;2;1;Sentinels won;4;3;1;1;4;5;4;0
Valorant Champions 2024;Playoffs;Lower Round 2;Sentinels vs FNATIC;Bind;Sentinels;zekken;FNATIC;Derke;1;1;0;First Kills;raze;1;255;19;20;5;-1;0,68;179;0,2;4;5;-1;both;FNATIC;2;1;Sentinels won;4;3;1;1;4;5;4;0
Valorant Champions 2024;Playoffs;Lower Round 2;Sentinels vs FNATIC;Bind;Sentinels;johnqt;FNATIC;Derke;0;1;-1;First Kills;viper;81;180;7;8;4;-1;0,75;118;0,31;3;1;2;attack;FNATIC;2;1;Sentinels won;4;3;1;1;4;5;4;0
Valorant Champions 2024;Playoffs;Lower Round 2;Sentinels vs FNATIC;Bind;Sentinels;Sacy;FNATIC;hiro;0;1;-1;First Kills;fade;52;61;2;7;3;-5;0,5;40;0,1;0;2;-2;defend;FNATIC;2;1;Sentinels won;4;3;1;1;4;5;4;0
Valorant Champions 2024;Playoffs;Lower Round 2;Sentinels vs FNATIC;Lotus;Sentinels;zekken;FNATIC;Derke;5;2;3;All Kills;raze;152;282;19;9;7;10;0,79;180;0,16;4;2;2;both;FNATIC;2;1;Sentinels won;5;3;4;1;4;1;0;1
Valorant Champions 2024;Playoffs;Lower Round 2;Sentinels vs FNATIC;Lotus;Sentinels;johnqt;FNATIC;Derke;2;5;-3;All Kills;viper;116;234;10;9;5;1;0,92;157;0,23;1;1;0;attack;FNATIC;2;1;Sentinels won;5;3;4;1;4;1;0;1
Valorant Champions 2024;Playoffs;Lower Round 2;Sentinels vs FNATIC;Lotus;Sentinels;Sacy;FNATIC;Derke;2;0;2;All Kills;fade;106;177;4;4;4;0;0,86;90;0,12;2;0;2;defend;FNATIC;2;1;Sentinels won;5;3;4;1;4;1;0;1
Valorant Champions 2024;Playoffs;Lower Round 2;Sentinels vs FNATIC;Lotus;Sentinels;Zellsis;FNATIC;Boaster;2;2;0;All Kills;killjoy;11;218;16;12;3;4;0,68;147;0,18;1;3;-2;both;FNATIC;2;1;Sentinels won;5;3;4;1;4;1;0;1
Valorant Champions 2024;Playoffs;Lower Round 2;Sentinels vs FNATIC;Lotus;Sentinels;TenZ;FNATIC;Boaster;3;2;1;All Kills;omen;72;158;6;9;5;-3;0,58;111;0,26;0;2;-2;attack;FNATIC;2;1;Sentinels won;5;3;4;1;4;1;0;1
Valorant Champions 2024;Playoffs;Lower Round 2;Sentinels vs FNATIC;Lotus;Sentinels;zekken;FNATIC;Boaster;3;0;3;First Kills;raze;218;331;8;1;5;7;0,86;215;0,11;1;0;1;defend;FNATIC;2;1;Sentinels won;5;3;4;1;4;1;0;1
Valorant Champions 2024;Playoffs;Lower Round 2;Sentinels vs FNATIC;Lotus;Sentinels;Sacy;FNATIC;Chronicle;1;0;1;First Kills;fade;107;163;11;11;10;0;0,89;93;0,19;2;0;2;both;FNATIC;2;1;Sentinels won;5;3;4;1;4;1;0;1
Valorant Champions 2024;Playoffs;Lower Round 2;Sentinels vs FNATIC;Lotus;Sentinels;TenZ;FNATIC;Boaster;2;1;1;First Kills;omen;72;158;6;9;5;-3;0,58;111;0,26;0;2;-2;attack;FNATIC;2;1;Sentinels won;5;3;4;1;4;1;0;1
Valorant Champions 2024;Playoffs;Lower Round 2;Team Heretics vs DRX;Abyss;Team Heretics;RieNs;DRX;BeYN;1;2;-1;All Kills;sova;57;120;5;10;4;-5;0,5;83;0,4;0;1;-1;defend;DRX;2;1;Team Heretics won;0;0;5;0;8;2;3;0
Valorant Champions 2024;Playoffs;Lower Round 2;Team Heretics vs DRX;Abyss;Team Heretics;benjyfishy;DRX;BuZz;1;0;1;All Kills;cypher;34;111;7;16;1;-9;0,56;82;0,35;0;1;-1;both;DRX;2;1;Team Heretics won;0;0;5;0;8;2;3;0
Valorant Champions 2024;Playoffs;Lower Round 2;Team Heretics vs DRX;Abyss;Team Heretics;MiniBoo;DRX;BuZz;3;0;3;All Kills;jett;24;87;2;6;0;-4;0,67;50;0,67;0;3;-3;attack;DRX;2;1;Team Heretics won;0;0;5;0;8;2;3;0
Valorant Champions 2024;Playoffs;Lower Round 2;Team Heretics vs DRX;Abyss;Team Heretics;Boo;DRX;BuZz;6;2;4;All Kills;astra;117;232;9;9;6;0;0,75;130;0,33;2;2;0;defend;DRX;2;1;Team Heretics won;0;0;5;0;8;2;3;0
Valorant Champions 2024;Playoffs;Lower Round 2;Team Heretics vs DRX;Abyss;Team Heretics;RieNs;DRX;MaKo;0;1;-1;First Kills;sova;55;127;8;17;6;-9;0,56;80;0,32;0;1;-1;both;DRX;2;1;Team Heretics won;0;0;5;0;8;2;3;0
Valorant Champions 2024;Playoffs;Lower Round 2;Team Heretics vs DRX;Abyss;Team Heretics;Boo;DRX;Foxy9;1;0;1;First Kills;astra;135;327;6;6;3;0;0,83;221;0,25;2;0;2;attack;DRX;2;1;Team Heretics won;0;0;5;0;8;2;3;0
Valorant Champions 2024;Playoffs;Lower Round 2;Team Heretics vs DRX;Abyss;Team Heretics;Wo0t;DRX;BeYN;1;1;0;First Kills;gekko;96;184;7;8;7;-1;0,58;139;0,19;3;2;1;defend;DRX;2;1;Team Heretics won;0;0;5;0;8;2;3;0
Valorant Champions 2024;Playoffs;Lower Round 2;Team Heretics vs DRX;Sunset;Team Heretics;RieNs;DRX;BuZz;3;3;0;All Kills;sova;149;231;16;6;7;10;0,78;159;0,43;1;1;0;both;DRX;2;1;Team Heretics won;7;1;3;2;4;1;0;0
Valorant Champions 2024;Playoffs;Lower Round 2;Team Heretics vs DRX;Sunset;Team Heretics;benjyfishy;DRX;BuZz;0;4;-4;All Kills;cypher;91;157;3;3;1;0;0,83;97;0,22;0;0;0;attack;DRX;2;1;Team Heretics won;7;1;3;2;4;1;0;0
Valorant Champions 2024;Playoffs;Lower Round 2;Team Heretics vs DRX;Sunset;Team Heretics;MiniBoo;DRX;BuZz;3;3;0;All Kills;raze;171;251;13;7;0;6;0,75;152;0,18;3;2;1;defend;DRX;2;1;Team Heretics won;7;1;3;2;4;1;0;0
Valorant Champions 2024;Playoffs;Lower Round 2;Team Heretics vs DRX;Sunset;Team Heretics;Wo0t;DRX;Foxy9;4;1;3;All Kills;kayo;108;187;12;10;12;2;0,83;122;0,21;2;1;1;both;DRX;2;1;Team Heretics won;7;1;3;2;4;1;0;0
Valorant Champions 2024;Playoffs;Lower Round 2;Team Heretics vs DRX;Sunset;Team Heretics;RieNs;DRX;BuZz;1;1;0;First Kills;sova;244;343;8;0;2;8;1;206;0,47;1;0;1;attack;DRX;2;1;Team Heretics won;7;1;3;2;4;1;0;0
Valorant Champions 2024;Playoffs;Lower Round 2;Team Heretics vs DRX;Sunset;Team Heretics;MiniBoo;DRX;Flashback;0;1;-1;First Kills;raze;171;251;13;7;0;6;0,75;152;0,18;3;2;1;defend;DRX;2;1;Team Heretics won;7;1;3;2;4;1;0;0
Valorant Champions 2024;Playoffs;Lower Round 2;Team Heretics vs DRX;Sunset;Team Heretics;Wo0t;DRX;BeYN;0;1;-1;First Kills;kayo;108;187;12;10;12;2;0,83;122;0,21;2;1;1;both;DRX;2;1;Team Heretics won;7;1;3;2;4;1;0;0
Valorant Champions 2024;Playoffs;Lower Round 2;Team Heretics vs DRX;Icebox;Team Heretics;RieNs;DRX;BeYN;4;4;0;All Kills;sova;2;344;14;4;3;10;0,91;228;0,68;2;1;1;attack;DRX;2;1;Team Heretics won;8;1;4;0;5;4;1;0
Valorant Champions 2024;Playoffs;Lower Round 2;Team Heretics vs DRX;Icebox;Team Heretics;benjyfishy;DRX;BeYN;3;2;1;All Kills;killjoy;146;215;10;6;2;4;0,83;140;0,43;0;1;-1;defend;DRX;2;1;Team Heretics won;8;1;4;0;5;4;1;0
Valorant Champions 2024;Playoffs;Lower Round 2;Team Heretics vs DRX;Icebox;Team Heretics;MiniBoo;DRX;BuZz;5;4;1;All Kills;neon;133;275;23;17;8;6;0,78;174;0,25;5;4;1;both;DRX;2;1;Team Heretics won;8;1;4;0;5;4;1;0
Valorant Champions 2024;Playoffs;Lower Round 2;Team Heretics vs DRX;Icebox;Team Heretics;Boo;DRX;BuZz;2;6;-4;All Kills;viper;95;138;5;7;11;-2;0,73;88;0,75;1;1;0;attack;DRX;2;1;Team Heretics won;8;1;4;0;5;4;1;0
Valorant Champions 2024;Playoffs;Lower Round 2;Team Heretics vs DRX;Icebox;Team Heretics;Wo0t;DRX;BuZz;4;5;-1;All Kills;gekko;157;338;14;10;5;4;1;191;0,41;1;1;0;defend;DRX;2;1;Team Heretics won;8;1;4;0;5;4;1;0
Valorant Champions 2024;Playoffs;Lower Round 2;Team Heretics vs DRX;Icebox;Team Heretics;MiniBoo;DRX;Foxy9;1;0;1;First Kills;neon;133;275;23;17;8;6;0,78;174;0,25;5;4;1;both;DRX;2;1;Team Heretics won;8;1;4;0;5;4;1;0
Valorant Champions 2024;Playoffs;Lower Round 2;Team Heretics vs DRX;Icebox;Team Heretics;Boo;DRX;BeYN;1;0;1;First Kills;viper;95;138;5;7;11;-2;0,73;88;0,75;1;1;0;attack;DRX;2;1;Team Heretics won;8;1;4;0;5;4;1;0
Valorant Champions 2024;Playoffs;Lower Round 2;Team Heretics vs DRX;Icebox;Team Heretics;benjyfishy;DRX;BuZz;0;1;-1;Op Kills;killjoy;146;215;10;6;2;4;0,83;140;0,43;0;1;-1;defend;DRX;2;1;Team Heretics won;8;1;4;0;5;4;1;0
Valorant Champions 2024;Playoffs;Lower Round 3;Team Heretics vs Sentinels;Haven;Team Heretics;Boo;Sentinels;johnqt;1;3;-2;All Kills;sage;88;168;12;16;11;-4;0,67;116;0,4;1;3;-2;both;Sentinels;2;1;Team Heretics won;4;1;2;1;9;0;4;0
Valorant Champions 2024;Playoffs;Lower Round 3;Team Heretics vs Sentinels;Haven;Team Heretics;RieNs;Sentinels;johnqt;3;2;1;All Kills;gekko;43;107;5;10;3;-5;0,58;51;0,13;1;1;0;attack;Sentinels;2;1;Team Heretics won;4;1;2;1;9;0;4;0
Valorant Champions 2024;Playoffs;Lower Round 3;Team Heretics vs Sentinels;Haven;Team Heretics;benjyfishy;Sentinels;johnqt;1;0;1;All Kills;killjoy;9;72;2;8;0;-6;0,44;51;0,2;2;1;1;defend;Sentinels;2;1;Team Heretics won;4;1;2;1;9;0;4;0
Valorant Champions 2024;Playoffs;Lower Round 3;Team Heretics vs Sentinels;Haven;Team Heretics;MiniBoo;Sentinels;zekken;4;5;-1;All Kills;raze;115;237;16;16;2;0;0,86;152;0,22;4;1;3;both;Sentinels;2;1;Team Heretics won;4;1;2;1;9;0;4;0
Valorant Champions 2024;Playoffs;Lower Round 3;Team Heretics vs Sentinels;Haven;Team Heretics;Wo0t;Sentinels;zekken;4;3;1;All Kills;omen;97;201;8;8;3;0;0,58;135;0,36;1;2;-1;attack;Sentinels;2;1;Team Heretics won;4;1;2;1;9;0;4;0
Valorant Champions 2024;Playoffs;Lower Round 3;Team Heretics vs Sentinels;Haven;Team Heretics;Boo;Sentinels;Zellsis;0;1;-1;First Kills;sage;101;191;5;7;6;-2;0,67;114;0,38;1;1;0;defend;Sentinels;2;1;Team Heretics won;4;1;2;1;9;0;4;0
Valorant Champions 2024;Playoffs;Lower Round 3;Team Heretics vs Sentinels;Haven;Team Heretics;MiniBoo;Sentinels;TenZ;1;0;1;First Kills;raze;115;237;16;16;2;0;0,86;152;0,22;4;1;3;both;Sentinels;2;1;Team Heretics won;4;1;2;1;9;0;4;0
Valorant Champions 2024;Playoffs;Lower Round 3;Team Heretics vs Sentinels;Haven;Team Heretics;Wo0t;Sentinels;johnqt;1;1;0;First Kills;omen;97;201;8;8;3;0;0,58;135;0,36;1;2;-1;attack;Sentinels;2;1;Team Heretics won;4;1;2;1;9;0;4;0
Valorant Champions 2024;Playoffs;Lower Round 3;Team Heretics vs Sentinels;Icebox;Team Heretics;Boo;Sentinels;TenZ;5;2;3;All Kills;viper;183;280;11;3;4;8;0,8;167;0,2;2;0;2;defend;Sentinels;2;1;Team Heretics won;11;0;2;0;4;0;5;0
Valorant Champions 2024;Playoffs;Lower Round 3;Team Heretics vs Sentinels;Icebox;Team Heretics;RieNs;Sentinels;johnqt;4;0;4;All Kills;sova;98;201;15;11;4;4;0,68;138;0,41;0;2;-2;both;Sentinels;2;1;Team Heretics won;11;0;2;0;4;0;5;0
Valorant Champions 2024;Playoffs;Lower Round 3;Team Heretics vs Sentinels;Icebox;Team Heretics;benjyfishy;Sentinels;johnqt;7;0;7;All Kills;killjoy;52;89;4;8;0;-4;0,42;52;0,18;0;0;0;attack;Sentinels;2;1;Team Heretics won;11;0;2;0;4;0;5;0
Valorant Champions 2024;Playoffs;Lower Round 3;Team Heretics vs Sentinels;Icebox;Team Heretics;MiniBoo;Sentinels;johnqt;2;2;0;All Kills;neon;127;218;8;5;3;3;0,7;143;0,29;1;1;0;defend;Sentinels;2;1;Team Heretics won;11;0;2;0;4;0;5;0
Valorant Champions 2024;Playoffs;Lower Round 3;Team Heretics vs Sentinels;Icebox;Team Heretics;Wo0t;Sentinels;zekken;2;4;-2;All Kills;gekko;76;143;11;14;4;-3;0,59;90;0,38;3;2;1;both;Sentinels;2;1;Team Heretics won;11;0;2;0;4;0;5;0
Valorant Champions 2024;Playoffs;Lower Round 3;Team Heretics vs Sentinels;Icebox;Team Heretics;Boo;Sentinels;zekken;2;0;2;First Kills;viper;102;223;9;9;1;0;0,92;128;0,69;3;1;2;attack;Sentinels;2;1;Team Heretics won;11;0;2;0;4;0;5;0
Valorant Champions 2024;Playoffs;Lower Round 3;Team Heretics vs Sentinels;Icebox;Team Heretics;MiniBoo;Sentinels;Sacy;2;1;1;First Kills;neon;127;218;8;5;3;3;0,7;143;0,29;1;1;0;defend;Sentinels;2;1;Team Heretics won;11;0;2;0;4;0;5;0
Valorant Champions 2024;Playoffs;Lower Round 3;Team Heretics vs Sentinels;Icebox;Team Heretics;Wo0t;Sentinels;johnqt;0;1;-1;First Kills;gekko;76;143;11;14;4;-3;0,59;90;0,38;3;2;1;both;Sentinels;2;1;Team Heretics won;11;0;2;0;4;0;5;0
Valorant Champions 2024;Playoffs;Lower Round 3;Team Heretics vs Sentinels;Abyss;Team Heretics;Boo;Sentinels;johnqt;3;1;2;All Kills;astra;64;154;3;7;10;-4;0,75;98;0,06;0;1;-1;attack;Sentinels;2;1;Team Heretics won;7;2;3;1;4;1;2;0
Valorant Champions 2024;Playoffs;Lower Round 3;Team Heretics vs Sentinels;Abyss;Team Heretics;RieNs;Sentinels;johnqt;6;2;4;All Kills;sova;15;334;14;8;4;6;0,75;233;0,42;2;2;0;defend;Sentinels;2;1;Team Heretics won;7;2;3;1;4;1;2;0
Valorant Champions 2024;Playoffs;Lower Round 3;Team Heretics vs Sentinels;Abyss;Team Heretics;benjyfishy;Sentinels;zekken;3;6;-3;All Kills;cypher;103;230;18;13;3;5;0,75;150;0,47;0;3;-3;both;Sentinels;2;1;Team Heretics won;7;2;3;1;4;1;2;0
Valorant Champions 2024;Playoffs;Lower Round 3;Team Heretics vs Sentinels;Abyss;Team Heretics;MiniBoo;Sentinels;zekken;3;6;-3;All Kills;jett;1;200;6;5;1;1;0,5;146;0,4;0;1;-1;attack;Sentinels;2;1;Team Heretics won;7;2;3;1;4;1;2;0
Valorant Champions 2024;Playoffs;Lower Round 3;Team Heretics vs Sentinels;Abyss;Team Heretics;Wo0t;Sentinels;zekken;4;4;0;All Kills;gekko;94;112;5;5;2;0;0,75;78;0,67;1;0;1;defend;Sentinels;2;1;Team Heretics won;7;2;3;1;4;1;2;0
Valorant Champions 2024;Playoffs;Lower Round 3;Team Heretics vs Sentinels;Abyss;Team Heretics;RieNs;Sentinels;johnqt;1;1;0;First Kills;sova;163;325;24;13;6;11;0,85;229;0,44;5;2;3;both;Sentinels;2;1;Team Heretics won;7;2;3;1;4;1;2;0
Valorant Champions 2024;Playoffs;Lower Round 3;Team Heretics vs Sentinels;Abyss;Team Heretics;MiniBoo;Sentinels;johnqt;1;0;1;First Kills;jett;1;200;6;5;1;1;0,5;146;0,4;0;1;-1;attack;Sentinels;2;1;Team Heretics won;7;2;3;1;4;1;2;0
Champions Tour 2024: Americas Stage 2;Regular Season;Week 1;Sentinels vs NRG Esports;Lotus;Sentinels;TenZ;NRG Esports;crashies;2;3;-1;All Kills;omen;104;229;6;7;7;-1;0,78;152;0,09;1;0;1;defend;NRG Esports;2;0;Sentinels won;10;1;2;0;3;2;3;0
Champions Tour 2024: Americas Stage 2;Regular Season;Week 1;Sentinels vs NRG Esports;Lotus;Sentinels;johnqt;NRG Esports;Victor;1;4;-3;All Kills;deadlock;9;134;10;11;5;-1;0,67;96;0,46;2;2;0;both;NRG Esports;2;0;Sentinels won;10;1;2;0;3;2;3;0
Champions Tour 2024: Americas Stage 2;Regular Season;Week 1;Sentinels vs NRG Esports;Lotus;Sentinels;Zellsis;NRG Esports;Victor;3;1;2;All Kills;cypher;127;223;9;6;3;3;0,75;150;0,28;1;0;1;attack;NRG Esports;2;0;Sentinels won;10;1;2;0;3;2;3;0
Champions Tour 2024: Americas Stage 2;Regular Season;Week 1;Sentinels vs NRG Esports;Lotus;Sentinels;zekken;NRG Esports;Victor;5;1;4;All Kills;raze;141;280;7;5;5;2;0,78;196;0,23;3;2;1;defend;NRG Esports;2;0;Sentinels won;10;1;2;0;3;2;3;0
Champions Tour 2024: Americas Stage 2;Regular Season;Week 1;Sentinels vs NRG Esports;Lotus;Sentinels;Sacy;NRG Esports;Ethan;5;2;3;All Kills;fade;147;245;19;10;9;9;0,86;161;0,39;0;2;-2;both;NRG Esports;2;0;Sentinels won;10;1;2;0;3;2;3;0
Champions Tour 2024: Americas Stage 2;Regular Season;Week 1;Sentinels vs NRG Esports;Lotus;Sentinels;Zellsis;NRG Esports;s0m;1;0;1;First Kills;cypher;127;223;9;6;3;3;0,75;150;0,28;1;0;1;attack;NRG Esports;2;0;Sentinels won;10;1;2;0;3;2;3;0
Champions Tour 2024: Americas Stage 2;Regular Season;Week 1;Sentinels vs NRG Esports;Lotus;Sentinels;zekken;NRG Esports;FiNESSE;0;1;-1;First Kills;raze;141;280;7;5;5;2;0,78;196;0,23;3;2;1;defend;NRG Esports;2;0;Sentinels won;10;1;2;0;3;2;3;0
Champions Tour 2024: Americas Stage 2;Regular Season;Week 1;Sentinels vs NRG Esports;Sunset;Sentinels;TenZ;NRG Esports;Victor;3;7;-4;All Kills;omen;138;229;23;16;10;7;0,77;140;0,29;4;2;2;both;NRG Esports;2;0;Sentinels won;11;2;1;0;7;3;2;0
Champions Tour 2024: Americas Stage 2;Regular Season;Week 1;Sentinels vs NRG Esports;Sunset;Sentinels;johnqt;NRG Esports;Victor;5;2;3;All Kills;cypher;54;99;4;8;2;-4;0,62;73;0,25;0;2;-2;attack;NRG Esports;2;0;Sentinels won;11;2;1;0;7;3;2;0
Champions Tour 2024: Americas Stage 2;Regular Season;Week 1;Sentinels vs NRG Esports;Sunset;Sentinels;Zellsis;NRG Esports;Victor;6;2;4;All Kills;breach;111;190;8;8;8;0;0,77;113;0,36;0;1;-1;defend;NRG Esports;2;0;Sentinels won;11;2;1;0;7;3;2;0
Champions Tour 2024: Americas Stage 2;Regular Season;Week 1;Sentinels vs NRG Esports;Sunset;Sentinels;zekken;NRG Esports;Ethan;4;7;-3;All Kills;raze;136;294;24;19;14;5;0,77;206;0,28;5;4;1;both;NRG Esports;2;0;Sentinels won;11;2;1;0;7;3;2;0
Champions Tour 2024: Americas Stage 2;Regular Season;Week 1;Sentinels vs NRG Esports;Sunset;Sentinels;Sacy;NRG Esports;Ethan;2;4;-2;All Kills;gekko;121;180;10;5;4;5;0,85;127;0,36;1;1;0;attack;NRG Esports;2;0;Sentinels won;11;2;1;0;7;3;2;0
Champions Tour 2024: Americas Stage 2;Regular Season;Week 1;Sentinels vs NRG Esports;Sunset;Sentinels;TenZ;NRG Esports;Ethan;3;0;3;First Kills;omen;11;211;10;10;5;0;0,69;114;0,2;2;2;0;defend;NRG Esports;2;0;Sentinels won;11;2;1;0;7;3;2;0
Champions Tour 2024: Americas Stage 2;Regular Season;Week 1;Sentinels vs NRG Esports;Sunset;Sentinels;zekken;NRG Esports;Ethan;0;2;-2;First Kills;raze;136;294;24;19;14;5;0,77;206;0,28;5;4;1;both;NRG Esports;2;0;Sentinels won;11;2;1;0;7;3;2;0
Champions Tour 2024: Americas Stage 2;Regular Season;Week 1;Sentinels vs NRG Esports;Sunset;Sentinels;TenZ;NRG Esports;Ethan;1;0;1;Op Kills;omen;167;249;13;6;5;7;0,85;166;0,37;2;0;2;attack;NRG Esports;2;0;Sentinels won;11;2;1;0;7;3;2;0
Champions Tour 2024: Americas Stage 2;Regular Season;Week 1;LOUD vs Evil Geniuses;Lotus;LOUD;saadhak;Evil Geniuses;jawgemo;3;5;-2;All Kills;neon;124;301;12;9;4;3;0,92;188;0,22;1;3;-2;defend;Evil Geniuses;1;2;Evil Geniuses won;9;2;2;0;5;1;1;0
Champions Tour 2024: Americas Stage 2;Regular Season;Week 1;LOUD vs Evil Geniuses;Lotus;LOUD;cauanzin;Evil Geniuses;Apoth;4;2;2;All Kills;fade;113;236;17;13;8;4;0,75;146;0,22;0;4;-4;both;Evil Geniuses;1;2;Evil Geniuses won;9;2;2;0;5;1;1;0
Champions Tour 2024: Americas Stage 2;Regular Season;Week 1;LOUD vs Evil Geniuses;Lotus;LOUD;Less;Evil Geniuses;Apoth;2;0;2;All Kills;cypher;192;275;9;3;2;6;0,88;182;0,5;1;0;1;attack;Evil Geniuses;1;2;Evil Geniuses won;9;2;2;0;5;1;1;0
Champions Tour 2024: Americas Stage 2;Regular Season;Week 1;LOUD vs Evil Geniuses;Lotus;LOUD;tuyz;Evil Geniuses;Apoth;3;2;1;All Kills;gekko;13;272;12;8;4;4;0,67;172;0,26;0;1;-1;defend;Evil Geniuses;1;2;Evil Geniuses won;9;2;2;0;5;1;1;0
Champions Tour 2024: Americas Stage 2;Regular Season;Week 1;LOUD vs Evil Geniuses;Lotus;LOUD;saadhak;Evil Geniuses;supamen;1;0;1;First Kills;neon;13;299;20;15;7;5;0,85;188;0,22;3;4;-1;both;Evil Geniuses;1;2;Evil Geniuses won;9;2;2;0;5;1;1;0
Champions Tour 2024: Americas Stage 2;Regular Season;Week 1;LOUD vs Evil Geniuses;Lotus;LOUD;Less;Evil Geniuses;supamen;1;0;1;First Kills;cypher;192;275;9;3;2;6;0,88;182;0,5;1;0;1;attack;Evil Geniuses;1;2;Evil Geniuses won;9;2;2;0;5;1;1;0
Champions Tour 2024: Americas Stage 2;Regular Season;Week 1;LOUD vs Evil Geniuses;Lotus;LOUD;pANcada;Evil Geniuses;NaturE;1;0;1;First Kills;omen;78;112;5;7;7;-2;0,83;49;0,4;1;1;0;defend;Evil Geniuses;1;2;Evil Geniuses won;9;2;2;0;5;1;1;0
Champions Tour 2024: Americas Stage 2;Regular Season;Week 1;LOUD vs Evil Geniuses;Sunset;LOUD;saadhak;Evil Geniuses;supamen;4;2;2;All Kills;neon;74;198;11;16;5;-5;0,68;135;0,23;2;5;-3;both;Evil Geniuses;1;2;Evil Geniuses won;3;0;3;0;7;3;3;0
Champions Tour 2024: Americas Stage 2;Regular Season;Week 1;LOUD vs Evil Geniuses;Sunset;LOUD;cauanzin;Evil Geniuses;supamen;1;3;-2;All Kills;breach;64;165;4;7;0;-3;0,71;135;0,4;0;0;0;attack;Evil Geniuses;1;2;Evil Geniuses won;3;0;3;0;7;3;3;0
Champions Tour 2024: Americas Stage 2;Regular Season;Week 1;LOUD vs Evil Geniuses;Sunset;LOUD;Less;Evil Geniuses;supamen;4;0;4;All Kills;cypher;107;180;9;6;0;3;0,75;112;0,16;0;1;-1;defend;Evil Geniuses;1;2;Evil Geniuses won;3;0;3;0;7;3;3;0
Champions Tour 2024: Americas Stage 2;Regular Season;Week 1;LOUD vs Evil Geniuses;Sunset;LOUD;tuyz;Evil Geniuses;jawgemo;2;3;-1;All Kills;gekko;61;143;9;15;3;-6;0,68;103;0,4;2;2;0;both;Evil Geniuses;1;2;Evil Geniuses won;3;0;3;0;7;3;3;0
Champions Tour 2024: Americas Stage 2;Regular Season;Week 1;LOUD vs Evil Geniuses;Sunset;LOUD;pANcada;Evil Geniuses;jawgemo;2;4;-2;All Kills;omen;16;48;0;7;5;-7;0,57;41;0,14;0;2;-2;attack;Evil Geniuses;1;2;Evil Geniuses won;3;0;3;0;7;3;3;0
Champions Tour 2024: Americas Stage 2;Regular Season;Week 1;LOUD vs Evil Geniuses;Sunset;LOUD;cauanzin;Evil Geniuses;NaturE;1;0;1;First Kills;breach;118;243;10;8;8;2;0,92;173;0,26;1;1;0;defend;Evil Geniuses;1;2;Evil Geniuses won;3;0;3;0;7;3;3;0
Champions Tour 2024: Americas Stage 2;Regular Season;Week 1;LOUD vs Evil Geniuses;Sunset;LOUD;tuyz;Evil Geniuses;jawgemo;0;1;-1;First Kills;gekko;61;143;9;15;3;-6;0,68;103;0,4;2;2;0;both;Evil Geniuses;1;2;Evil Geniuses won;3;0;3;0;7;3;3;0
Champions Tour 2024: Americas Stage 2;Regular Season;Week 1;LOUD vs Evil Geniuses;Icebox;LOUD;saadhak;Evil Geniuses;supamen;5;7;-2;All Kills;gekko;82;191;7;9;3;-2;0,75;140;0,36;3;2;1;attack;Evil Geniuses;1;2;Evil Geniuses won;8;0;3;0;8;1;3;1
Champions Tour 2024: Americas Stage 2;Regular Season;Week 1;LOUD vs Evil Geniuses;Icebox;LOUD;cauanzin;Evil Geniuses;supamen;3;5;-2;All Kills;kayo;93;221;8;9;3;-1;0,75;144;0,14;2;1;1;defend;Evil Geniuses;1;2;Evil Geniuses won;8;0;3;0;8;1;3;1
Champions Tour 2024: Americas Stage 2;Regular Season;Week 1;LOUD vs Evil Geniuses;Icebox;LOUD;Less;Evil Geniuses;jawgemo;2;4;-2;All Kills;killjoy;99;205;17;15;5;2;0,58;122;0,21;1;3;-2;both;Evil Geniuses;1;2;Evil Geniuses won;8;0;3;0;8;1;3;1
Champions Tour 2024: Americas Stage 2;Regular Season;Week 1;LOUD vs Evil Geniuses;Icebox;LOUD;tuyz;Evil Geniuses;jawgemo;4;5;-1;All Kills;omen;13;249;11;7;3;4;0,92;173;0,29;0;0;0;attack;Evil Geniuses;1;2;Evil Geniuses won;8;0;3;0;8;1;3;1
Champions Tour 2024: Americas Stage 2;Regular Season;Week 1;LOUD vs Evil Geniuses;Icebox;LOUD;pANcada;Evil Geniuses;jawgemo;3;4;-1;All Kills;viper;83;147;6;6;3;0;0,58;109;0,38;1;1;0;defend;Evil Geniuses;1;2;Evil Geniuses won;8;0;3;0;8;1;3;1
Champions Tour 2024: Americas Stage 2;Regular Season;Week 1;LOUD vs Evil Geniuses;Icebox;LOUD;cauanzin;Evil Geniuses;supamen;2;1;1;First Kills;kayo;104;260;21;17;7;4;0,83;179;0,25;4;2;2;both;Evil Geniuses;1;2;Evil Geniuses won;8;0;3;0;8;1;3;1
Champions Tour 2024: Americas Stage 2;Regular Season;Week 1;LOUD vs Evil Geniuses;Icebox;LOUD;Less;Evil Geniuses;jawgemo;0;1;-1;First Kills;killjoy;126;246;11;7;2;4;0,58;135;0,33;1;1;0;attack;Evil Geniuses;1;2;Evil Geniuses won;8;0;3;0;8;1;3;1
Champions Tour 2024: Americas Stage 2;Regular Season;Week 1;LOUD vs Evil Geniuses;Icebox;LOUD;pANcada;Evil Geniuses;supamen;1;0;1;First Kills;viper;83;147;6;6;3;0;0,58;109;0,38;1;1;0;defend;Evil Geniuses;1;2;Evil Geniuses won;8;0;3;0;8;1;3;1
Champions Tour 2024: Americas Stage 2;Regular Season;Week 1;G2 Esports vs Cloud9;Ascent;G2 Esports;icy;Cloud9;vanity;5;2;3;All Kills;neon;93;176;16;16;6;1;0,63;104;0,24;2;6;-4;both;Cloud9;2;1;G2 Esports won;10;0;2;1;7;0;3;1
Champions Tour 2024: Americas Stage 2;Regular Season;Week 1;G2 Esports vs Cloud9;Ascent;G2 Esports;trent;Cloud9;vanity;2;3;-1;All Kills;sova;96;202;8;9;3;0,89;0,58;146;0,28;1;3;-2;attack;Cloud9;2;1;G2 Esports won;10;0;2;1;7;0;3;1
Champions Tour 2024: Americas Stage 2;Regular Season;Week 1;G2 Esports vs Cloud9;Ascent;G2 Esports;leaf;Cloud9;vanity;2;2;0;All Kills;killjoy;1;181;8;7;3;1,14;0,75;116;0,11;1;0;1;defend;Cloud9;2;1;G2 Esports won;10;0;2;1;7;0;3;1
Champions Tour 2024: Americas Stage 2;Regular Season;Week 1;G2 Esports vs Cloud9;Ascent;G2 Esports;JonahP;Cloud9;OXY;7;2;5;All Kills;kayo;102;176;14;17;17;0,82;0,71;113;0,33;3;2;1;both;Cloud9;2;1;G2 Esports won;10;0;2;1;7;0;3;1
Champions Tour 2024: Americas Stage 2;Regular Season;Week 1;G2 Esports vs Cloud9;Ascent;G2 Esports;icy;Cloud9;OXY;0;2;-2;First Kills;neon;62;127;6;9;1;0,67;0,5;84;0,26;0;5;-5;attack;Cloud9;2;1;G2 Esports won;10;0;2;1;7;0;3;1
Champions Tour 2024: Americas Stage 2;Regular Season;Week 1;G2 Esports vs Cloud9;Ascent;G2 Esports;trent;Cloud9;moose;1;0;1;First Kills;sova;125;162;8;5;1;1,6;0,83;91;0,21;1;0;1;defend;Cloud9;2;1;G2 Esports won;10;0;2;1;7;0;3;1
Champions Tour 2024: Americas Stage 2;Regular Season;Week 1;G2 Esports vs Cloud9;Ascent;G2 Esports;valyn;Cloud9;Xeppaa;1;0;1;First Kills;omen;117;205;19;17;6;1,12;0,79;137;0,32;2;1;1;both;Cloud9;2;1;G2 Esports won;10;0;2;1;7;0;3;1
Champions Tour 2024: Americas Stage 2;Regular Season;Week 1;G2 Esports vs Cloud9;Ascent;G2 Esports;trent;Cloud9;OXY;0;1;-1;Op Kills;sova;96;202;8;9;3;0,89;0,58;146;0,28;1;3;-2;attack;Cloud9;2;1;G2 Esports won;10;0;2;1;7;0;3;1
Champions Tour 2024: Americas Stage 2;Regular Season;Week 1;G2 Esports vs Cloud9;Icebox;G2 Esports;icy;Cloud9;moose;1;4;-3;All Kills;gekko;53;131;5;11;5;0,45;0,58;90;0,35;1;2;-1;defend;Cloud9;2;1;G2 Esports won;2;2;1;0;7;3;3;0
Champions Tour 2024: Americas Stage 2;Regular Season;Week 1;G2 Esports vs Cloud9;Icebox;G2 Esports;trent;Cloud9;Xeppaa;2;3;-1;All Kills;sova;94;172;11;13;5;0,85;0,61;108;0,29;2;2;0;both;Cloud9;2;1;G2 Esports won;2;2;1;0;7;3;3;0
Champions Tour 2024: Americas Stage 2;Regular Season;Week 1;G2 Esports vs Cloud9;Icebox;G2 Esports;leaf;Cloud9;Xeppaa;1;1;0;All Kills;killjoy;77;164;4;4;0;1;0,5;108;0,31;0;3;-3;attack;Cloud9;2;1;G2 Esports won;2;2;1;0;7;3;3;0
Champions Tour 2024: Americas Stage 2;Regular Season;Week 1;G2 Esports vs Cloud9;Icebox;G2 Esports;valyn;Cloud9;Xeppaa;5;3;2;All Kills;harbor;141;293;12;9;2;1,33;0,83;160;0,22;2;1;1;defend;Cloud9;2;1;G2 Esports won;2;2;1;0;7;3;3;0
Champions Tour 2024: Americas Stage 2;Regular Season;Week 1;G2 Esports vs Cloud9;Icebox;G2 Esports;JonahP;Cloud9;vanity;3;1;2;All Kills;viper;63;168;10;15;3;0,67;0,44;106;0,21;1;2;-1;both;Cloud9;2;1;G2 Esports won;2;2;1;0;7;3;3;0
Champions Tour 2024: Americas Stage 2;Regular Season;Week 1;G2 Esports vs Cloud9;Icebox;G2 Esports;trent;Cloud9;vanity;0;1;-1;First Kills;sova;5;110;2;4;3;0,5;0,83;64;0,29;1;0;1;attack;Cloud9;2;1;G2 Esports won;2;2;1;0;7;3;3;0
Champions Tour 2024: Americas Stage 2;Regular Season;Week 1;G2 Esports vs Cloud9;Icebox;G2 Esports;JonahP;Cloud9;OXY;1;1;0;First Kills;viper;29;120;4;11;2;0,36;0,25;86;0,22;0;2;-2;defend;Cloud9;2;1;G2 Esports won;2;2;1;0;7;3;3;0
Champions Tour 2024: Americas Stage 2;Regular Season;Week 1;G2 Esports vs Cloud9;Lotus;G2 Esports;icy;Cloud9;Xeppaa;3;1;2;All Kills;raze;96;182;14;13;5;1,08;0,67;123;0,11;1;0;1;both;Cloud9;2;1;G2 Esports won;5;2;5;1;5;0;3;0
Champions Tour 2024: Americas Stage 2;Regular Season;Week 1;G2 Esports vs Cloud9;Lotus;G2 Esports;trent;Cloud9;Xeppaa;1;2;-1;All Kills;fade;85;160;8;9;0;0,89;0,67;106;0,29;0;1;-1;attack;Cloud9;2;1;G2 Esports won;5;2;5;1;5;0;3;0
Champions Tour 2024: Americas Stage 2;Regular Season;Week 1;G2 Esports vs Cloud9;Lotus;G2 Esports;leaf;Cloud9;Xeppaa;4;0;4;All Kills;killjoy;274;409;15;0;3;15;1;277;0,24;1;0;1;defend;Cloud9;2;1;G2 Esports won;5;2;5;1;5;0;3;0
Champions Tour 2024: Americas Stage 2;Regular Season;Week 1;G2 Esports vs Cloud9;Lotus;G2 Esports;valyn;Cloud9;vanity;2;3;-1;All Kills;omen;87;167;11;14;8;0,79;0,76;106;0,21;6;3;3;both;Cloud9;2;1;G2 Esports won;5;2;5;1;5;0;3;0
Champions Tour 2024: Americas Stage 2;Regular Season;Week 1;G2 Esports vs Cloud9;Lotus;G2 Esports;JonahP;Cloud9;vanity;2;4;-2;All Kills;viper;84;128;6;8;1;0,75;0,58;70;0,12;2;1;1;attack;Cloud9;2;1;G2 Esports won;5;2;5;1;5;0;3;0
Champions Tour 2024: Americas Stage 2;Regular Season;Week 1;G2 Esports vs Cloud9;Lotus;G2 Esports;leaf;Cloud9;Xeppaa;1;0;1;First Kills;killjoy;274;409;15;0;3;15;1;277;0,24;1;0;1;defend;Cloud9;2;1;G2 Esports won;5;2;5;1;5;0;3;0
Champions Tour 2024: Americas Stage 2;Regular Season;Week 1;G2 Esports vs Cloud9;Lotus;G2 Esports;valyn;Cloud9;vanity;1;0;1;First Kills;omen;87;167;11;14;8;0,79;0,76;106;0,21;6;3;3;both;Cloud9;2;1;G2 Esports won;5;2;5;1;5;0;3;0
Champions Tour 2024: Americas Stage 2;Regular Season;Week 2;Evil Geniuses vs FURIA;Bind;Evil Geniuses;jawgemo;FURIA;xand;4;1;3;All Kills;raze;165;344;14;7;7;7;1;244;0,28;2;0;2;attack;FURIA;2;0;Evil Geniuses won;8;2;2;1;1;1;3;0
Champions Tour 2024: Americas Stage 2;Regular Season;Week 2;Evil Geniuses vs FURIA;Bind;Evil Geniuses;Derrek;FURIA;xand;1;1;0;All Kills;gekko;131;216;5;3;2;2;1;159;0,63;2;0;2;defend;FURIA;2;0;Evil Geniuses won;8;2;2;1;1;1;3;0
Champions Tour 2024: Americas Stage 2;Regular Season;Week 2;Evil Geniuses vs FURIA;Bind;Evil Geniuses;Apoth;FURIA;havoc;4;1;3;All Kills;brimstone;16;254;18;8;12;10;0,94;158;0,24;2;4;-2;both;FURIA;2;0;Evil Geniuses won;8;2;2;1;1;1;3;0
Champions Tour 2024: Americas Stage 2;Regular Season;Week 2;Evil Geniuses vs FURIA;Bind;Evil Geniuses;supamen;FURIA;havoc;4;1;3;All Kills;omen;172;262;14;6;2;8;0,83;204;0,52;0;1;-1;attack;FURIA;2;0;Evil Geniuses won;8;2;2;1;1;1;3;0
Champions Tour 2024: Americas Stage 2;Regular Season;Week 2;Evil Geniuses vs FURIA;Bind;Evil Geniuses;NaturE;FURIA;havoc;2;0;2;All Kills;skye;46;25;0;3;2;-3;0,67;25;0,25;0;0;0;defend;FURIA;2;0;Evil Geniuses won;8;2;2;1;1;1;3;0
Champions Tour 2024: Americas Stage 2;Regular Season;Week 2;Evil Geniuses vs FURIA;Bind;Evil Geniuses;Derrek;FURIA;havoc;2;0;2;First Kills;gekko;102;205;14;11;7;3;0,94;132;0,44;4;1;3;both;FURIA;2;0;Evil Geniuses won;8;2;2;1;1;1;3;0
Champions Tour 2024: Americas Stage 2;Regular Season;Week 2;Evil Geniuses vs FURIA;Bind;Evil Geniuses;Apoth;FURIA;nzr;1;1;0;First Kills;brimstone;124;172;9;6;6;3;0,92;112;0,25;0;4;-4;attack;FURIA;2;0;Evil Geniuses won;8;2;2;1;1;1;3;0
Champions Tour 2024: Americas Stage 2;Regular Season;Week 2;Evil Geniuses vs FURIA;Lotus;Evil Geniuses;jawgemo;FURIA;xand;8;1;7;All Kills;neon;171;423;17;9;5;8;1;283;0,36;7;2;5;defend;FURIA;2;0;Evil Geniuses won;8;0;5;0;3;0;1;0
Champions Tour 2024: Americas Stage 2;Regular Season;Week 2;Evil Geniuses vs FURIA;Lotus;Evil Geniuses;Derrek;FURIA;havoc;4;4;0;All Kills;fade;138;253;15;10;10;5;0,88;185;0,35;1;0;1;both;FURIA;2;0;Evil Geniuses won;8;0;5;0;3;0;1;0
Champions Tour 2024: Americas Stage 2;Regular Season;Week 2;Evil Geniuses vs FURIA;Lotus;Evil Geniuses;Apoth;FURIA;havoc;0;3;-3;All Kills;cypher;14;235;4;4;2;0;0,6;124;0,63;0;1;-1;attack;FURIA;2;0;Evil Geniuses won;8;0;5;0;3;0;1;0
Champions Tour 2024: Americas Stage 2;Regular Season;Week 2;Evil Geniuses vs FURIA;Lotus;Evil Geniuses;supamen;FURIA;havoc;2;2;0;All Kills;omen;142;158;9;3;7;6;0,92;91;0,38;1;1;0;defend;FURIA;2;0;Evil Geniuses won;8;0;5;0;3;0;1;0
Champions Tour 2024: Americas Stage 2;Regular Season;Week 2;Evil Geniuses vs FURIA;Lotus;Evil Geniuses;NaturE;FURIA;mwzera;5;2;3;All Kills;breach;143;250;17;8;9;9;0,88;153;0,44;1;0;1;both;FURIA;2;0;Evil Geniuses won;8;0;5;0;3;0;1;0
Champions Tour 2024: Americas Stage 2;Regular Season;Week 2;Evil Geniuses vs FURIA;Lotus;Evil Geniuses;jawgemo;FURIA;mwzera;2;1;1;First Kills;neon;116;328;6;5;0;1;0,8;177;0,11;1;1;0;attack;FURIA;2;0;Evil Geniuses won;8;0;5;0;3;0;1;0
Champions Tour 2024: Americas Stage 2;Regular Season;Week 2;Evil Geniuses vs FURIA;Lotus;Evil Geniuses;supamen;FURIA;xand;1;0;1;First Kills;omen;142;158;9;3;7;6;0,92;91;0,38;1;1;0;defend;FURIA;2;0;Evil Geniuses won;8;0;5;0;3;0;1;0
Champions Tour 2024: Americas Stage 2;Regular Season;Week 2;Sentinels vs KRÜ Esports;Lotus;Sentinels;johnqt;KRÜ Esports;Shyy;6;2;4;All Kills;cypher;108;185;15;14;8;1;0,71;133;0,31;0;1;-1;both;KRÜ Esports;2;0;Sentinels won;6;3;4;0;6;2;1;2
Champions Tour 2024: Americas Stage 2;Regular Season;Week 2;Sentinels vs KRÜ Esports;Lotus;Sentinels;zekken;KRÜ Esports;Shyy;3;2;1;All Kills;raze;165;369;13;9;6;4;0,75;266;0,18;3;1;2;attack;KRÜ Esports;2;0;Sentinels won;6;3;4;0;6;2;1;2
Champions Tour 2024: Americas Stage 2;Regular Season;Week 2;Sentinels vs KRÜ Esports;Lotus;Sentinels;Sacy;KRÜ Esports;Shyy;3;2;1;All Kills;fade;112;189;8;8;6;0;0,75;100;0,16;2;1;1;defend;KRÜ Esports;2;0;Sentinels won;6;3;4;0;6;2;1;2
Champions Tour 2024: Americas Stage 2;Regular Season;Week 2;Sentinels vs KRÜ Esports;Lotus;Sentinels;Zellsis;KRÜ Esports;Klaus;4;2;2;All Kills;breach;121;151;13;11;15;2;0,88;97;0,24;0;0;0;both;KRÜ Esports;2;0;Sentinels won;6;3;4;0;6;2;1;2
Champions Tour 2024: Americas Stage 2;Regular Season;Week 2;Sentinels vs KRÜ Esports;Lotus;Sentinels;TenZ;KRÜ Esports;Klaus;3;4;-1;All Kills;omen;69;135;6;9;4;-3;0,33;95;0,33;0;2;-2;attack;KRÜ Esports;2;0;Sentinels won;6;3;4;0;6;2;1;2
Champions Tour 2024: Americas Stage 2;Regular Season;Week 2;Sentinels vs KRÜ Esports;Lotus;Sentinels;zekken;KRÜ Esports;Klaus;2;0;2;First Kills;raze;99;234;9;11;6;-2;0,75;149;0,11;1;2;-1;defend;KRÜ Esports;2;0;Sentinels won;6;3;4;0;6;2;1;2
Champions Tour 2024: Americas Stage 2;Regular Season;Week 2;Sentinels vs KRÜ Esports;Lotus;Sentinels;TenZ;KRÜ Esports;Melser;3;0;3;First Kills;omen;123;247;21;16;6;5;0,58;160;0,33;3;5;-2;both;KRÜ Esports;2;0;Sentinels won;6;3;4;0;6;2;1;2
Champions Tour 2024: Americas Stage 2;Regular Season;Week 2;Sentinels vs KRÜ Esports;Split;Sentinels;johnqt;KRÜ Esports;heat;1;3;-2;All Kills;cypher;58;77;4;7;0;-3;0,75;59;0,25;0;3;-3;attack;KRÜ Esports;2;0;Sentinels won;5;4;2;2;7;1;2;0
Champions Tour 2024: Americas Stage 2;Regular Season;Week 2;Sentinels vs KRÜ Esports;Split;Sentinels;zekken;KRÜ Esports;heat;7;6;1;All Kills;raze;38;119;4;10;1;-6;0,64;79;0,23;1;1;0;defend;KRÜ Esports;2;0;Sentinels won;5;4;2;2;7;1;2;0
Champions Tour 2024: Americas Stage 2;Regular Season;Week 2;Sentinels vs KRÜ Esports;Split;Sentinels;Sacy;KRÜ Esports;keznit;4;4;0;All Kills;skye;113;198;15;13;4;2;0,83;146;0,29;2;1;1;both;KRÜ Esports;2;0;Sentinels won;5;4;2;2;7;1;2;0
Champions Tour 2024: Americas Stage 2;Regular Season;Week 2;Sentinels vs KRÜ Esports;Split;Sentinels;Zellsis;KRÜ Esports;keznit;2;2;0;All Kills;viper;122;179;7;5;5;2;0,83;115;0,1;1;0;1;attack;KRÜ Esports;2;0;Sentinels won;5;4;2;2;7;1;2;0
Champions Tour 2024: Americas Stage 2;Regular Season;Week 2;Sentinels vs KRÜ Esports;Split;Sentinels;TenZ;KRÜ Esports;keznit;5;5;0;All Kills;omen;153;246;11;6;1;5;0,73;125;0,17;3;1;2;defend;KRÜ Esports;2;0;Sentinels won;5;4;2;2;7;1;2;0
Champions Tour 2024: Americas Stage 2;Regular Season;Week 2;Sentinels vs KRÜ Esports;Split;Sentinels;johnqt;KRÜ Esports;Klaus;0;1;-1;First Kills;cypher;81;158;11;16;6;-5;0,74;111;0,33;2;3;-1;both;KRÜ Esports;2;0;Sentinels won;5;4;2;2;7;1;2;0
Champions Tour 2024: Americas Stage 2;Regular Season;Week 2;Sentinels vs KRÜ Esports;Split;Sentinels;zekken;KRÜ Esports;Klaus;2;0;2;First Kills;raze;175;383;15;9;3;6;0,83;257;0,37;3;4;-1;attack;KRÜ Esports;2;0;Sentinels won;5;4;2;2;7;1;2;0
Champions Tour 2024: Americas Stage 2;Regular Season;Week 2;Sentinels vs KRÜ Esports;Split;Sentinels;Zellsis;KRÜ Esports;Klaus;0;1;-1;First Kills;viper;81;116;5;7;2;-2;0,64;75;0,18;0;1;-1;defend;KRÜ Esports;2;0;Sentinels won;5;4;2;2;7;1;2;0
Champions Tour 2024: Americas Stage 2;Regular Season;Week 2;Sentinels vs KRÜ Esports;Split;Sentinels;TenZ;KRÜ Esports;Klaus;1;0;1;Op Kills;omen;124;196;18;13;4;5;0,83;115;0,26;3;1;2;both;KRÜ Esports;2;0;Sentinels won;5;4;2;2;7;1;2;0
Champions Tour 2024: Americas Stage 2;Regular Season;Week 2;LOUD vs MIBR;Ascent;LOUD;saadhak;MIBR;artzin;4;3;1;All Kills;kayo;155;271;8;5;6;3;0,88;179;0,21;1;1;0;attack;MIBR;2;1;LOUD won;7;0;5;1;3;2;2;0
Champions Tour 2024: Americas Stage 2;Regular Season;Week 2;LOUD vs MIBR;Ascent;LOUD;cauanzin;MIBR;artzin;2;2;0;All Kills;sova;112;232;10;6;2;4;0,83;149;0,08;2;1;1;defend;MIBR;2;1;LOUD won;7;0;5;1;3;2;2;0
Champions Tour 2024: Americas Stage 2;Regular Season;Week 2;LOUD vs MIBR;Ascent;LOUD;pANcada;MIBR;rich;3;3;0;All Kills;omen;113;207;16;11;5;5;0,75;142;0,26;1;1;0;both;MIBR;2;1;LOUD won;7;0;5;1;3;2;2;0
Champions Tour 2024: Americas Stage 2;Regular Season;Week 2;LOUD vs MIBR;Ascent;LOUD;Less;MIBR;rich;4;2;2;All Kills;cypher;83;169;6;6;0;0;0,63;91;0,27;0;1;-1;attack;MIBR;2;1;LOUD won;7;0;5;1;3;2;2;0
Champions Tour 2024: Americas Stage 2;Regular Season;Week 2;LOUD vs MIBR;Ascent;LOUD;saadhak;MIBR;rich;1;0;1;First Kills;kayo;149;275;11;6;8;5;0,92;185;0,19;1;0;1;defend;MIBR;2;1;LOUD won;7;0;5;1;3;2;2;0
Champions Tour 2024: Americas Stage 2;Regular Season;Week 2;LOUD vs MIBR;Ascent;LOUD;tuyz;MIBR;liazzi;1;1;0;First Kills;jett;12;268;20;13;5;7;0,8;176;0,28;3;3;0;both;MIBR;2;1;LOUD won;7;0;5;1;3;2;2;0
Champions Tour 2024: Americas Stage 2;Regular Season;Week 2;LOUD vs MIBR;Ascent;LOUD;Less;MIBR;artzin;1;0;1;First Kills;cypher;83;169;6;6;0;0;0,63;91;0,27;0;1;-1;attack;MIBR;2;1;LOUD won;7;0;5;1;3;2;2;0
Champions Tour 2024: Americas Stage 2;Regular Season;Week 2;LOUD vs MIBR;Lotus;LOUD;saadhak;MIBR;rich;0;3;-3;All Kills;neon;3;80;2;12;4;-10;0,67;60;0,09;2;3;-1;defend;MIBR;2;1;LOUD won;3;4;4;0;9;0;4;0
Champions Tour 2024: Americas Stage 2;Regular Season;Week 2;LOUD vs MIBR;Lotus;LOUD;cauanzin;MIBR;mazin;2;2;0;All Kills;fade;145;293;23;17;8;6;0,75;173;0,56;3;2;1;both;MIBR;2;1;LOUD won;3;4;4;0;9;0;4;0
Champions Tour 2024: Americas Stage 2;Regular Season;Week 2;LOUD vs MIBR;Lotus;LOUD;tuyz;MIBR;mazin;1;1;0;All Kills;gekko;65;143;6;9;2;-3;0,67;100;0,28;0;0;0;attack;MIBR;2;1;LOUD won;3;4;4;0;9;0;4;0
Champions Tour 2024: Americas Stage 2;Regular Season;Week 2;LOUD vs MIBR;Lotus;LOUD;pANcada;MIBR;mazin;2;4;-2;All Kills;omen;103;191;8;8;6;0;0,83;138;0,43;0;0;0;defend;MIBR;2;1;LOUD won;3;4;4;0;9;0;4;0
Champions Tour 2024: Americas Stage 2;Regular Season;Week 2;LOUD vs MIBR;Lotus;LOUD;Less;MIBR;liazzi;4;3;1;All Kills;cypher;103;229;19;17;7;2;0,79;144;0,4;2;1;1;both;MIBR;2;1;LOUD won;3;4;4;0;9;0;4;0
Champions Tour 2024: Americas Stage 2;Regular Season;Week 2;LOUD vs MIBR;Lotus;LOUD;saadhak;MIBR;artzin;3;1;2;First Kills;neon;64;197;7;10;4;-3;0,67;118;0,13;3;2;1;attack;MIBR;2;1;LOUD won;3;4;4;0;9;0;4;0
Champions Tour 2024: Americas Stage 2;Regular Season;Week 2;LOUD vs MIBR;Lotus;LOUD;Less;MIBR;Palla;2;0;2;First Kills;cypher;103;221;9;9;2;0;0,75;144;0,32;0;0;0;defend;MIBR;2;1;LOUD won;3;4;4;0;9;0;4;0
Champions Tour 2024: Americas Stage 2;Regular Season;Week 2;LOUD vs MIBR;Sunset;LOUD;saadhak;MIBR;artzin;2;1;1;All Kills;neon;47;175;11;20;6;-9;0,59;121;0,15;4;4;0;both;MIBR;2;1;LOUD won;7;1;4;1;7;1;1;0
Champions Tour 2024: Americas Stage 2;Regular Season;Week 2;LOUD vs MIBR;Sunset;LOUD;cauanzin;MIBR;artzin;4;6;-2;All Kills;breach;13;218;8;6;2;2;0,8;153;0,29;1;2;-1;attack;MIBR;2;1;LOUD won;7;1;4;1;7;1;1;0
Champions Tour 2024: Americas Stage 2;Regular Season;Week 2;LOUD vs MIBR;Sunset;LOUD;tuyz;MIBR;artzin;4;3;1;All Kills;gekko;113;171;8;6;1;2;0,75;110;0,08;1;1;0;defend;MIBR;2;1;LOUD won;7;1;4;1;7;1;1;0
Champions Tour 2024: Americas Stage 2;Regular Season;Week 2;LOUD vs MIBR;Sunset;LOUD;Less;MIBR;rich;5;4;1;All Kills;cypher;138;263;21;14;4;7;0,68;172;0,3;2;1;1;both;MIBR;2;1;LOUD won;7;1;4;1;7;1;1;0
Champions Tour 2024: Americas Stage 2;Regular Season;Week 2;LOUD vs MIBR;Sunset;LOUD;saadhak;MIBR;rich;1;0;1;First Kills;neon;2;160;4;10;3;-6;0,6;106;0,13;2;2;0;attack;MIBR;2;1;LOUD won;7;1;4;1;7;1;1;0
Champions Tour 2024: Americas Stage 2;Regular Season;Week 2;LOUD vs MIBR;Sunset;LOUD;cauanzin;MIBR;Palla;1;1;0;First Kills;breach;11;193;8;8;7;0;0,92;122;0,41;2;1;1;defend;MIBR;2;1;LOUD won;7;1;4;1;7;1;1;0
Champions Tour 2024: Americas Stage 2;Regular Season;Week 2;LOUD vs MIBR;Sunset;LOUD;pANcada;MIBR;artzin;0;1;-1;First Kills;omen;79;125;10;13;8;-3;0,68;93;0,34;0;2;-2;both;MIBR;2;1;LOUD won;7;1;4;1;7;1;1;0
Champions Tour 2024: Americas Stage 2;Regular Season;Week 2;Sentinels vs Cloud9;Haven;Sentinels;TenZ;Cloud9;Xeppaa;1;2;-1;All Kills;omen;111;203;8;8;5;0;0,75;130;0,3;1;1;0;attack;Cloud9;2;0;Sentinels won;8;3;2;0;2;0;2;1
Champions Tour 2024: Americas Stage 2;Regular Season;Week 2;Sentinels vs Cloud9;Haven;Sentinels;zekken;Cloud9;Xeppaa;4;3;1;All Kills;jett;199;344;8;3;1;5;1;202;0,25;4;0;4;defend;Cloud9;2;0;Sentinels won;8;3;2;0;2;0;2;1
Champions Tour 2024: Americas Stage 2;Regular Season;Week 2;Sentinels vs Cloud9;Haven;Sentinels;johnqt;Cloud9;OXY;4;3;1;All Kills;killjoy;109;227;15;11;2;4;0,72;128;0,3;3;1;2;both;Cloud9;2;0;Sentinels won;8;3;2;0;2;0;2;1
Champions Tour 2024: Americas Stage 2;Regular Season;Week 2;Sentinels vs Cloud9;Haven;Sentinels;Zellsis;Cloud9;OXY;2;2;0;All Kills;breach;88;127;5;7;5;-2;0,75;82;0,21;0;1;-1;attack;Cloud9;2;0;Sentinels won;8;3;2;0;2;0;2;1
Champions Tour 2024: Americas Stage 2;Regular Season;Week 2;Sentinels vs Cloud9;Haven;Sentinels;Sacy;Cloud9;OXY;4;3;1;All Kills;sova;152;149;3;1;5;2;1;117;0,25;0;0;0;defend;Cloud9;2;0;Sentinels won;8;3;2;0;2;0;2;1
Champions Tour 2024: Americas Stage 2;Regular Season;Week 2;Sentinels vs Cloud9;Haven;Sentinels;zekken;Cloud9;OXY;2;0;2;First Kills;jett;164;284;19;10;3;9;0,83;169;0,26;7;1;6;both;Cloud9;2;0;Sentinels won;8;3;2;0;2;0;2;1
Champions Tour 2024: Americas Stage 2;Regular Season;Week 2;Sentinels vs Cloud9;Haven;Sentinels;Zellsis;Cloud9;Xeppaa;0;1;-1;First Kills;breach;88;127;5;7;5;-2;0,75;82;0,21;0;1;-1;attack;Cloud9;2;0;Sentinels won;8;3;2;0;2;0;2;1
Champions Tour 2024: Americas Stage 2;Regular Season;Week 2;Sentinels vs Cloud9;Haven;Sentinels;Zellsis;Cloud9;OXY;0;1;-1;Op Kills;breach;228;325;8;0;5;8;1;190;0,13;0;0;0;defend;Cloud9;2;0;Sentinels won;8;3;2;0;2;0;2;1
Champions Tour 2024: Americas Stage 2;Regular Season;Week 2;Sentinels vs Cloud9;Split;Sentinels;TenZ;Cloud9;runi;1;6;-5;All Kills;omen;89;174;11;14;9;-3;0,71;127;0,19;1;2;-1;both;Cloud9;2;0;Sentinels won;8;2;2;1;5;0;3;0
Champions Tour 2024: Americas Stage 2;Regular Season;Week 2;Sentinels vs Cloud9;Split;Sentinels;zekken;Cloud9;runi;5;1;4;All Kills;raze;116;327;13;8;1;5;0,83;196;0,25;5;2;3;attack;Cloud9;2;0;Sentinels won;8;2;2;1;5;0;3;0
Champions Tour 2024: Americas Stage 2;Regular Season;Week 2;Sentinels vs Cloud9;Split;Sentinels;johnqt;Cloud9;runi;3;0;3;All Kills;cypher;178;219;8;2;3;6;0,78;146;0,26;0;0;0;defend;Cloud9;2;0;Sentinels won;8;2;2;1;5;0;3;0
Champions Tour 2024: Americas Stage 2;Regular Season;Week 2;Sentinels vs Cloud9;Split;Sentinels;Zellsis;Cloud9;moose;3;2;1;All Kills;viper;126;222;18;11;4;7;0,71;152;0,16;0;2;-2;both;Cloud9;2;0;Sentinels won;8;2;2;1;5;0;3;0
Champions Tour 2024: Americas Stage 2;Regular Season;Week 2;Sentinels vs Cloud9;Split;Sentinels;Sacy;Cloud9;moose;1;2;-1;All Kills;skye;69;109;5;8;3;-3;0,75;73;0,31;0;3;-3;attack;Cloud9;2;0;Sentinels won;8;2;2;1;5;0;3;0
Champions Tour 2024: Americas Stage 2;Regular Season;Week 2;Sentinels vs Cloud9;Split;Sentinels;zekken;Cloud9;OXY;0;1;-1;First Kills;raze;13;282;8;6;2;2;0,89;187;0,27;4;2;2;defend;Cloud9;2;0;Sentinels won;8;2;2;1;5;0;3;0
Champions Tour 2024: Americas Stage 2;Regular Season;Week 2;Sentinels vs Cloud9;Split;Sentinels;Sacy;Cloud9;OXY;1;0;1;First Kills;skye;93;151;10;12;10;-2;0,76;104;0,33;1;3;-2;both;Cloud9;2;0;Sentinels won;8;2;2;1;5;0;3;0
Champions Tour 2024: Americas Stage 2;Regular Season;Week 2;Evil Geniuses vs LEVIATÁN;Icebox;Evil Geniuses;supamen;LEVIATÁN;C0M;0;7;-7;All Kills;clove;4;153;6;14;1;-8;0,67;100;0,33;2;3;-1;attack;LEVIATÁN;0;2;LEVIATÁN won;3;2;0;0;9;0;4;0
Champions Tour 2024: Americas Stage 2;Regular Season;Week 2;Evil Geniuses vs LEVIATÁN;Icebox;Evil Geniuses;Derrek;LEVIATÁN;C0M;1;2;-1;All Kills;sova;42;108;2;6;1;-4;0,5;77;0,5;0;1;-1;defend;LEVIATÁN;0;2;LEVIATÁN won;3;2;0;0;9;0;4;0
Champions Tour 2024: Americas Stage 2;Regular Season;Week 2;Evil Geniuses vs LEVIATÁN;Icebox;Evil Geniuses;jawgemo;LEVIATÁN;Mazino;1;2;-1;All Kills;sage;71;172;10;16;7;-6;0,61;114;0,37;1;2;-1;both;LEVIATÁN;0;2;LEVIATÁN won;3;2;0;0;9;0;4;0
Champions Tour 2024: Americas Stage 2;Regular Season;Week 2;Evil Geniuses vs LEVIATÁN;Icebox;Evil Geniuses;NaturE;LEVIATÁN;Mazino;2;3;-1;All Kills;killjoy;22;76;3;11;0;-8;0,5;49;0,22;0;1;-1;attack;LEVIATÁN;0;2;LEVIATÁN won;3;2;0;0;9;0;4;0
Champions Tour 2024: Americas Stage 2;Regular Season;Week 2;Evil Geniuses vs LEVIATÁN;Icebox;Evil Geniuses;Apoth;LEVIATÁN;Mazino;3;6;-3;All Kills;harbor;4;43;1;6;0;-5;0,33;30;0,67;0;0;0;defend;LEVIATÁN;0;2;LEVIATÁN won;3;2;0;0;9;0;4;0
Champions Tour 2024: Americas Stage 2;Regular Season;Week 2;Evil Geniuses vs LEVIATÁN;Icebox;Evil Geniuses;Derrek;LEVIATÁN;Mazino;0;1;-1;First Kills;sova;5;105;6;14;2;-8;0,56;71;0,64;0;2;-2;both;LEVIATÁN;0;2;LEVIATÁN won;3;2;0;0;9;0;4;0
Champions Tour 2024: Americas Stage 2;Regular Season;Week 2;Evil Geniuses vs LEVIATÁN;Icebox;Evil Geniuses;Apoth;LEVIATÁN;Mazino;1;2;-1;First Kills;harbor;136;250;11;8;1;3;0,58;167;0,63;2;2;0;attack;LEVIATÁN;0;2;LEVIATÁN won;3;2;0;0;9;0;4;0
Champions Tour 2024: Americas Stage 2;Regular Season;Week 2;Evil Geniuses vs LEVIATÁN;Sunset;Evil Geniuses;supamen;LEVIATÁN;aspas;2;6;-4;All Kills;omen;58;187;7;9;3;-2;0,73;129;0,42;1;3;-2;defend;LEVIATÁN;0;2;LEVIATÁN won;5;2;3;0;8;2;3;0
Champions Tour 2024: Americas Stage 2;Regular Season;Week 2;Evil Geniuses vs LEVIATÁN;Sunset;Evil Geniuses;Derrek;LEVIATÁN;tex;10;1;9;All Kills;fade;145;272;23;16;5;7;0,83;192;0,42;1;2;-1;both;LEVIATÁN;0;2;LEVIATÁN won;5;2;3;0;8;2;3;0
Champions Tour 2024: Americas Stage 2;Regular Season;Week 2;Evil Geniuses vs LEVIATÁN;Sunset;Evil Geniuses;jawgemo;LEVIATÁN;tex;4;3;1;All Kills;neon;77;202;9;11;1;-2;0,67;140;0,3;0;3;-3;attack;LEVIATÁN;0;2;LEVIATÁN won;5;2;3;0;8;2;3;0
Champions Tour 2024: Americas Stage 2;Regular Season;Week 2;Evil Geniuses vs LEVIATÁN;Sunset;Evil Geniuses;NaturE;LEVIATÁN;tex;2;4;-2;All Kills;breach;65;136;6;7;2;-1;0,82;80;0,31;0;0;0;defend;LEVIATÁN;0;2;LEVIATÁN won;5;2;3;0;8;2;3;0
Champions Tour 2024: Americas Stage 2;Regular Season;Week 2;Evil Geniuses vs LEVIATÁN;Sunset;Evil Geniuses;Apoth;LEVIATÁN;C0M;2;3;-1;All Kills;cypher;63;154;10;19;9;-9;0,52;120;0,46;2;4;-2;both;LEVIATÁN;0;2;LEVIATÁN won;5;2;3;0;8;2;3;0
Champions Tour 2024: Americas Stage 2;Regular Season;Week 2;Evil Geniuses vs LEVIATÁN;Sunset;Evil Geniuses;supamen;LEVIATÁN;C0M;1;1;0;First Kills;omen;126;272;12;10;1;2;0,67;181;0,43;3;2;1;attack;LEVIATÁN;0;2;LEVIATÁN won;5;2;3;0;8;2;3;0
Champions Tour 2024: Americas Stage 2;Regular Season;Week 2;Evil Geniuses vs LEVIATÁN;Sunset;Evil Geniuses;jawgemo;LEVIATÁN;aspas;1;0;1;First Kills;neon;103;188;7;8;8;-1;0,91;131;0,25;1;1;0;defend;LEVIATÁN;0;2;LEVIATÁN won;5;2;3;0;8;2;3;0
Champions Tour 2024: Americas Stage 2;Regular Season;Week 2;Evil Geniuses vs LEVIATÁN;Sunset;Evil Geniuses;Apoth;LEVIATÁN;C0M;1;0;1;First Kills;cypher;63;154;10;19;9;-9;0,52;120;0,46;2;4;-2;both;LEVIATÁN;0;2;LEVIATÁN won;5;2;3;0;8;2;3;0
Champions Tour 2024: Americas Stage 2;Regular Season;Week 2;LOUD vs FURIA;Haven;LOUD;Less;FURIA;havoc;4;3;1;All Kills;cypher;52;115;5;9;1;-4;0,5;93;0,26;1;1;0;attack;FURIA;1;2;FURIA won;9;2;2;0;7;1;2;1
Champions Tour 2024: Americas Stage 2;Regular Season;Week 2;LOUD vs FURIA;Haven;LOUD;cauanzin;FURIA;havoc;2;4;-2;All Kills;skye;77;198;8;11;3;-3;0,83;135;0,23;3;1;2;defend;FURIA;1;2;FURIA won;9;2;2;0;7;1;2;1
Champions Tour 2024: Americas Stage 2;Regular Season;Week 2;LOUD vs FURIA;Haven;LOUD;tuyz;FURIA;mwzera;2;4;-2;All Kills;omen;91;147;13;15;11;-2;0,83;99;0,34;0;1;-1;both;FURIA;1;2;FURIA won;9;2;2;0;7;1;2;1
Champions Tour 2024: Americas Stage 2;Regular Season;Week 2;LOUD vs FURIA;Haven;LOUD;pANcada;FURIA;mwzera;8;6;2;All Kills;viper;191;340;15;4;2;11;0,92;217;0,64;1;1;0;attack;FURIA;1;2;FURIA won;9;2;2;0;7;1;2;1
Champions Tour 2024: Americas Stage 2;Regular Season;Week 2;LOUD vs FURIA;Haven;LOUD;saadhak;FURIA;mwzera;3;3;0;All Kills;neon;76;145;5;9;2;-4;0,58;121;0,21;1;4;-3;defend;FURIA;1;2;FURIA won;9;2;2;0;7;1;2;1
Champions Tour 2024: Americas Stage 2;Regular Season;Week 2;LOUD vs FURIA;Haven;LOUD;cauanzin;FURIA;xand;3;1;2;First Kills;skye;111;240;20;18;6;2;0,75;155;0,25;5;1;4;both;FURIA;1;2;FURIA won;9;2;2;0;7;1;2;1
Champions Tour 2024: Americas Stage 2;Regular Season;Week 2;LOUD vs FURIA;Haven;LOUD;saadhak;FURIA;Khalil;0;2;-2;First Kills;neon;119;256;10;7;3;3;0,58;153;0,27;2;3;-1;attack;FURIA;1;2;FURIA won;9;2;2;0;7;1;2;1
Champions Tour 2024: Americas Stage 2;Regular Season;Week 2;LOUD vs FURIA;Icebox;LOUD;Less;FURIA;nzr;1;3;-2;All Kills;killjoy;112;271;9;9;5;0;0,82;208;0,26;2;1;1;defend;FURIA;1;2;FURIA won;7;0;3;0;7;0;6;0
Champions Tour 2024: Americas Stage 2;Regular Season;Week 2;LOUD vs FURIA;Icebox;LOUD;cauanzin;FURIA;Khalil;8;1;7;All Kills;kayo;13;261;24;16;3;8;0,61;160;0,22;1;2;-1;both;FURIA;1;2;FURIA won;7;0;3;0;7;0;6;0
Champions Tour 2024: Americas Stage 2;Regular Season;Week 2;LOUD vs FURIA;Icebox;LOUD;tuyz;FURIA;Khalil;2;1;1;All Kills;harbor;72;147;6;9;2;-3;0,67;102;0,43;0;2;-2;attack;FURIA;1;2;FURIA won;7;0;3;0;7;0;6;0
Champions Tour 2024: Americas Stage 2;Regular Season;Week 2;LOUD vs FURIA;Icebox;LOUD;pANcada;FURIA;Khalil;2;5;-3;All Kills;omen;98;199;7;8;3;-1;0,73;151;0,3;2;0;2;defend;FURIA;1;2;FURIA won;7;0;3;0;7;0;6;0
Champions Tour 2024: Americas Stage 2;Regular Season;Week 2;LOUD vs FURIA;Icebox;LOUD;saadhak;FURIA;havoc;3;3;0;All Kills;gekko;58;151;9;19;12;-10;0,7;96;0,24;1;4;-3;both;FURIA;1;2;FURIA won;7;0;3;0;7;0;6;0
Champions Tour 2024: Americas Stage 2;Regular Season;Week 2;LOUD vs FURIA;Icebox;LOUD;Less;FURIA;xand;3;0;3;First Kills;killjoy;85;223;9;10;1;-1;0,67;144;0,15;2;1;1;attack;FURIA;1;2;FURIA won;7;0;3;0;7;0;6;0
Champions Tour 2024: Americas Stage 2;Regular Season;Week 2;LOUD vs FURIA;Icebox;LOUD;tuyz;FURIA;mwzera;0;2;-2;First Kills;harbor;73;143;5;8;3;-3;0,64;109;0,5;1;1;0;defend;FURIA;1;2;FURIA won;7;0;3;0;7;0;6;0
Champions Tour 2024: Americas Stage 2;Regular Season;Week 2;LOUD vs FURIA;Icebox;LOUD;saadhak;FURIA;xand;0;2;-2;First Kills;gekko;58;151;9;19;12;-10;0,7;96;0,24;1;4;-3;both;FURIA;1;2;FURIA won;7;0;3;0;7;0;6;0
Champions Tour 2024: Americas Stage 2;Regular Season;Week 2;LOUD vs FURIA;Icebox;LOUD;pANcada;FURIA;Khalil;1;0;1;Op Kills;omen;14;280;13;9;1;4;0,75;174;0,41;2;1;1;attack;FURIA;1;2;FURIA won;7;0;3;0;7;0;6;0
Champions Tour 2024: Americas Stage 2;Regular Season;Week 2;LOUD vs FURIA;Bind;LOUD;Less;FURIA;xand;1;3;-2;All Kills;omen;113;215;9;8;3;1;0,67;125;0,4;1;1;0;defend;FURIA;1;2;FURIA won;6;1;2;0;8;2;3;0
Champions Tour 2024: Americas Stage 2;Regular Season;Week 2;LOUD vs FURIA;Bind;LOUD;tuyz;FURIA;nzr;2;3;-1;All Kills;gekko;1;226;18;17;9;1;0,68;137;0,27;2;2;0;both;FURIA;1;2;FURIA won;6;1;2;0;8;2;3;0
Champions Tour 2024: Americas Stage 2;Regular Season;Week 2;LOUD vs FURIA;Bind;LOUD;pANcada;FURIA;nzr;2;0;2;All Kills;brimstone;25;75;2;9;4;-7;0,5;53;0,18;0;1;-1;attack;FURIA;1;2;FURIA won;6;1;2;0;8;2;3;0
Champions Tour 2024: Americas Stage 2;Regular Season;Week 2;LOUD vs FURIA;Bind;LOUD;saadhak;FURIA;nzr;4;2;2;All Kills;neon;104;244;7;10;4;-3;0,75;173;0,14;2;1;1;defend;FURIA;1;2;FURIA won;6;1;2;0;8;2;3;0
Champions Tour 2024: Americas Stage 2;Regular Season;Week 2;LOUD vs FURIA;Bind;LOUD;Less;FURIA;havoc;1;1;0;First Kills;omen;88;167;13;15;3;-2;0,55;102;0,39;2;2;0;both;FURIA;1;2;FURIA won;6;1;2;0;8;2;3;0
Champions Tour 2024: Americas Stage 2;Regular Season;Week 2;LOUD vs FURIA;Bind;LOUD;cauanzin;FURIA;mwzera;1;1;0;First Kills;skye;48;189;5;9;0;-4;0,4;124;0,23;2;2;0;attack;FURIA;1;2;FURIA won;6;1;2;0;8;2;3;0
Champions Tour 2024: Americas Stage 2;Regular Season;Week 2;LOUD vs FURIA;Bind;LOUD;pANcada;FURIA;havoc;0;1;-1;First Kills;brimstone;12;195;8;7;6;1;0,83;115;0,44;0;0;0;defend;FURIA;1;2;FURIA won;6;1;2;0;8;2;3;0
Champions Tour 2024: Americas Stage 2;Regular Season;Week 2;LOUD vs FURIA;Bind;LOUD;pANcada;FURIA;mwzera;0;1;-1;Op Kills;brimstone;77;140;10;16;10;-6;0,68;87;0,34;0;1;-1;both;FURIA;1;2;FURIA won;6;1;2;0;8;2;3;0
Champions Tour 2024: Americas Stage 2;Regular Season;Week 3;G2 Esports vs KRÜ Esports;Lotus;G2 Esports;icy;KRÜ Esports;mta;2;2;0;All Kills;raze;26;121;2;5;1;0,4;0,4;65;0,11;0;0;0;attack;KRÜ Esports;2;1;G2 Esports won;0;1;3;0;11;1;1;0
Champions Tour 2024: Americas Stage 2;Regular Season;Week 3;G2 Esports vs KRÜ Esports;Lotus;G2 Esports;leaf;KRÜ Esports;mta;0;2;-2;All Kills;killjoy;56;174;6;12;4;0,5;0,67;118;0,06;0;1;-1;defend;KRÜ Esports;2;1;G2 Esports won;0;1;3;0;11;1;1;0
Champions Tour 2024: Americas Stage 2;Regular Season;Week 3;G2 Esports vs KRÜ Esports;Lotus;G2 Esports;valyn;KRÜ Esports;keznit;3;7;-4;All Kills;omen;76;183;11;15;6;0,73;0,82;112;0,27;1;2;-1;both;KRÜ Esports;2;1;G2 Esports won;0;1;3;0;11;1;1;0
Champions Tour 2024: Americas Stage 2;Regular Season;Week 3;G2 Esports vs KRÜ Esports;Lotus;G2 Esports;trent;KRÜ Esports;keznit;0;4;-4;All Kills;fade;3;121;2;5;0;0,4;0,2;73;0,5;0;0;0;attack;KRÜ Esports;2;1;G2 Esports won;0;1;3;0;11;1;1;0
Champions Tour 2024: Americas Stage 2;Regular Season;Week 3;G2 Esports vs KRÜ Esports;Lotus;G2 Esports;JonahP;KRÜ Esports;keznit;1;4;-3;All Kills;viper;48;105;4;10;2;0,4;0,33;67;0,06;1;1;0;defend;KRÜ Esports;2;1;G2 Esports won;0;1;3;0;11;1;1;0
Champions Tour 2024: Americas Stage 2;Regular Season;Week 3;G2 Esports vs KRÜ Esports;Lotus;G2 Esports;valyn;KRÜ Esports;Melser;1;0;1;First Kills;omen;76;183;11;15;6;0,73;0,82;112;0,27;1;2;-1;both;KRÜ Esports;2;1;G2 Esports won;0;1;3;0;11;1;1;0
Champions Tour 2024: Americas Stage 2;Regular Season;Week 3;G2 Esports vs KRÜ Esports;Lotus;G2 Esports;JonahP;KRÜ Esports;mta;0;1;-1;First Kills;viper;106;219;4;4;0;1;0,8;146;0,4;2;1;1;attack;KRÜ Esports;2;1;G2 Esports won;0;1;3;0;11;1;1;0
Champions Tour 2024: Americas Stage 2;Regular Season;Week 3;G2 Esports vs KRÜ Esports;Ascent;G2 Esports;icy;KRÜ Esports;keznit;5;11;-6;All Kills;jett;81;163;8;12;3;0,67;0,67;100;0,2;0;2;-2;defend;KRÜ Esports;2;1;G2 Esports won;6;3;7;0;10;1;3;0
Champions Tour 2024: Americas Stage 2;Regular Season;Week 3;G2 Esports vs KRÜ Esports;Ascent;G2 Esports;valyn;KRÜ Esports;Melser;4;8;-4;All Kills;omen;92;172;16;22;12;0,73;0,83;114;0,25;2;2;0;both;KRÜ Esports;2;1;G2 Esports won;6;3;7;0;10;1;3;0
Champions Tour 2024: Americas Stage 2;Regular Season;Week 3;G2 Esports vs KRÜ Esports;Ascent;G2 Esports;trent;KRÜ Esports;Melser;5;2;3;All Kills;sova;114;257;12;11;8;1,09;0,8;171;0,18;0;3;-3;attack;KRÜ Esports;2;1;G2 Esports won;6;3;7;0;10;1;3;0
Champions Tour 2024: Americas Stage 2;Regular Season;Week 3;G2 Esports vs KRÜ Esports;Ascent;G2 Esports;JonahP;KRÜ Esports;Melser;6;5;1;All Kills;kayo;181;316;19;9;10;2,11;0,87;184;0,16;2;0;2;defend;KRÜ Esports;2;1;G2 Esports won;6;3;7;0;10;1;3;0
Champions Tour 2024: Americas Stage 2;Regular Season;Week 3;G2 Esports vs KRÜ Esports;Ascent;G2 Esports;icy;KRÜ Esports;keznit;0;4;-4;First Kills;jett;96;226;23;24;7;0,96;0,7;148;0,32;2;4;-2;both;KRÜ Esports;2;1;G2 Esports won;6;3;7;0;10;1;3;0
Champions Tour 2024: Americas Stage 2;Regular Season;Week 3;G2 Esports vs KRÜ Esports;Ascent;G2 Esports;leaf;KRÜ Esports;keznit;0;2;-2;First Kills;killjoy;67;196;9;13;1;0,69;0,6;139;0,23;2;3;-1;attack;KRÜ Esports;2;1;G2 Esports won;6;3;7;0;10;1;3;0
Champions Tour 2024: Americas Stage 2;Regular Season;Week 3;G2 Esports vs KRÜ Esports;Ascent;G2 Esports;trent;KRÜ Esports;Shyy;1;0;1;First Kills;sova;113;198;10;10;7;1;0,73;143;0,09;1;2;-1;defend;KRÜ Esports;2;1;G2 Esports won;6;3;7;0;10;1;3;0
Champions Tour 2024: Americas Stage 2;Regular Season;Week 3;G2 Esports vs KRÜ Esports;Ascent;G2 Esports;icy;KRÜ Esports;heat;1;0;1;Op Kills;jett;96;226;23;24;7;0,96;0,7;148;0,32;2;4;-2;both;KRÜ Esports;2;1;G2 Esports won;6;3;7;0;10;1;3;0
Champions Tour 2024: Americas Stage 2;Regular Season;Week 3;G2 Esports vs KRÜ Esports;Split;G2 Esports;icy;KRÜ Esports;Shyy;1;2;-1;All Kills;raze;117;234;11;7;3;1,57;0,92;151;0,22;0;4;-4;attack;KRÜ Esports;2;1;G2 Esports won;8;2;1;2;4;0;1;0
Champions Tour 2024: Americas Stage 2;Regular Season;Week 3;G2 Esports vs KRÜ Esports;Split;G2 Esports;leaf;KRÜ Esports;Shyy;3;3;0;All Kills;viper;9;196;3;4;2;0,75;0,5;141;0,14;1;0;1;defend;KRÜ Esports;2;1;G2 Esports won;8;2;1;2;4;0;1;0
Champions Tour 2024: Americas Stage 2;Regular Season;Week 3;G2 Esports vs KRÜ Esports;Split;G2 Esports;valyn;KRÜ Esports;mta;4;3;1;All Kills;omen;132;293;20;13;4;1,54;0,83;190;0,19;2;1;1;both;KRÜ Esports;2;1;G2 Esports won;8;2;1;2;4;0;1;0
Champions Tour 2024: Americas Stage 2;Regular Season;Week 3;G2 Esports vs KRÜ Esports;Split;G2 Esports;trent;KRÜ Esports;mta;0;1;-1;All Kills;fade;107;201;9;7;5;1,29;0,83;122;0,37;0;0;0;attack;KRÜ Esports;2;1;G2 Esports won;8;2;1;2;4;0;1;0
Champions Tour 2024: Americas Stage 2;Regular Season;Week 3;G2 Esports vs KRÜ Esports;Split;G2 Esports;JonahP;KRÜ Esports;mta;5;1;4;All Kills;breach;187;324;7;3;1;2,33;1;202;0,26;0;0;0;defend;KRÜ Esports;2;1;G2 Esports won;8;2;1;2;4;0;1;0
Champions Tour 2024: Americas Stage 2;Regular Season;Week 3;G2 Esports vs KRÜ Esports;Split;G2 Esports;leaf;KRÜ Esports;Shyy;1;0;1;First Kills;viper;9;196;11;13;7;0,85;0,61;137;0,17;3;2;1;both;KRÜ Esports;2;1;G2 Esports won;8;2;1;2;4;0;1;0
Champions Tour 2024: Americas Stage 2;Regular Season;Week 3;G2 Esports vs KRÜ Esports;Split;G2 Esports;trent;KRÜ Esports;mta;0;1;-1;First Kills;fade;107;201;9;7;5;1,29;0,83;122;0,37;0;0;0;attack;KRÜ Esports;2;1;G2 Esports won;8;2;1;2;4;0;1;0
Champions Tour 2024: Americas Stage 2;Regular Season;Week 3;LOUD vs LEVIATÁN;Lotus;LOUD;cauanzin;LEVIATÁN;C0M;4;3;1;All Kills;fade;123;326;13;10;4;3;0,75;195;0,22;3;2;1;defend;LEVIATÁN;0;2;LEVIATÁN won;6;1;3;1;9;0;4;0
Champions Tour 2024: Americas Stage 2;Regular Season;Week 3;LOUD vs LEVIATÁN;Lotus;LOUD;pANcada;LEVIATÁN;tex;5;1;4;All Kills;omen;136;231;18;16;15;2;0,75;146;0,3;4;1;3;both;LEVIATÁN;0;2;LEVIATÁN won;6;1;3;1;9;0;4;0
Champions Tour 2024: Americas Stage 2;Regular Season;Week 3;LOUD vs LEVIATÁN;Lotus;LOUD;saadhak;LEVIATÁN;tex;3;5;-2;All Kills;breach;26;74;2;10;3;-8;0,42;46;0,25;0;2;-2;attack;LEVIATÁN;0;2;LEVIATÁN won;6;1;3;1;9;0;4;0
Champions Tour 2024: Americas Stage 2;Regular Season;Week 3;LOUD vs LEVIATÁN;Lotus;LOUD;Less;LEVIATÁN;tex;3;6;-3;All Kills;cypher;126;206;10;7;4;3;0,83;131;0,33;1;1;0;defend;LEVIATÁN;0;2;LEVIATÁN won;6;1;3;1;9;0;4;0
Champions Tour 2024: Americas Stage 2;Regular Season;Week 3;LOUD vs LEVIATÁN;Lotus;LOUD;cauanzin;LEVIATÁN;kiNgg;0;1;-1;First Kills;fade;83;218;17;21;6;-4;0,58;142;0,28;4;2;2;both;LEVIATÁN;0;2;LEVIATÁN won;6;1;3;1;9;0;4;0
Champions Tour 2024: Americas Stage 2;Regular Season;Week 3;LOUD vs LEVIATÁN;Lotus;LOUD;pANcada;LEVIATÁN;aspas;1;0;1;First Kills;omen;128;259;10;10;3;0;0,58;147;0,35;3;1;2;attack;LEVIATÁN;0;2;LEVIATÁN won;6;1;3;1;9;0;4;0
Champions Tour 2024: Americas Stage 2;Regular Season;Week 3;LOUD vs LEVIATÁN;Lotus;LOUD;Less;LEVIATÁN;aspas;1;1;0;First Kills;cypher;126;206;10;7;4;3;0,83;131;0,33;1;1;0;defend;LEVIATÁN;0;2;LEVIATÁN won;6;1;3;1;9;0;4;0
Champions Tour 2024: Americas Stage 2;Regular Season;Week 3;LOUD vs LEVIATÁN;Lotus;LOUD;pANcada;LEVIATÁN;Mazino;1;0;1;Op Kills;omen;136;231;18;16;15;2;0,75;146;0,3;4;1;3;both;LEVIATÁN;0;2;LEVIATÁN won;6;1;3;1;9;0;4;0
Champions Tour 2024: Americas Stage 2;Regular Season;Week 3;LOUD vs LEVIATÁN;Icebox;LOUD;cauanzin;LEVIATÁN;tex;4;4;0;All Kills;sova;177;370;15;9;2;6;0,67;231;0,41;4;1;3;attack;LEVIATÁN;0;2;LEVIATÁN won;4;1;1;0;7;1;5;0
Champions Tour 2024: Americas Stage 2;Regular Season;Week 3;LOUD vs LEVIATÁN;Icebox;LOUD;pANcada;LEVIATÁN;tex;3;4;-1;All Kills;omen;33;128;3;7;0;-4;0,29;75;0,43;0;1;-1;defend;LEVIATÁN;0;2;LEVIATÁN won;4;1;1;0;7;1;5;0
Champions Tour 2024: Americas Stage 2;Regular Season;Week 3;LOUD vs LEVIATÁN;Icebox;LOUD;saadhak;LEVIATÁN;Mazino;3;4;-1;All Kills;kayo;55;139;9;17;8;-8;0,63;91;0,3;2;3;-1;both;LEVIATÁN;0;2;LEVIATÁN won;4;1;1;0;7;1;5;0
Champions Tour 2024: Americas Stage 2;Regular Season;Week 3;LOUD vs LEVIATÁN;Icebox;LOUD;Less;LEVIATÁN;Mazino;5;2;3;All Kills;killjoy;74;151;7;10;2;-3;0,67;116;0,29;1;0;1;attack;LEVIATÁN;0;2;LEVIATÁN won;4;1;1;0;7;1;5;0
Champions Tour 2024: Americas Stage 2;Regular Season;Week 3;LOUD vs LEVIATÁN;Icebox;LOUD;tuyz;LEVIATÁN;Mazino;3;4;-1;All Kills;harbor;173;359;8;5;3;3;0,86;202;0,19;2;0;2;defend;LEVIATÁN;0;2;LEVIATÁN won;4;1;1;0;7;1;5;0
Champions Tour 2024: Americas Stage 2;Regular Season;Week 3;LOUD vs LEVIATÁN;Icebox;LOUD;saadhak;LEVIATÁN;aspas;1;1;0;First Kills;kayo;55;139;9;17;8;-8;0,63;91;0,3;2;3;-1;both;LEVIATÁN;0;2;LEVIATÁN won;4;1;1;0;7;1;5;0
Champions Tour 2024: Americas Stage 2;Regular Season;Week 3;LOUD vs LEVIATÁN;Icebox;LOUD;Less;LEVIATÁN;Mazino;1;0;1;First Kills;killjoy;74;151;7;10;2;-3;0,67;116;0,29;1;0;1;attack;LEVIATÁN;0;2;LEVIATÁN won;4;1;1;0;7;1;5;0
Champions Tour 2024: Americas Stage 2;Regular Season;Week 3;LOUD vs LEVIATÁN;Icebox;LOUD;tuyz;LEVIATÁN;aspas;0;1;-1;Op Kills;harbor;173;359;8;5;3;3;0,86;202;0,19;2;0;2;defend;LEVIATÁN;0;2;LEVIATÁN won;4;1;1;0;7;1;5;0
Champions Tour 2024: Americas Stage 2;Regular Season;Week 3;Evil Geniuses vs 100 Thieves;Lotus;Evil Geniuses;jawgemo;100 Thieves;eeiu;2;5;-3;All Kills;neon;106;256;20;19;7;1;0,61;156;0,24;5;7;-2;both;100 Thieves;1;2;100 Thieves won;7;0;3;0;10;1;2;0
Champions Tour 2024: Americas Stage 2;Regular Season;Week 3;Evil Geniuses vs 100 Thieves;Lotus;Evil Geniuses;Derrek;100 Thieves;eeiu;6;4;2;All Kills;fade;131;219;9;7;6;2;1;158;0,39;0;0;0;attack;100 Thieves;1;2;100 Thieves won;7;0;3;0;10;1;2;0
Champions Tour 2024: Americas Stage 2;Regular Season;Week 3;Evil Geniuses vs 100 Thieves;Lotus;Evil Geniuses;NaturE;100 Thieves;eeiu;1;4;-3;All Kills;breach;53;98;4;11;5;-7;0,75;56;0,56;1;1;0;defend;100 Thieves;1;2;100 Thieves won;7;0;3;0;10;1;2;0
Champions Tour 2024: Americas Stage 2;Regular Season;Week 3;Evil Geniuses vs 100 Thieves;Lotus;Evil Geniuses;Apoth;100 Thieves;Boostio;1;4;-3;All Kills;cypher;79;138;11;16;4;-5;0,57;104;0,5;1;3;-2;both;100 Thieves;1;2;100 Thieves won;7;0;3;0;10;1;2;0
Champions Tour 2024: Americas Stage 2;Regular Season;Week 3;Evil Geniuses vs 100 Thieves;Lotus;Evil Geniuses;supamen;100 Thieves;Cryocells;0;1;-1;First Kills;omen;101;207;8;7;5;1;0,73;111;0,38;1;1;0;attack;100 Thieves;1;2;100 Thieves won;7;0;3;0;10;1;2;0
Champions Tour 2024: Americas Stage 2;Regular Season;Week 3;Evil Geniuses vs 100 Thieves;Lotus;Evil Geniuses;jawgemo;100 Thieves;Asuna;1;3;-2;First Kills;neon;64;186;7;11;3;-4;0,58;114;0,4;2;5;-3;defend;100 Thieves;1;2;100 Thieves won;7;0;3;0;10;1;2;0
Champions Tour 2024: Americas Stage 2;Regular Season;Week 3;Evil Geniuses vs 100 Thieves;Lotus;Evil Geniuses;Apoth;100 Thieves;Asuna;1;0;1;First Kills;cypher;79;138;11;16;4;-5;0,57;104;0,5;1;3;-2;both;100 Thieves;1;2;100 Thieves won;7;0;3;0;10;1;2;0
Champions Tour 2024: Americas Stage 2;Regular Season;Week 3;Evil Geniuses vs 100 Thieves;Bind;Evil Geniuses;supamen;100 Thieves;Boostio;3;1;2;All Kills;omen;15;269;10;6;4;4;0,83;184;0,46;1;0;1;attack;100 Thieves;1;2;100 Thieves won;6;2;5;0;8;1;1;0
Champions Tour 2024: Americas Stage 2;Regular Season;Week 3;Evil Geniuses vs 100 Thieves;Bind;Evil Geniuses;jawgemo;100 Thieves;Boostio;3;4;-1;All Kills;raze;58;185;5;10;2;-5;0,45;135;0,23;2;2;0;defend;100 Thieves;1;2;100 Thieves won;6;2;5;0;8;1;1;0
Champions Tour 2024: Americas Stage 2;Regular Season;Week 3;Evil Geniuses vs 100 Thieves;Bind;Evil Geniuses;Derrek;100 Thieves;Cryocells;2;1;1;All Kills;gekko;104;167;14;14;9;0;0,87;109;0,28;2;1;1;both;100 Thieves;1;2;100 Thieves won;6;2;5;0;8;1;1;0
Champions Tour 2024: Americas Stage 2;Regular Season;Week 3;Evil Geniuses vs 100 Thieves;Bind;Evil Geniuses;NaturE;100 Thieves;Cryocells;4;2;2;All Kills;skye;103;202;8;9;9;-1;0,75;131;0,35;1;1;0;attack;100 Thieves;1;2;100 Thieves won;6;2;5;0;8;1;1;0
Champions Tour 2024: Americas Stage 2;Regular Season;Week 3;Evil Geniuses vs 100 Thieves;Bind;Evil Geniuses;Apoth;100 Thieves;Cryocells;3;3;0;All Kills;brimstone;9;222;8;8;5;0;0,91;142;0,23;1;0;1;defend;100 Thieves;1;2;100 Thieves won;6;2;5;0;8;1;1;0
Champions Tour 2024: Americas Stage 2;Regular Season;Week 3;Evil Geniuses vs 100 Thieves;Bind;Evil Geniuses;jawgemo;100 Thieves;Asuna;2;2;0;First Kills;raze;76;206;15;19;4;-4;0,57;145;0,27;4;4;0;both;100 Thieves;1;2;100 Thieves won;6;2;5;0;8;1;1;0
Champions Tour 2024: Americas Stage 2;Regular Season;Week 3;Evil Geniuses vs 100 Thieves;Bind;Evil Geniuses;NaturE;100 Thieves;Asuna;0;2;-2;First Kills;skye;103;202;8;9;9;-1;0,75;131;0,35;1;1;0;attack;100 Thieves;1;2;100 Thieves won;6;2;5;0;8;1;1;0
Champions Tour 2024: Americas Stage 2;Regular Season;Week 3;Evil Geniuses vs 100 Thieves;Ascent;Evil Geniuses;supamen;100 Thieves;Boostio;5;3;2;All Kills;omen;99;228;9;10;3;-1;0,5;133;0,35;2;2;0;defend;100 Thieves;1;2;100 Thieves won;6;0;1;0;13;0;0;0
Champions Tour 2024: Americas Stage 2;Regular Season;Week 3;Evil Geniuses vs 100 Thieves;Ascent;Evil Geniuses;jawgemo;100 Thieves;Cryocells;1;5;-4;All Kills;jett;29;121;6;19;5;-13;0,5;97;0,09;0;5;-5;both;100 Thieves;1;2;100 Thieves won;6;0;1;0;13;0;0;0
Champions Tour 2024: Americas Stage 2;Regular Season;Week 3;Evil Geniuses vs 100 Thieves;Ascent;Evil Geniuses;Derrek;100 Thieves;Cryocells;3;4;-1;All Kills;sova;2;310;11;4;3;7;0,88;170;0,21;0;0;0;attack;100 Thieves;1;2;100 Thieves won;6;0;1;0;13;0;0;0
Champions Tour 2024: Americas Stage 2;Regular Season;Week 3;Evil Geniuses vs 100 Thieves;Ascent;Evil Geniuses;NaturE;100 Thieves;Cryocells;2;6;-4;All Kills;kayo;111;239;9;11;5;-2;0,83;162;0,33;1;0;1;defend;100 Thieves;1;2;100 Thieves won;6;0;1;0;13;0;0;0
Champions Tour 2024: Americas Stage 2;Regular Season;Week 3;Evil Geniuses vs 100 Thieves;Ascent;Evil Geniuses;Apoth;100 Thieves;Asuna;2;2;0;All Kills;cypher;4;127;6;17;2;-11;0,5;105;0,27;1;4;-3;both;100 Thieves;1;2;100 Thieves won;6;0;1;0;13;0;0;0
Champions Tour 2024: Americas Stage 2;Regular Season;Week 3;Evil Geniuses vs 100 Thieves;Ascent;Evil Geniuses;jawgemo;100 Thieves;Cryocells;0;4;-4;First Kills;jett;17;108;2;8;2;-6;0,5;82;0,07;0;3;-3;attack;100 Thieves;1;2;100 Thieves won;6;0;1;0;13;0;0;0
Champions Tour 2024: Americas Stage 2;Regular Season;Week 3;Evil Geniuses vs 100 Thieves;Ascent;Evil Geniuses;NaturE;100 Thieves;Asuna;1;1;0;First Kills;kayo;111;239;9;11;5;-2;0,83;162;0,33;1;0;1;defend;100 Thieves;1;2;100 Thieves won;6;0;1;0;13;0;0;0
Champions Tour 2024: Americas Stage 2;Regular Season;Week 3;Evil Geniuses vs 100 Thieves;Ascent;Evil Geniuses;jawgemo;100 Thieves;Cryocells;0;1;-1;Op Kills;jett;29;121;6;19;5;-13;0,5;97;0,09;0;5;-5;both;100 Thieves;1;2;100 Thieves won;6;0;1;0;13;0;0;0
Champions Tour 2024: Americas Stage 2;Regular Season;Week 4;Evil Geniuses vs MIBR;Bind;Evil Geniuses;jawgemo;MIBR;liazzi;3;4;-1;All Kills;raze;86;202;7;8;1;-1;0,6;134;0,06;0;4;-4;attack;MIBR;0;2;MIBR won;7;1;1;0;7;1;5;0
Champions Tour 2024: Americas Stage 2;Regular Season;Week 4;Evil Geniuses vs MIBR;Bind;Evil Geniuses;Apoth;MIBR;liazzi;1;4;-3;All Kills;brimstone;81;135;6;6;2;0;0,67;92;0,46;1;1;0;defend;MIBR;0;2;MIBR won;7;1;1;0;7;1;5;0
Champions Tour 2024: Americas Stage 2;Regular Season;Week 4;Evil Geniuses vs MIBR;Bind;Evil Geniuses;NaturE;MIBR;rich;3;4;-1;All Kills;skye;52;137;10;18;4;-8;0,64;100;0,23;2;2;0;both;MIBR;0;2;MIBR won;7;1;1;0;7;1;5;0
Champions Tour 2024: Americas Stage 2;Regular Season;Week 4;Evil Geniuses vs MIBR;Bind;Evil Geniuses;supamen;MIBR;rich;2;2;0;All Kills;omen;114;208;7;7;6;0;0,7;114;0,47;1;2;-1;attack;MIBR;0;2;MIBR won;7;1;1;0;7;1;5;0
Champions Tour 2024: Americas Stage 2;Regular Season;Week 4;Evil Geniuses vs MIBR;Bind;Evil Geniuses;Derrek;MIBR;rich;5;3;2;All Kills;gekko;116;215;9;7;6;2;0,75;148;0,46;1;0;1;defend;MIBR;0;2;MIBR won;7;1;1;0;7;1;5;0
Champions Tour 2024: Americas Stage 2;Regular Season;Week 4;Evil Geniuses vs MIBR;Bind;Evil Geniuses;Apoth;MIBR;liazzi;0;2;-2;First Kills;brimstone;43;83;6;14;4;-8;0,55;59;0,38;1;4;-3;both;MIBR;0;2;MIBR won;7;1;1;0;7;1;5;0
Champions Tour 2024: Americas Stage 2;Regular Season;Week 4;Evil Geniuses vs MIBR;Bind;Evil Geniuses;supamen;MIBR;liazzi;1;1;0;First Kills;omen;114;208;7;7;6;0;0,7;114;0,47;1;2;-1;attack;MIBR;0;2;MIBR won;7;1;1;0;7;1;5;0
Champions Tour 2024: Americas Stage 2;Regular Season;Week 4;Evil Geniuses vs MIBR;Lotus;Evil Geniuses;jawgemo;MIBR;rich;0;4;-4;All Kills;neon;57;178;6;12;2;-6;0,42;117;0,36;1;3;-2;defend;MIBR;0;2;MIBR won;0;0;2;0;10;1;2;0
Champions Tour 2024: Americas Stage 2;Regular Season;Week 4;Evil Geniuses vs MIBR;Lotus;Evil Geniuses;Apoth;MIBR;mazin;0;5;-5;All Kills;cypher;12;56;2;15;1;-13;0,27;45;0,07;0;4;-4;both;MIBR;0;2;MIBR won;0;0;2;0;10;1;2;0
Champions Tour 2024: Americas Stage 2;Regular Season;Week 4;Evil Geniuses vs MIBR;Lotus;Evil Geniuses;NaturE;MIBR;mazin;1;3;-2;All Kills;breach;98;287;3;3;0;0;1;198;0,38;0;0;0;attack;MIBR;0;2;MIBR won;0;0;2;0;10;1;2;0
Champions Tour 2024: Americas Stage 2;Regular Season;Week 4;Evil Geniuses vs MIBR;Lotus;Evil Geniuses;supamen;MIBR;mazin;4;4;0;All Kills;omen;92;167;7;10;1;-3;0,58;121;0,53;0;3;-3;defend;MIBR;0;2;MIBR won;0;0;2;0;10;1;2;0
Champions Tour 2024: Americas Stage 2;Regular Season;Week 4;Evil Geniuses vs MIBR;Lotus;Evil Geniuses;Derrek;MIBR;Palla;3;5;-2;All Kills;fade;74;176;9;15;2;-6;0,6;120;0,35;1;1;0;both;MIBR;0;2;MIBR won;0;0;2;0;10;1;2;0
Champions Tour 2024: Americas Stage 2;Regular Season;Week 4;Evil Geniuses vs MIBR;Lotus;Evil Geniuses;Apoth;MIBR;mazin;0;2;-2;First Kills;cypher;1;10;0;3;0;-3;0,33;10;0;0;1;-1;attack;MIBR;0;2;MIBR won;0;0;2;0;10;1;2;0
Champions Tour 2024: Americas Stage 2;Regular Season;Week 4;Evil Geniuses vs MIBR;Lotus;Evil Geniuses;Derrek;MIBR;Palla;1;1;0;First Kills;fade;76;182;7;12;2;-5;0,58;130;0,38;1;1;0;defend;MIBR;0;2;MIBR won;0;0;2;0;10;1;2;0
Champions Tour 2024: Americas Stage 2;Regular Season;Week 4;LOUD vs 100 Thieves;Ascent;LOUD;Less;100 Thieves;Boostio;0;3;-3;All Kills;cypher;8;41;2;14;2;-12;0,29;26;0,13;0;4;-4;both;100 Thieves;2;1;LOUD won;1;0;0;0;13;0;0;0
Champions Tour 2024: Americas Stage 2;Regular Season;Week 4;LOUD vs 100 Thieves;Ascent;LOUD;cauanzin;100 Thieves;Boostio;0;1;-1;All Kills;sova;7;174;5;12;3;-7;0,42;127;0,13;1;1;0;attack;100 Thieves;2;1;LOUD won;1;0;0;0;13;0;0;0
Champions Tour 2024: Americas Stage 2;Regular Season;Week 4;LOUD vs 100 Thieves;Ascent;LOUD;pANcada;100 Thieves;Boostio;3;1;2;All Kills;omen;19;107;1;2;0;-1;0,5;80;1;0;0;0;defend;100 Thieves;2;1;LOUD won;1;0;0;0;13;0;0;0
Champions Tour 2024: Americas Stage 2;Regular Season;Week 4;LOUD vs 100 Thieves;Ascent;LOUD;saadhak;100 Thieves;Cryocells;1;5;-4;All Kills;kayo;107;208;11;13;2;-2;0,5;128;0,34;2;1;1;both;100 Thieves;2;1;LOUD won;1;0;0;0;13;0;0;0
Champions Tour 2024: Americas Stage 2;Regular Season;Week 4;LOUD vs 100 Thieves;Ascent;LOUD;tuyz;100 Thieves;Cryocells;0;6;-6;All Kills;jett;2;29;1;12;0;-11;0,42;19;0,67;0;5;-5;attack;100 Thieves;2;1;LOUD won;1;0;0;0;13;0;0;0
Champions Tour 2024: Americas Stage 2;Regular Season;Week 4;LOUD vs 100 Thieves;Ascent;LOUD;saadhak;100 Thieves;bang;1;0;1;First Kills;kayo;112;275;2;2;1;0;1;147;0,5;2;0;2;defend;100 Thieves;2;1;LOUD won;1;0;0;0;13;0;0;0
Champions Tour 2024: Americas Stage 2;Regular Season;Week 4;LOUD vs 100 Thieves;Ascent;LOUD;tuyz;100 Thieves;Cryocells;0;1;-1;First Kills;jett;2;27;1;14;0;-13;0,36;19;0,5;0;5;-5;both;100 Thieves;2;1;LOUD won;1;0;0;0;13;0;0;0
Champions Tour 2024: Americas Stage 2;Regular Season;Week 4;LOUD vs 100 Thieves;Ascent;LOUD;tuyz;100 Thieves;Cryocells;0;3;-3;Op Kills;jett;2;29;1;12;0;-11;0,42;19;0,67;0;5;-5;attack;100 Thieves;2;1;LOUD won;1;0;0;0;13;0;0;0
Champions Tour 2024: Americas Stage 2;Regular Season;Week 4;LOUD vs 100 Thieves;Bind;LOUD;Less;100 Thieves;Cryocells;3;3;0;All Kills;omen;166;250;8;3;6;5;0,89;187;0,32;2;0;2;defend;100 Thieves;2;1;LOUD won;8;3;2;0;5;1;1;1
Champions Tour 2024: Americas Stage 2;Regular Season;Week 4;LOUD vs 100 Thieves;Bind;LOUD;pANcada;100 Thieves;bang;2;2;0;All Kills;brimstone;102;179;14;13;13;1;0,81;111;0,34;1;3;-2;both;100 Thieves;2;1;LOUD won;8;3;2;0;5;1;1;1
Champions Tour 2024: Americas Stage 2;Regular Season;Week 4;LOUD vs 100 Thieves;Bind;LOUD;saadhak;100 Thieves;bang;4;5;-1;All Kills;gekko;42;142;7;11;2;-4;0,67;92;0,29;0;2;-2;attack;100 Thieves;2;1;LOUD won;8;3;2;0;5;1;1;1
Champions Tour 2024: Americas Stage 2;Regular Season;Week 4;LOUD vs 100 Thieves;Bind;LOUD;tuyz;100 Thieves;bang;4;3;1;All Kills;raze;59;127;3;6;4;-3;0,67;86;0,13;1;0;1;defend;100 Thieves;2;1;LOUD won;8;3;2;0;5;1;1;1
Champions Tour 2024: Americas Stage 2;Regular Season;Week 4;LOUD vs 100 Thieves;Bind;LOUD;Less;100 Thieves;Boostio;1;0;1;First Kills;omen;137;219;16;11;8;5;0,62;171;0,34;3;0;3;both;100 Thieves;2;1;LOUD won;8;3;2;0;5;1;1;1
Champions Tour 2024: Americas Stage 2;Regular Season;Week 4;LOUD vs 100 Thieves;Bind;LOUD;cauanzin;100 Thieves;Boostio;1;1;0;First Kills;skye;93;206;8;8;3;0;0,75;133;0,35;1;1;0;attack;100 Thieves;2;1;LOUD won;8;3;2;0;5;1;1;1
Champions Tour 2024: Americas Stage 2;Regular Season;Week 4;LOUD vs 100 Thieves;Bind;LOUD;saadhak;100 Thieves;Asuna;0;1;-1;First Kills;gekko;172;308;11;5;2;6;0,78;207;0,24;1;0;1;defend;100 Thieves;2;1;LOUD won;8;3;2;0;5;1;1;1
Champions Tour 2024: Americas Stage 2;Regular Season;Week 4;LOUD vs 100 Thieves;Lotus;LOUD;Less;100 Thieves;bang;2;4;-2;All Kills;cypher;98;202;16;17;8;-1;0,61;125;0,29;3;3;0;both;100 Thieves;2;1;LOUD won;8;1;3;1;5;3;2;0
Champions Tour 2024: Americas Stage 2;Regular Season;Week 4;LOUD vs 100 Thieves;Lotus;LOUD;cauanzin;100 Thieves;bang;1;4;-3;All Kills;fade;62;141;5;9;2;-4;0,55;95;0,31;1;0;1;attack;100 Thieves;2;1;LOUD won;8;1;3;1;5;3;2;0
Champions Tour 2024: Americas Stage 2;Regular Season;Week 4;LOUD vs 100 Thieves;Lotus;LOUD;pANcada;100 Thieves;bang;3;3;0;All Kills;omen;202;376;16;6;4;10;0,83;224;0,38;2;1;1;defend;100 Thieves;2;1;LOUD won;8;1;3;1;5;3;2;0
Champions Tour 2024: Americas Stage 2;Regular Season;Week 4;LOUD vs 100 Thieves;Lotus;LOUD;saadhak;100 Thieves;Asuna;6;2;4;All Kills;breach;127;215;16;12;15;4;0,87;151;0,3;0;1;-1;both;100 Thieves;2;1;LOUD won;8;1;3;1;5;3;2;0
Champions Tour 2024: Americas Stage 2;Regular Season;Week 4;LOUD vs 100 Thieves;Lotus;LOUD;tuyz;100 Thieves;Asuna;3;4;-1;All Kills;raze;77;170;7;9;0;-2;0,55;110;0,33;3;3;0;attack;100 Thieves;2;1;LOUD won;8;1;3;1;5;3;2;0
Champions Tour 2024: Americas Stage 2;Regular Season;Week 4;LOUD vs 100 Thieves;Lotus;LOUD;Less;100 Thieves;Asuna;0;1;-1;First Kills;cypher;98;163;5;8;7;-3;0,75;111;0,2;2;1;1;defend;100 Thieves;2;1;LOUD won;8;1;3;1;5;3;2;0
Champions Tour 2024: Americas Stage 2;Regular Season;Week 4;LOUD vs 100 Thieves;Lotus;LOUD;pANcada;100 Thieves;eeiu;1;0;1;First Kills;omen;173;306;24;11;9;13;0,83;192;0,37;3;1;2;both;100 Thieves;2;1;LOUD won;8;1;3;1;5;3;2;0
Champions Tour 2024: Americas Stage 2;Regular Season;Week 4;LOUD vs 100 Thieves;Lotus;LOUD;tuyz;100 Thieves;Asuna;1;2;-1;First Kills;raze;77;170;7;9;0;-2;0,55;110;0,33;3;3;0;attack;100 Thieves;2;1;LOUD won;8;1;3;1;5;3;2;0
Champions Tour 2024: Americas Stage 2;Regular Season;Week 4;Sentinels vs G2 Esports;Bind;Sentinels;TenZ;G2 Esports;trent;1;2;-1;All Kills;gekko;49;107;2;7;2;-5;0,43;75;0,07;1;1;0;defend;G2 Esports;0;2;G2 Esports won;4;2;0;0;7;0;6;0
Champions Tour 2024: Americas Stage 2;Regular Season;Week 4;Sentinels vs G2 Esports;Bind;Sentinels;Zellsis;G2 Esports;valyn;3;4;-1;All Kills;brimstone;75;230;13;17;6;-4;0,68;139;0,22;2;4;-2;both;G2 Esports;0;2;G2 Esports won;4;2;0;0;7;0;6;0
Champions Tour 2024: Americas Stage 2;Regular Season;Week 4;Sentinels vs G2 Esports;Bind;Sentinels;zekken;G2 Esports;valyn;5;3;2;All Kills;raze;109;277;11;10;2;1;0,67;174;0,21;1;2;-1;attack;G2 Esports;0;2;G2 Esports won;4;2;0;0;7;0;6;0
Champions Tour 2024: Americas Stage 2;Regular Season;Week 4;Sentinels vs G2 Esports;Bind;Sentinels;johnqt;G2 Esports;valyn;1;3;-2;All Kills;deadlock;59;170;3;7;3;-4;0,57;128;0,25;1;0;1;defend;G2 Esports;0;2;G2 Esports won;4;2;0;0;7;0;6;0
Champions Tour 2024: Americas Stage 2;Regular Season;Week 4;Sentinels vs G2 Esports;Bind;Sentinels;Sacy;G2 Esports;JonahP;1;3;-2;All Kills;fade;46;104;5;15;7;-10;0,47;79;0,31;0;3;-3;both;G2 Esports;0;2;G2 Esports won;4;2;0;0;7;0;6;0
Champions Tour 2024: Americas Stage 2;Regular Season;Week 4;Sentinels vs G2 Esports;Bind;Sentinels;Zellsis;G2 Esports;JonahP;0;3;-3;First Kills;brimstone;9;248;9;10;4;-1;0,83;152;0,24;1;3;-2;attack;G2 Esports;0;2;G2 Esports won;4;2;0;0;7;0;6;0
Champions Tour 2024: Americas Stage 2;Regular Season;Week 4;Sentinels vs G2 Esports;Bind;Sentinels;johnqt;G2 Esports;icy;0;1;-1;First Kills;deadlock;59;170;3;7;3;-4;0,57;128;0,25;1;0;1;defend;G2 Esports;0;2;G2 Esports won;4;2;0;0;7;0;6;0
Champions Tour 2024: Americas Stage 2;Regular Season;Week 4;Sentinels vs G2 Esports;Bind;Sentinels;Zellsis;G2 Esports;JonahP;0;1;-1;Op Kills;brimstone;75;230;13;17;6;-4;0,68;139;0,22;2;4;-2;both;G2 Esports;0;2;G2 Esports won;4;2;0;0;7;0;6;0
Champions Tour 2024: Americas Stage 2;Regular Season;Week 4;Sentinels vs G2 Esports;Lotus;Sentinels;TenZ;G2 Esports;icy;4;7;-3;All Kills;omen;15;303;13;9;2;4;0,83;189;0,38;1;1;0;attack;G2 Esports;0;2;G2 Esports won;5;0;4;0;3;3;6;1
Champions Tour 2024: Americas Stage 2;Regular Season;Week 4;Sentinels vs G2 Esports;Lotus;Sentinels;Zellsis;G2 Esports;icy;4;3;1;All Kills;cypher;74;219;8;8;2;0;0,8;119;0,24;0;1;-1;defend;G2 Esports;0;2;G2 Esports won;5;0;4;0;3;3;6;1
Champions Tour 2024: Americas Stage 2;Regular Season;Week 4;Sentinels vs G2 Esports;Lotus;Sentinels;johnqt;G2 Esports;leaf;3;1;2;All Kills;deadlock;136;202;19;12;4;7;0,77;115;0,26;1;1;0;both;G2 Esports;0;2;G2 Esports won;5;0;4;0;3;3;6;1
Champions Tour 2024: Americas Stage 2;Regular Season;Week 4;Sentinels vs G2 Esports;Lotus;Sentinels;Sacy;G2 Esports;leaf;5;2;3;All Kills;fade;63;174;6;10;6;-4;0,92;127;0,42;0;1;-1;attack;G2 Esports;0;2;G2 Esports won;5;0;4;0;3;3;6;1
Champions Tour 2024: Americas Stage 2;Regular Season;Week 4;Sentinels vs G2 Esports;Lotus;Sentinels;TenZ;G2 Esports;valyn;1;0;1;First Kills;omen;112;156;5;5;6;0;0,8;106;0,21;0;1;-1;defend;G2 Esports;0;2;G2 Esports won;5;0;4;0;3;3;6;1
Champions Tour 2024: Americas Stage 2;Regular Season;Week 4;Sentinels vs G2 Esports;Lotus;Sentinels;zekken;G2 Esports;JonahP;2;2;0;First Kills;raze;5;168;12;19;3;-7;0,64;113;0,19;6;6;0;both;G2 Esports;0;2;G2 Esports won;5;0;4;0;3;3;6;1
Champions Tour 2024: Americas Stage 2;Regular Season;Week 4;Sentinels vs G2 Esports;Lotus;Sentinels;Sacy;G2 Esports;icy;1;0;1;First Kills;fade;63;174;6;10;6;-4;0,92;127;0,42;0;1;-1;attack;G2 Esports;0;2;G2 Esports won;5;0;4;0;3;3;6;1
Champions Tour 2024: Americas Stage 2;Playoffs;Knockout Round;Sentinels vs 100 Thieves;Haven;Sentinels;johnqt;100 Thieves;bang;3;1;2;All Kills;killjoy;84;187;8;10;1;-2;0,58;121;0,13;0;0;0;defend;100 Thieves;0;2;100 Thieves won;3;1;3;0;9;3;1;0
Champions Tour 2024: Americas Stage 2;Playoffs;Knockout Round;Sentinels vs 100 Thieves;Haven;Sentinels;Zellsis;100 Thieves;Asuna;1;5;-4;All Kills;breach;75;134;10;13;6;-3;0,6;79;0,26;0;1;-1;both;100 Thieves;0;2;100 Thieves won;3;1;3;0;9;3;1;0
Champions Tour 2024: Americas Stage 2;Playoffs;Knockout Round;Sentinels vs 100 Thieves;Haven;Sentinels;Sacy;100 Thieves;Asuna;1;4;-3;All Kills;sova;84;131;3;5;3;-2;0,63;103;0,13;0;1;-1;attack;100 Thieves;0;2;100 Thieves won;3;1;3;0;9;3;1;0
Champions Tour 2024: Americas Stage 2;Playoffs;Knockout Round;Sentinels vs 100 Thieves;Haven;Sentinels;TenZ;100 Thieves;Asuna;4;4;0;All Kills;omen;14;296;12;8;3;4;0,83;184;0,28;2;2;0;defend;100 Thieves;0;2;100 Thieves won;3;1;3;0;9;3;1;0
Champions Tour 2024: Americas Stage 2;Playoffs;Knockout Round;Sentinels vs 100 Thieves;Haven;Sentinels;zekken;100 Thieves;Asuna;1;0;1;First Kills;jett;53;166;11;18;5;-7;0,55;106;0,28;3;3;0;both;100 Thieves;0;2;100 Thieves won;3;1;3;0;9;3;1;0
Champions Tour 2024: Americas Stage 2;Playoffs;Knockout Round;Sentinels vs 100 Thieves;Haven;Sentinels;Sacy;100 Thieves;Asuna;0;2;-2;First Kills;sova;84;131;3;5;3;-2;0,63;103;0,13;0;1;-1;attack;100 Thieves;0;2;100 Thieves won;3;1;3;0;9;3;1;0
Champions Tour 2024: Americas Stage 2;Playoffs;Knockout Round;Sentinels vs 100 Thieves;Haven;Sentinels;TenZ;100 Thieves;eeiu;1;0;1;First Kills;omen;14;296;12;8;3;4;0,83;184;0,28;2;2;0;defend;100 Thieves;0;2;100 Thieves won;3;1;3;0;9;3;1;0
Champions Tour 2024: Americas Stage 2;Playoffs;Knockout Round;Sentinels vs 100 Thieves;Ascent;Sentinels;johnqt;100 Thieves;Cryocells;2;5;-3;All Kills;deadlock;73;151;12;18;7;-6;0,83;109;0,31;1;2;-1;both;100 Thieves;0;2;100 Thieves won;6;3;0;1;9;1;3;0
Champions Tour 2024: Americas Stage 2;Playoffs;Knockout Round;Sentinels vs 100 Thieves;Ascent;Sentinels;zekken;100 Thieves;Cryocells;7;7;0;All Kills;jett;141;355;14;9;1;5;0,64;215;0,44;4;4;0;attack;100 Thieves;0;2;100 Thieves won;6;3;0;1;9;1;3;0
Champions Tour 2024: Americas Stage 2;Playoffs;Knockout Round;Sentinels vs 100 Thieves;Ascent;Sentinels;Zellsis;100 Thieves;Cryocells;2;4;-2;All Kills;cypher;82;156;7;8;1;-1;0,58;119;0,23;0;0;0;defend;100 Thieves;0;2;100 Thieves won;6;3;0;1;9;1;3;0
Champions Tour 2024: Americas Stage 2;Playoffs;Knockout Round;Sentinels vs 100 Thieves;Ascent;Sentinels;Sacy;100 Thieves;bang;1;7;-6;All Kills;sova;96;190;15;15;4;0;0,87;139;0,26;0;1;-1;both;100 Thieves;0;2;100 Thieves won;6;3;0;1;9;1;3;0
Champions Tour 2024: Americas Stage 2;Playoffs;Knockout Round;Sentinels vs 100 Thieves;Ascent;Sentinels;TenZ;100 Thieves;bang;4;10;-6;All Kills;omen;74;131;4;8;5;-4;0,64;99;0,24;0;0;0;attack;100 Thieves;0;2;100 Thieves won;6;3;0;1;9;1;3;0
Champions Tour 2024: Americas Stage 2;Playoffs;Knockout Round;Sentinels vs 100 Thieves;Ascent;Sentinels;zekken;100 Thieves;Cryocells;2;2;0;First Kills;jett;149;355;14;10;1;4;0,5;207;0,5;3;3;0;defend;100 Thieves;0;2;100 Thieves won;6;3;0;1;9;1;3;0
Champions Tour 2024: Americas Stage 2;Playoffs;Knockout Round;Sentinels vs 100 Thieves;Ascent;Sentinels;TenZ;100 Thieves;bang;0;2;-2;First Kills;omen;94;206;15;17;10;-2;0,7;133;0,35;2;2;0;both;100 Thieves;0;2;100 Thieves won;6;3;0;1;9;1;3;0
Champions Tour 2024: Americas Stage 2;Playoffs;Knockout Round;Sentinels vs 100 Thieves;Ascent;Sentinels;Sacy;100 Thieves;Cryocells;0;1;-1;Op Kills;sova;108;209;9;7;3;2;1;153;0,25;0;1;-1;attack;100 Thieves;0;2;100 Thieves won;6;3;0;1;9;1;3;0
Champions Tour 2024: Americas Stage 2;Playoffs;Upper Semifinals;G2 Esports vs 100 Thieves;Lotus;G2 Esports;trent;100 Thieves;Boostio;3;2;1;All Kills;fade;127;214;8;6;4;1,33;0,92;164;0,17;3;0;3;defend;100 Thieves;2;0;G2 Esports won;9;0;3;1;4;1;0;0
Champions Tour 2024: Americas Stage 2;Playoffs;Upper Semifinals;G2 Esports vs 100 Thieves;Lotus;G2 Esports;icy;100 Thieves;Asuna;3;1;2;All Kills;raze;46;120;7;14;3;0,5;0,72;89;0,08;2;4;-2;both;100 Thieves;2;0;G2 Esports won;9;0;3;1;4;1;0;0
Champions Tour 2024: Americas Stage 2;Playoffs;Upper Semifinals;G2 Esports vs 100 Thieves;Lotus;G2 Esports;valyn;100 Thieves;Asuna;1;1;0;All Kills;omen;172;305;7;3;3;2,33;1;184;0,17;0;0;0;attack;100 Thieves;2;0;G2 Esports won;9;0;3;1;4;1;0;0
Champions Tour 2024: Americas Stage 2;Playoffs;Upper Semifinals;G2 Esports vs 100 Thieves;Lotus;G2 Esports;JonahP;100 Thieves;Asuna;4;0;4;All Kills;viper;22;385;17;5;3;3,4;1;272;0,43;2;0;2;defend;100 Thieves;2;0;G2 Esports won;9;0;3;1;4;1;0;0
Champions Tour 2024: Americas Stage 2;Playoffs;Upper Semifinals;G2 Esports vs 100 Thieves;Lotus;G2 Esports;leaf;100 Thieves;Cryocells;7;0;7;All Kills;killjoy;141;247;19;9;3;2,11;0,78;170;0,14;2;0;2;both;100 Thieves;2;0;G2 Esports won;9;0;3;1;4;1;0;0
Champions Tour 2024: Americas Stage 2;Playoffs;Upper Semifinals;G2 Esports vs 100 Thieves;Lotus;G2 Esports;trent;100 Thieves;Cryocells;0;1;-1;First Kills;fade;136;243;5;3;5;1,67;1;134;0,17;2;1;1;attack;100 Thieves;2;0;G2 Esports won;9;0;3;1;4;1;0;0
Champions Tour 2024: Americas Stage 2;Playoffs;Upper Semifinals;G2 Esports vs 100 Thieves;Lotus;G2 Esports;valyn;100 Thieves;Asuna;1;0;1;First Kills;omen;8;167;6;9;6;0,67;0,83;110;0,18;1;0;1;defend;100 Thieves;2;0;G2 Esports won;9;0;3;1;4;1;0;0
Champions Tour 2024: Americas Stage 2;Playoffs;Upper Semifinals;G2 Esports vs 100 Thieves;Abyss;G2 Esports;trent;100 Thieves;eeiu;5;4;1;All Kills;sova;14;255;21;14;11;1,5;0,83;174;0,27;2;2;0;both;100 Thieves;2;0;G2 Esports won;5;2;6;0;6;1;3;0
Champions Tour 2024: Americas Stage 2;Playoffs;Upper Semifinals;G2 Esports vs 100 Thieves;Abyss;G2 Esports;icy;100 Thieves;eeiu;3;3;0;All Kills;yoru;57;166;6;10;2;0,6;0,36;100;0,19;1;2;-1;attack;100 Thieves;2;0;G2 Esports won;5;2;6;0;6;1;3;0
Champions Tour 2024: Americas Stage 2;Playoffs;Upper Semifinals;G2 Esports vs 100 Thieves;Abyss;G2 Esports;valyn;100 Thieves;eeiu;4;2;2;All Kills;astra;212;340;16;5;5;3,2;1;235;0,26;1;0;1;defend;100 Thieves;2;0;G2 Esports won;5;2;6;0;6;1;3;0
Champions Tour 2024: Americas Stage 2;Playoffs;Upper Semifinals;G2 Esports vs 100 Thieves;Abyss;G2 Esports;JonahP;100 Thieves;bang;6;1;5;All Kills;viper;69;183;15;19;4;0,79;0,65;105;0,2;3;2;1;both;100 Thieves;2;0;G2 Esports won;5;2;6;0;6;1;3;0
Champions Tour 2024: Americas Stage 2;Playoffs;Upper Semifinals;G2 Esports vs 100 Thieves;Abyss;G2 Esports;leaf;100 Thieves;bang;3;5;-2;All Kills;killjoy;86;227;9;9;1;1;0,64;134;0,25;2;1;1;attack;100 Thieves;2;0;G2 Esports won;5;2;6;0;6;1;3;0
Champions Tour 2024: Americas Stage 2;Playoffs;Upper Semifinals;G2 Esports vs 100 Thieves;Abyss;G2 Esports;trent;100 Thieves;Boostio;1;0;1;First Kills;sova;143;271;13;8;4;1,63;0,92;176;0,19;1;1;0;defend;100 Thieves;2;0;G2 Esports won;5;2;6;0;6;1;3;0
Champions Tour 2024: Americas Stage 2;Playoffs;Upper Semifinals;G2 Esports vs 100 Thieves;Abyss;G2 Esports;valyn;100 Thieves;Boostio;1;0;1;First Kills;astra;145;219;20;13;8;1,54;0,87;155;0,24;1;0;1;both;100 Thieves;2;0;G2 Esports won;5;2;6;0;6;1;3;0
Champions Tour 2024: Americas Stage 2;Playoffs;Upper Semifinals;G2 Esports vs 100 Thieves;Abyss;G2 Esports;trent;100 Thieves;Cryocells;0;1;-1;Op Kills;sova;136;238;8;6;7;1,33;0,73;172;0,39;1;1;0;attack;100 Thieves;2;0;G2 Esports won;5;2;6;0;6;1;3;0
Champions Tour 2024: Americas Stage 2;Playoffs;Upper Semifinals;G2 Esports vs 100 Thieves;Abyss;G2 Esports;leaf;100 Thieves;Cryocells;0;2;-2;Op Kills;killjoy;103;203;10;7;1;1,43;0,75;141;0,42;0;0;0;defend;100 Thieves;2;0;G2 Esports won;5;2;6;0;6;1;3;0
Champions Tour 2024: Americas Stage 2;Playoffs;Grand Final;G2 Esports vs LEVIATÁN;Lotus;G2 Esports;leaf;LEVIATÁN;tex;3;2;1;All Kills;killjoy;92;202;16;21;6;0,76;0,68;138;0,16;3;3;0;both;LEVIATÁN;1;3;LEVIATÁN won;6;4;1;2;11;2;2;0
Champions Tour 2024: Americas Stage 2;Playoffs;Grand Final;G2 Esports vs LEVIATÁN;Lotus;G2 Esports;trent;LEVIATÁN;tex;2;3;-1;All Kills;fade;45;133;5;12;7;0,42;0,64;93;0,19;0;2;-2;attack;LEVIATÁN;1;3;LEVIATÁN won;6;4;1;2;11;2;2;0
Champions Tour 2024: Americas Stage 2;Playoffs;Grand Final;G2 Esports vs LEVIATÁN;Lotus;G2 Esports;icy;LEVIATÁN;tex;5;5;0;All Kills;raze;108;194;10;9;2;1,11;0,64;145;0,24;3;3;0;defend;LEVIATÁN;1;3;LEVIATÁN won;6;4;1;2;11;2;2;0
Champions Tour 2024: Americas Stage 2;Playoffs;Grand Final;G2 Esports vs LEVIATÁN;Lotus;G2 Esports;valyn;LEVIATÁN;Mazino;6;6;0;All Kills;omen;124;222;23;19;15;1,21;0,75;135;0,26;1;3;-2;both;LEVIATÁN;1;3;LEVIATÁN won;6;4;1;2;11;2;2;0
Champions Tour 2024: Americas Stage 2;Playoffs;Grand Final;G2 Esports vs LEVIATÁN;Lotus;G2 Esports;JonahP;LEVIATÁN;aspas;0;1;-1;First Kills;viper;97;199;10;12;3;0,83;0,64;120;0,2;0;2;-2;attack;LEVIATÁN;1;3;LEVIATÁN won;6;4;1;2;11;2;2;0
Champions Tour 2024: Americas Stage 2;Playoffs;Grand Final;G2 Esports vs LEVIATÁN;Lotus;G2 Esports;trent;LEVIATÁN;kiNgg;0;2;-2;First Kills;fade;76;164;7;10;8;0,7;0,86;103;0,12;1;1;0;defend;LEVIATÁN;1;3;LEVIATÁN won;6;4;1;2;11;2;2;0
Champions Tour 2024: Americas Stage 2;Playoffs;Grand Final;G2 Esports vs LEVIATÁN;Lotus;G2 Esports;icy;LEVIATÁN;aspas;1;3;-2;First Kills;raze;78;171;16;22;6;0,73;0,61;124;0,15;6;6;0;both;LEVIATÁN;1;3;LEVIATÁN won;6;4;1;2;11;2;2;0
Champions Tour 2024: Americas Stage 2;Playoffs;Grand Final;G2 Esports vs LEVIATÁN;Lotus;G2 Esports;valyn;LEVIATÁN;aspas;1;0;1;First Kills;omen;79;144;8;11;6;0,73;0,64;82;0,29;0;2;-2;attack;LEVIATÁN;1;3;LEVIATÁN won;6;4;1;2;11;2;2;0
Champions Tour 2024: Americas Stage 2;Playoffs;Grand Final;G2 Esports vs LEVIATÁN;Haven;G2 Esports;JonahP;LEVIATÁN;tex;4;4;0;All Kills;breach;133;237;14;9;7;1,56;0,73;134;0,22;0;0;0;defend;LEVIATÁN;1;3;LEVIATÁN won;7;1;6;0;10;0;6;0
Champions Tour 2024: Americas Stage 2;Playoffs;Grand Final;G2 Esports vs LEVIATÁN;Haven;G2 Esports;leaf;LEVIATÁN;Mazino;7;7;0;All Kills;killjoy;116;234;24;24;9;1;0,7;148;0,16;4;3;1;both;LEVIATÁN;1;3;LEVIATÁN won;7;1;6;0;10;0;6;0
Champions Tour 2024: Americas Stage 2;Playoffs;Grand Final;G2 Esports vs LEVIATÁN;Haven;G2 Esports;trent;LEVIATÁN;Mazino;5;4;1;All Kills;sova;86;159;10;11;3;0,91;0,73;109;0,25;0;0;0;attack;LEVIATÁN;1;3;LEVIATÁN won;7;1;6;0;10;0;6;0
Champions Tour 2024: Americas Stage 2;Playoffs;Grand Final;G2 Esports vs LEVIATÁN;Haven;G2 Esports;icy;LEVIATÁN;Mazino;6;3;3;All Kills;jett;1;214;10;10;4;1;0,73;150;0,21;3;4;-1;defend;LEVIATÁN;1;3;LEVIATÁN won;7;1;6;0;10;0;6;0
Champions Tour 2024: Americas Stage 2;Playoffs;Grand Final;G2 Esports vs LEVIATÁN;Haven;G2 Esports;valyn;LEVIATÁN;kiNgg;0;6;-6;All Kills;omen;81;147;15;24;19;0,63;0,73;77;0,13;5;6;-1;both;LEVIATÁN;1;3;LEVIATÁN won;7;1;6;0;10;0;6;0
Champions Tour 2024: Americas Stage 2;Playoffs;Grand Final;G2 Esports vs LEVIATÁN;Haven;G2 Esports;leaf;LEVIATÁN;aspas;2;1;1;First Kills;killjoy;148;322;17;12;5;1,42;0,8;191;0,18;3;1;2;attack;LEVIATÁN;1;3;LEVIATÁN won;7;1;6;0;10;0;6;0
Champions Tour 2024: Americas Stage 2;Playoffs;Grand Final;G2 Esports vs LEVIATÁN;Haven;G2 Esports;icy;LEVIATÁN;kiNgg;1;0;1;First Kills;jett;1;214;10;10;4;1;0,73;150;0,21;3;4;-1;defend;LEVIATÁN;1;3;LEVIATÁN won;7;1;6;0;10;0;6;0
Champions Tour 2024: Americas Stage 2;Playoffs;Grand Final;G2 Esports vs LEVIATÁN;Haven;G2 Esports;valyn;LEVIATÁN;aspas;4;2;2;First Kills;omen;81;147;15;24;19;0,63;0,73;77;0,13;5;6;-1;both;LEVIATÁN;1;3;LEVIATÁN won;7;1;6;0;10;0;6;0
Champions Tour 2024: Americas Stage 2;Playoffs;Grand Final;G2 Esports vs LEVIATÁN;Bind;G2 Esports;JonahP;LEVIATÁN;tex;5;0;5;All Kills;skye;32;99;3;11;3;0,27;0,42;72;0,14;0;3;-3;attack;LEVIATÁN;1;3;LEVIATÁN won;5;1;7;0;2;0;7;0
Champions Tour 2024: Americas Stage 2;Playoffs;Grand Final;G2 Esports vs LEVIATÁN;Bind;G2 Esports;leaf;LEVIATÁN;tex;4;2;2;All Kills;viper;168;292;11;4;8;2,75;1;212;0,24;1;0;1;defend;LEVIATÁN;1;3;LEVIATÁN won;5;1;7;0;2;0;7;0
Champions Tour 2024: Americas Stage 2;Playoffs;Grand Final;G2 Esports vs LEVIATÁN;Bind;G2 Esports;trent;LEVIATÁN;Mazino;1;3;-2;All Kills;gekko;75;125;9;16;11;0,56;0,68;82;0,23;2;0;2;both;LEVIATÁN;1;3;LEVIATÁN won;5;1;7;0;2;0;7;0
Champions Tour 2024: Americas Stage 2;Playoffs;Grand Final;G2 Esports vs LEVIATÁN;Bind;G2 Esports;icy;LEVIATÁN;Mazino;3;3;0;All Kills;raze;101;257;10;11;3;0,91;0,75;178;0,23;1;2;-1;attack;LEVIATÁN;1;3;LEVIATÁN won;5;1;7;0;2;0;7;0
Champions Tour 2024: Americas Stage 2;Playoffs;Grand Final;G2 Esports vs LEVIATÁN;Bind;G2 Esports;valyn;LEVIATÁN;Mazino;1;6;-5;All Kills;brimstone;86;218;8;7;2;1,14;1;126;0,22;2;0;2;defend;LEVIATÁN;1;3;LEVIATÁN won;5;1;7;0;2;0;7;0
Champions Tour 2024: Americas Stage 2;Playoffs;Grand Final;G2 Esports vs LEVIATÁN;Bind;G2 Esports;JonahP;LEVIATÁN;aspas;1;1;0;First Kills;skye;128;216;18;13;6;1,38;0,64;152;0,31;1;3;-2;both;LEVIATÁN;1;3;LEVIATÁN won;5;1;7;0;2;0;7;0
Champions Tour 2024: Americas Stage 2;Playoffs;Grand Final;G2 Esports vs LEVIATÁN;Bind;G2 Esports;trent;LEVIATÁN;C0M;1;0;1;First Kills;gekko;6;123;5;10;4;0,5;0,5;81;0,15;0;0;0;attack;LEVIATÁN;1;3;LEVIATÁN won;5;1;7;0;2;0;7;0
Champions Tour 2024: Americas Stage 2;Playoffs;Grand Final;G2 Esports vs LEVIATÁN;Bind;G2 Esports;valyn;LEVIATÁN;Mazino;0;2;-2;First Kills;brimstone;86;218;8;7;2;1,14;1;126;0,22;2;0;2;defend;LEVIATÁN;1;3;LEVIATÁN won;5;1;7;0;2;0;7;0
Champions Tour 2024: Americas Stage 2;Playoffs;Grand Final;G2 Esports vs LEVIATÁN;Ascent;G2 Esports;JonahP;LEVIATÁN;aspas;0;6;-6;All Kills;kayo;39;112;6;16;6;0,38;0,47;78;0,15;1;2;-1;both;LEVIATÁN;1;3;LEVIATÁN won;0;0;3;1;12;0;1;0
Champions Tour 2024: Americas Stage 2;Playoffs;Grand Final;G2 Esports vs LEVIATÁN;Ascent;G2 Esports;leaf;LEVIATÁN;aspas;2;6;-4;All Kills;killjoy;2;5;0;5;0;0;0,2;7;0;0;2;-2;attack;LEVIATÁN;1;3;LEVIATÁN won;0;0;3;1;12;0;1;0
Champions Tour 2024: Americas Stage 2;Playoffs;Grand Final;G2 Esports vs LEVIATÁN;Ascent;G2 Esports;trent;LEVIATÁN;aspas;0;3;-3;All Kills;sova;6;171;4;11;4;0,36;0,5;136;0,19;1;0;1;defend;LEVIATÁN;1;3;LEVIATÁN won;0;0;3;1;12;0;1;0
Champions Tour 2024: Americas Stage 2;Playoffs;Grand Final;G2 Esports vs LEVIATÁN;Ascent;G2 Esports;icy;LEVIATÁN;C0M;1;3;-2;All Kills;jett;49;81;5;14;4;0,36;0,47;67;0,17;0;2;-2;both;LEVIATÁN;1;3;LEVIATÁN won;0;0;3;1;12;0;1;0
Champions Tour 2024: Americas Stage 2;Playoffs;Grand Final;G2 Esports vs LEVIATÁN;Ascent;G2 Esports;valyn;LEVIATÁN;C0M;3;3;0;All Kills;omen;14;323;5;5;1;1;0,6;177;0,33;1;0;1;attack;LEVIATÁN;1;3;LEVIATÁN won;0;0;3;1;12;0;1;0
Champions Tour 2024: Americas Stage 2;Playoffs;Grand Final;G2 Esports vs LEVIATÁN;Ascent;G2 Esports;leaf;LEVIATÁN;Mazino;0;1;-1;First Kills;killjoy;57;99;5;10;1;0,5;0,58;55;0,23;1;1;0;defend;LEVIATÁN;1;3;LEVIATÁN won;0;0;3;1;12;0;1;0
Champions Tour 2024: Americas Stage 2;Playoffs;Grand Final;G2 Esports vs LEVIATÁN;Ascent;G2 Esports;icy;LEVIATÁN;aspas;0;1;-1;First Kills;jett;49;81;5;14;4;0,36;0,47;67;0,17;0;2;-2;both;LEVIATÁN;1;3;LEVIATÁN won;0;0;3;1;12;0;1;0
Champions Tour 2024: Americas Stage 2;Playoffs;Grand Final;G2 Esports vs LEVIATÁN;Ascent;G2 Esports;trent;LEVIATÁN;aspas;0;1;-1;Op Kills;sova;1;16;0;5;2;0;0,4;11;0;0;2;-2;attack;LEVIATÁN;1;3;LEVIATÁN won;0;0;3;1;12;0;1;0
Champions Tour 2024: Pacific Stage 2;Regular Season;Week 1;T1 vs Gen.G;Split;T1;stax;Gen.G;t3xture;3;5;-2;All Kills;skye;113;223;11;9;3;2;0,93;126;0,23;2;0;2;defend;Gen.G;1;2;Gen.G won;9;1;3;0;10;3;1;1
Champions Tour 2024: Pacific Stage 2;Regular Season;Week 1;T1 vs Gen.G;Split;T1;iZu;Gen.G;Munchkin;4;5;-1;All Kills;raze;102;258;26;22;5;4;0,71;176;0,22;3;6;-3;both;Gen.G;1;2;Gen.G won;9;1;3;0;10;3;1;1
Champions Tour 2024: Pacific Stage 2;Regular Season;Week 1;T1 vs Gen.G;Split;T1;Rossy;Gen.G;Munchkin;6;2;4;All Kills;viper;12;205;10;7;2;3;0,71;130;0,47;1;1;0;attack;Gen.G;1;2;Gen.G won;9;1;3;0;10;3;1;1
Champions Tour 2024: Pacific Stage 2;Regular Season;Week 1;T1 vs Gen.G;Split;T1;Sayaplayer;Gen.G;Munchkin;5;4;1;All Kills;chamber;131;238;13;8;1;5;0,71;144;0,35;1;1;0;defend;Gen.G;1;2;Gen.G won;9;1;3;0;10;3;1;1
Champions Tour 2024: Pacific Stage 2;Regular Season;Week 1;T1 vs Gen.G;Split;T1;xccurate;Gen.G;Meteor;3;7;-4;All Kills;omen;34;81;6;22;12;-16;0,68;59;0,17;1;2;-1;both;Gen.G;1;2;Gen.G won;9;1;3;0;10;3;1;1
Champions Tour 2024: Pacific Stage 2;Regular Season;Week 1;T1 vs Gen.G;Split;T1;iZu;Gen.G;t3xture;1;2;-1;First Kills;raze;107;279;14;12;4;2;0,71;197;0,21;2;4;-2;attack;Gen.G;1;2;Gen.G won;9;1;3;0;10;3;1;1
Champions Tour 2024: Pacific Stage 2;Regular Season;Week 1;T1 vs Gen.G;Split;T1;Rossy;Gen.G;Munchkin;1;0;1;First Kills;viper;77;198;9;11;6;-2;0,79;135;0,32;3;2;1;defend;Gen.G;1;2;Gen.G won;9;1;3;0;10;3;1;1
Champions Tour 2024: Pacific Stage 2;Regular Season;Week 1;T1 vs Gen.G;Split;T1;Sayaplayer;Gen.G;Karon;1;0;1;First Kills;chamber;105;224;24;18;1;6;0,64;131;0,29;4;3;1;both;Gen.G;1;2;Gen.G won;9;1;3;0;10;3;1;1
Champions Tour 2024: Pacific Stage 2;Regular Season;Week 1;T1 vs Gen.G;Split;T1;Sayaplayer;Gen.G;t3xture;2;2;0;Op Kills;chamber;79;211;11;10;0;1;0,57;119;0,21;3;2;1;attack;Gen.G;1;2;Gen.G won;9;1;3;0;10;3;1;1
Champions Tour 2024: Pacific Stage 2;Regular Season;Week 1;T1 vs Gen.G;Lotus;T1;stax;Gen.G;t3xture;3;3;0;All Kills;fade;97;179;7;7;8;0;0,92;118;0,24;1;1;0;defend;Gen.G;1;2;Gen.G won;10;1;2;0;2;1;2;0
Champions Tour 2024: Pacific Stage 2;Regular Season;Week 1;T1 vs Gen.G;Lotus;T1;iZu;Gen.G;Munchkin;3;3;0;All Kills;raze;101;237;16;12;3;4;0,78;146;0,23;2;4;-2;both;Gen.G;1;2;Gen.G won;10;1;2;0;2;1;2;0
Champions Tour 2024: Pacific Stage 2;Regular Season;Week 1;T1 vs Gen.G;Lotus;T1;Rossy;Gen.G;Munchkin;3;2;1;All Kills;viper;113;177;4;3;0;1;0,83;113;0,13;0;0;0;attack;Gen.G;1;2;Gen.G won;10;1;2;0;2;1;2;0
Champions Tour 2024: Pacific Stage 2;Regular Season;Week 1;T1 vs Gen.G;Lotus;T1;Sayaplayer;Gen.G;Munchkin;5;1;4;All Kills;chamber;222;366;17;5;2;12;0,92;231;0,15;2;1;1;defend;Gen.G;1;2;Gen.G won;10;1;2;0;2;1;2;0
Champions Tour 2024: Pacific Stage 2;Regular Season;Week 1;T1 vs Gen.G;Lotus;T1;xccurate;Gen.G;Meteor;5;2;3;All Kills;omen;88;155;11;11;6;0;0,67;103;0,28;0;3;-3;both;Gen.G;1;2;Gen.G won;10;1;2;0;2;1;2;0
Champions Tour 2024: Pacific Stage 2;Regular Season;Week 1;T1 vs Gen.G;Lotus;T1;iZu;Gen.G;t3xture;1;0;1;First Kills;raze;8;84;2;5;0;-3;0,5;49;0,17;0;2;-2;attack;Gen.G;1;2;Gen.G won;10;1;2;0;2;1;2;0
Champions Tour 2024: Pacific Stage 2;Regular Season;Week 1;T1 vs Gen.G;Lotus;T1;Sayaplayer;Gen.G;t3xture;3;0;3;First Kills;chamber;222;366;17;5;2;12;0,92;231;0,15;2;1;1;defend;Gen.G;1;2;Gen.G won;10;1;2;0;2;1;2;0
Champions Tour 2024: Pacific Stage 2;Regular Season;Week 1;T1 vs Gen.G;Lotus;T1;xccurate;Gen.G;Lakia;0;1;-1;First Kills;omen;88;155;11;11;6;0;0,67;103;0,28;0;3;-3;both;Gen.G;1;2;Gen.G won;10;1;2;0;2;1;2;0
Champions Tour 2024: Pacific Stage 2;Regular Season;Week 1;T1 vs Gen.G;Lotus;T1;Sayaplayer;Gen.G;Lakia;1;0;1;Op Kills;chamber;158;307;7;4;1;3;0,83;169;0,13;3;0;3;attack;Gen.G;1;2;Gen.G won;10;1;2;0;2;1;2;0
Champions Tour 2024: Pacific Stage 2;Regular Season;Week 1;T1 vs Gen.G;Sunset;T1;stax;Gen.G;Lakia;3;2;1;All Kills;breach;13;303;12;8;4;4;0,67;191;0,46;0;2;-2;defend;Gen.G;1;2;Gen.G won;5;2;1;1;7;3;3;0
Champions Tour 2024: Pacific Stage 2;Regular Season;Week 1;T1 vs Gen.G;Sunset;T1;iZu;Gen.G;Karon;0;7;-7;All Kills;raze;9;257;18;19;7;-1;0,73;175;0,21;8;4;4;both;Gen.G;1;2;Gen.G won;5;2;1;1;7;3;3;0
Champions Tour 2024: Pacific Stage 2;Regular Season;Week 1;T1 vs Gen.G;Sunset;T1;Rossy;Gen.G;Karon;4;5;-1;All Kills;gekko;132;258;9;6;2;3;1;161;0,17;1;1;0;attack;Gen.G;1;2;Gen.G won;5;2;1;1;7;3;3;0
Champions Tour 2024: Pacific Stage 2;Regular Season;Week 1;T1 vs Gen.G;Sunset;T1;Sayaplayer;Gen.G;Karon;5;3;2;All Kills;sage;108;186;7;5;1;2;0,75;161;0,37;1;0;1;defend;Gen.G;1;2;Gen.G won;5;2;1;1;7;3;3;0
Champions Tour 2024: Pacific Stage 2;Regular Season;Week 1;T1 vs Gen.G;Sunset;T1;stax;Gen.G;Meteor;0;2;-2;First Kills;breach;113;255;18;16;11;2;0,77;161;0,45;0;2;-2;both;Gen.G;1;2;Gen.G won;5;2;1;1;7;3;3;0
Champions Tour 2024: Pacific Stage 2;Regular Season;Week 1;T1 vs Gen.G;Sunset;T1;Rossy;Gen.G;Meteor;1;1;0;First Kills;gekko;132;258;9;6;2;3;1;161;0,17;1;1;0;attack;Gen.G;1;2;Gen.G won;5;2;1;1;7;3;3;0
Champions Tour 2024: Pacific Stage 2;Regular Season;Week 1;T1 vs Gen.G;Sunset;T1;xccurate;Gen.G;Karon;0;1;-1;First Kills;omen;66;86;4;6;1;-2;0,67;51;0,33;1;1;0;defend;Gen.G;1;2;Gen.G won;5;2;1;1;7;3;3;0
Champions Tour 2024: Pacific Stage 2;Regular Season;Week 1;Paper Rex vs Talon Esports;Icebox;Paper Rex;mindfreak;Talon Esports;JitBoyS;4;2;2;All Kills;viper;118;186;13;8;2;5;0,71;133;0,44;3;1;2;both;Talon Esports;2;0;Paper Rex won;8;4;1;0;2;0;2;0
Champions Tour 2024: Pacific Stage 2;Regular Season;Week 1;Paper Rex vs Talon Esports;Icebox;Paper Rex;d4v41;Talon Esports;JitBoyS;3;2;1;All Kills;killjoy;8;119;5;7;2;-2;1;83;0,22;0;0;0;attack;Talon Esports;2;0;Paper Rex won;8;4;1;0;2;0;2;0
Champions Tour 2024: Pacific Stage 2;Regular Season;Week 1;Paper Rex vs Talon Esports;Icebox;Paper Rex;f0rsakeN;Talon Esports;JitBoyS;4;0;4;All Kills;kayo;179;296;6;2;3;4;1;174;0,31;0;0;0;defend;Talon Esports;2;0;Paper Rex won;8;4;1;0;2;0;2;0
Champions Tour 2024: Pacific Stage 2;Regular Season;Week 1;Paper Rex vs Talon Esports;Icebox;Paper Rex;Jinggg;Talon Esports;Governor;2;2;0;All Kills;sage;144;179;12;5;9;7;0,82;110;0,15;1;2;-1;both;Talon Esports;2;0;Paper Rex won;8;4;1;0;2;0;2;0
Champions Tour 2024: Pacific Stage 2;Regular Season;Week 1;Paper Rex vs Talon Esports;Icebox;Paper Rex;mindfreak;Talon Esports;ban;1;1;0;First Kills;viper;11;197;9;7;1;2;0,67;128;0,44;3;0;3;attack;Talon Esports;2;0;Paper Rex won;8;4;1;0;2;0;2;0
Champions Tour 2024: Pacific Stage 2;Regular Season;Week 1;Paper Rex vs Talon Esports;Icebox;Paper Rex;something;Talon Esports;Governor;3;0;3;First Kills;jett;119;217;4;3;1;1;0,6;149;0;1;0;1;defend;Talon Esports;2;0;Paper Rex won;8;4;1;0;2;0;2;0
Champions Tour 2024: Pacific Stage 2;Regular Season;Week 1;Paper Rex vs Talon Esports;Icebox;Paper Rex;d4v41;Talon Esports;ban;1;0;1;Op Kills;killjoy;108;205;12;11;3;1;0,94;115;0,22;2;0;2;both;Talon Esports;2;0;Paper Rex won;8;4;1;0;2;0;2;0
Champions Tour 2024: Pacific Stage 2;Regular Season;Week 1;Paper Rex vs Talon Esports;Icebox;Paper Rex;something;Talon Esports;Surf;1;1;0;Op Kills;jett;118;271;11;7;1;4;0,83;151;0,19;5;1;4;attack;Talon Esports;2;0;Paper Rex won;8;4;1;0;2;0;2;0
Champions Tour 2024: Pacific Stage 2;Regular Season;Week 1;Paper Rex vs Talon Esports;Sunset;Paper Rex;mindfreak;Talon Esports;JitBoyS;4;1;3;All Kills;omen;107;170;5;6;4;-1;0,88;124;0,33;0;1;-1;defend;Talon Esports;2;0;Paper Rex won;9;3;1;0;6;0;1;0
Champions Tour 2024: Pacific Stage 2;Regular Season;Week 1;Paper Rex vs Talon Esports;Sunset;Paper Rex;f0rsakeN;Talon Esports;Governor;3;2;1;All Kills;breach;124;202;16;11;10;5;0,95;139;0,24;2;2;0;both;Talon Esports;2;0;Paper Rex won;9;3;1;0;6;0;1;0
Champions Tour 2024: Pacific Stage 2;Regular Season;Week 1;Paper Rex vs Talon Esports;Sunset;Paper Rex;something;Talon Esports;Governor;7;5;2;All Kills;gekko;11;193;9;7;3;2;0,83;128;0,53;1;2;-1;attack;Talon Esports;2;0;Paper Rex won;9;3;1;0;6;0;1;0
Champions Tour 2024: Pacific Stage 2;Regular Season;Week 1;Paper Rex vs Talon Esports;Sunset;Paper Rex;Jinggg;Talon Esports;Governor;4;2;2;All Kills;raze;142;290;7;5;5;2;0,88;197;0,16;1;0;1;defend;Talon Esports;2;0;Paper Rex won;9;3;1;0;6;0;1;0
Champions Tour 2024: Pacific Stage 2;Regular Season;Week 1;Paper Rex vs Talon Esports;Sunset;Paper Rex;mindfreak;Talon Esports;Surf;1;0;1;First Kills;omen;85;157;10;14;10;-4;0,75;115;0,26;1;2;-1;both;Talon Esports;2;0;Paper Rex won;9;3;1;0;6;0;1;0
Champions Tour 2024: Pacific Stage 2;Regular Season;Week 1;Paper Rex vs Talon Esports;Sunset;Paper Rex;f0rsakeN;Talon Esports;JitBoyS;0;1;-1;First Kills;breach;15;222;10;5;7;5;1;147;0,19;0;1;-1;attack;Talon Esports;2;0;Paper Rex won;9;3;1;0;6;0;1;0
Champions Tour 2024: Pacific Stage 2;Regular Season;Week 1;Paper Rex vs Talon Esports;Sunset;Paper Rex;Jinggg;Talon Esports;ban;0;2;-2;First Kills;raze;142;290;7;5;5;2;0,88;197;0,16;1;0;1;defend;Talon Esports;2;0;Paper Rex won;9;3;1;0;6;0;1;0
Champions Tour 2024: Pacific Stage 2;Regular Season;Week 1;Paper Rex vs Talon Esports;Sunset;Paper Rex;something;Talon Esports;Governor;0;1;-1;Op Kills;gekko;95;212;16;14;4;2;0,85;142;0,33;2;3;-1;both;Talon Esports;2;0;Paper Rex won;9;3;1;0;6;0;1;0
Champions Tour 2024: Pacific Stage 2;Regular Season;Week 2;Paper Rex vs DRX;Split;Paper Rex;mindfreak;DRX;Foxy9;2;1;1;All Kills;omen;164;280;13;4;3;9;0,92;194;0,48;0;1;-1;attack;DRX;2;1;Paper Rex won;10;2;1;0;2;0;0;2
Champions Tour 2024: Pacific Stage 2;Regular Season;Week 2;Paper Rex vs DRX;Split;Paper Rex;f0rsakeN;DRX;Foxy9;2;1;1;All Kills;skye;84;165;3;3;3;0;0,8;133;0,25;1;0;1;defend;DRX;2;1;Paper Rex won;10;2;1;0;2;0;0;2
Champions Tour 2024: Pacific Stage 2;Regular Season;Week 2;Paper Rex vs DRX;Split;Paper Rex;d4v41;DRX;BeYN;4;1;3;All Kills;viper;122;209;13;9;4;4;0,76;150;0,37;1;3;-2;both;DRX;2;1;Paper Rex won;10;2;1;0;2;0;0;2
Champions Tour 2024: Pacific Stage 2;Regular Season;Week 2;Paper Rex vs DRX;Split;Paper Rex;something;DRX;BeYN;4;2;2;All Kills;jett;121;265;11;8;1;3;0,67;157;0,2;2;2;0;attack;DRX;2;1;Paper Rex won;10;2;1;0;2;0;0;2
Champions Tour 2024: Pacific Stage 2;Regular Season;Week 2;Paper Rex vs DRX;Split;Paper Rex;mindfreak;DRX;Flashback;0;1;-1;First Kills;omen;151;346;7;3;0;4;0,8;178;0,75;1;1;0;defend;DRX;2;1;Paper Rex won;10;2;1;0;2;0;0;2
Champions Tour 2024: Pacific Stage 2;Regular Season;Week 2;Paper Rex vs DRX;Split;Paper Rex;d4v41;DRX;BeYN;0;1;-1;First Kills;viper;122;209;13;9;4;4;0,76;150;0,37;1;3;-2;both;DRX;2;1;Paper Rex won;10;2;1;0;2;0;0;2
Champions Tour 2024: Pacific Stage 2;Regular Season;Week 2;Paper Rex vs DRX;Split;Paper Rex;something;DRX;Flashback;0;1;-1;First Kills;jett;121;265;11;8;1;3;0,67;157;0,2;2;2;0;attack;DRX;2;1;Paper Rex won;10;2;1;0;2;0;0;2
Champions Tour 2024: Pacific Stage 2;Regular Season;Week 2;Paper Rex vs DRX;Split;Paper Rex;d4v41;DRX;MaKo;1;0;1;Op Kills;viper;179;289;6;2;2;4;0,8;208;0,6;0;1;-1;defend;DRX;2;1;Paper Rex won;10;2;1;0;2;0;0;2
Champions Tour 2024: Pacific Stage 2;Regular Season;Week 2;Paper Rex vs DRX;Haven;Paper Rex;mindfreak;DRX;MaKo;3;3;0;All Kills;omen;87;155;11;13;6;-2;0,67;101;0,44;0;1;-1;both;DRX;2;1;Paper Rex won;7;0;1;0;10;3;0;0
Champions Tour 2024: Pacific Stage 2;Regular Season;Week 2;Paper Rex vs DRX;Haven;Paper Rex;f0rsakeN;DRX;MaKo;3;1;2;All Kills;yoru;13;250;11;7;3;4;0,92;168;0,32;3;1;2;attack;DRX;2;1;Paper Rex won;7;0;1;0;10;3;0;0
Champions Tour 2024: Pacific Stage 2;Regular Season;Week 2;Paper Rex vs DRX;Haven;Paper Rex;Jinggg;DRX;MaKo;3;2;1;All Kills;iso;3;131;4;8;1;-4;0,67;86;0,44;1;1;0;defend;DRX;2;1;Paper Rex won;7;0;1;0;10;3;0;0
Champions Tour 2024: Pacific Stage 2;Regular Season;Week 2;Paper Rex vs DRX;Haven;Paper Rex;d4v41;DRX;Foxy9;2;2;0;All Kills;killjoy;63;152;10;15;2;-5;0,62;112;0,22;3;0;3;both;DRX;2;1;Paper Rex won;7;0;1;0;10;3;0;0
Champions Tour 2024: Pacific Stage 2;Regular Season;Week 2;Paper Rex vs DRX;Haven;Paper Rex;something;DRX;Foxy9;2;2;0;All Kills;fade;12;235;10;7;4;3;0,92;158;0,24;1;0;1;attack;DRX;2;1;Paper Rex won;7;0;1;0;10;3;0;0
Champions Tour 2024: Pacific Stage 2;Regular Season;Week 2;Paper Rex vs DRX;Haven;Paper Rex;f0rsakeN;DRX;Foxy9;3;0;3;First Kills;yoru;119;262;8;8;1;0;0,44;172;0,42;3;2;1;defend;DRX;2;1;Paper Rex won;7;0;1;0;10;3;0;0
Champions Tour 2024: Pacific Stage 2;Regular Season;Week 2;Paper Rex vs DRX;Haven;Paper Rex;d4v41;DRX;Foxy9;1;0;1;First Kills;killjoy;63;152;10;15;2;-5;0,62;112;0,22;3;0;3;both;DRX;2;1;Paper Rex won;7;0;1;0;10;3;0;0
Champions Tour 2024: Pacific Stage 2;Regular Season;Week 2;Paper Rex vs DRX;Haven;Paper Rex;d4v41;DRX;BeYN;1;0;1;Op Kills;killjoy;72;165;6;8;1;-2;0,58;120;0,11;2;0;2;attack;DRX;2;1;Paper Rex won;7;0;1;0;10;3;0;0
Champions Tour 2024: Pacific Stage 2;Regular Season;Week 2;Paper Rex vs DRX;Icebox;Paper Rex;mindfreak;DRX;BuZz;4;3;1;All Kills;viper;83;104;2;3;0;-1;1;72;0,4;1;0;1;defend;DRX;2;1;Paper Rex won;10;1;2;0;3;1;1;0
Champions Tour 2024: Pacific Stage 2;Regular Season;Week 2;Paper Rex vs DRX;Icebox;Paper Rex;f0rsakeN;DRX;MaKo;2;3;-1;All Kills;kayo;123;247;15;12;12;3;0,78;154;0,37;0;2;-2;both;DRX;2;1;Paper Rex won;10;1;2;0;3;1;1;0
Champions Tour 2024: Pacific Stage 2;Regular Season;Week 2;Paper Rex vs DRX;Icebox;Paper Rex;Jinggg;DRX;MaKo;2;0;2;All Kills;sage;126;217;9;6;7;3;0,83;141;0,6;1;3;-2;attack;DRX;2;1;Paper Rex won;10;1;2;0;3;1;1;0
Champions Tour 2024: Pacific Stage 2;Regular Season;Week 2;Paper Rex vs DRX;Icebox;Paper Rex;d4v41;DRX;MaKo;5;0;5;All Kills;killjoy;211;339;7;3;2;4;0,83;254;0,35;2;0;2;defend;DRX;2;1;Paper Rex won;10;1;2;0;3;1;1;0
Champions Tour 2024: Pacific Stage 2;Regular Season;Week 2;Paper Rex vs DRX;Icebox;Paper Rex;something;DRX;Foxy9;4;1;3;All Kills;jett;99;230;15;13;2;2;0,78;157;0,28;1;3;-2;both;DRX;2;1;Paper Rex won;10;1;2;0;3;1;1;0
Champions Tour 2024: Pacific Stage 2;Regular Season;Week 2;Paper Rex vs DRX;Icebox;Paper Rex;Jinggg;DRX;BuZz;1;1;0;First Kills;sage;126;217;9;6;7;3;0,83;141;0,6;1;3;-2;attack;DRX;2;1;Paper Rex won;10;1;2;0;3;1;1;0
Champions Tour 2024: Pacific Stage 2;Regular Season;Week 2;Paper Rex vs DRX;Icebox;Paper Rex;something;DRX;Flashback;0;2;-2;First Kills;jett;44;115;2;5;0;-3;0,67;95;0,11;0;1;-1;defend;DRX;2;1;Paper Rex won;10;1;2;0;3;1;1;0
Champions Tour 2024: Pacific Stage 2;Regular Season;Week 2;Paper Rex vs DRX;Icebox;Paper Rex;d4v41;DRX;MaKo;2;0;2;Op Kills;killjoy;213;344;25;7;3;18;0,89;224;0,31;5;0;5;both;DRX;2;1;Paper Rex won;10;1;2;0;3;1;1;0
Champions Tour 2024: Pacific Stage 2;Regular Season;Week 3;Paper Rex vs DetonatioN FocusMe;Icebox;Paper Rex;d4v41;DetonatioN FocusMe;Meiy;3;4;-1;All Kills;killjoy;16;332;14;7;4;7;0,92;233;0,3;2;0;2;attack;DetonatioN FocusMe;2;0;Paper Rex won;11;2;0;0;1;1;1;1
Champions Tour 2024: Pacific Stage 2;Regular Season;Week 3;Paper Rex vs DetonatioN FocusMe;Icebox;Paper Rex;Jinggg;DetonatioN FocusMe;Meiy;3;1;2;All Kills;sage;97;231;5;3;0;2;0,8;129;0,4;1;0;1;defend;DetonatioN FocusMe;2;0;Paper Rex won;11;2;0;0;1;1;1;1
Champions Tour 2024: Pacific Stage 2;Regular Season;Week 3;Paper Rex vs DetonatioN FocusMe;Icebox;Paper Rex;f0rsakeN;DetonatioN FocusMe;Anthem;5;1;4;All Kills;kayo;139;279;17;10;7;7;0,88;187;0,24;1;0;1;both;DetonatioN FocusMe;2;0;Paper Rex won;11;2;0;0;1;1;1;1
Champions Tour 2024: Pacific Stage 2;Regular Season;Week 3;Paper Rex vs DetonatioN FocusMe;Icebox;Paper Rex;mindfreak;DetonatioN FocusMe;Anthem;4;0;4;All Kills;viper;175;255;13;3;3;10;0,92;165;0,64;1;0;1;attack;DetonatioN FocusMe;2;0;Paper Rex won;11;2;0;0;1;1;1;1
Champions Tour 2024: Pacific Stage 2;Regular Season;Week 3;Paper Rex vs DetonatioN FocusMe;Icebox;Paper Rex;something;DetonatioN FocusMe;Anthem;2;2;0;All Kills;jett;142;179;4;2;0;2;1;108;0,29;1;0;1;defend;DetonatioN FocusMe;2;0;Paper Rex won;11;2;0;0;1;1;1;1
Champions Tour 2024: Pacific Stage 2;Regular Season;Week 3;Paper Rex vs DetonatioN FocusMe;Icebox;Paper Rex;mindfreak;DetonatioN FocusMe;Medusa;0;1;-1;First Kills;viper;154;216;16;4;3;12;0,88;145;0,71;1;1;0;both;DetonatioN FocusMe;2;0;Paper Rex won;11;2;0;0;1;1;1;1
Champions Tour 2024: Pacific Stage 2;Regular Season;Week 3;Paper Rex vs DetonatioN FocusMe;Icebox;Paper Rex;something;DetonatioN FocusMe;Meiy;1;1;0;First Kills;jett;59;171;7;9;2;-2;0,58;125;0,29;4;4;0;attack;DetonatioN FocusMe;2;0;Paper Rex won;11;2;0;0;1;1;1;1
Champions Tour 2024: Pacific Stage 2;Regular Season;Week 3;Paper Rex vs DetonatioN FocusMe;Sunset;Paper Rex;d4v41;DetonatioN FocusMe;Meiy;5;2;3;All Kills;sage;109;171;8;7;5;1;0,75;130;0,47;0;1;-1;defend;DetonatioN FocusMe;2;0;Paper Rex won;7;2;4;0;5;0;3;0
Champions Tour 2024: Pacific Stage 2;Regular Season;Week 3;Paper Rex vs DetonatioN FocusMe;Sunset;Paper Rex;Jinggg;DetonatioN FocusMe;Anthem;6;4;2;All Kills;raze;145;288;21;12;3;9;0,67;185;0,24;4;2;2;both;DetonatioN FocusMe;2;0;Paper Rex won;7;2;4;0;5;0;3;0
Champions Tour 2024: Pacific Stage 2;Regular Season;Week 3;Paper Rex vs DetonatioN FocusMe;Sunset;Paper Rex;f0rsakeN;DetonatioN FocusMe;Anthem;4;2;2;All Kills;breach;183;370;12;6;2;6;0,89;255;0,28;1;0;1;attack;DetonatioN FocusMe;2;0;Paper Rex won;7;2;4;0;5;0;3;0
Champions Tour 2024: Pacific Stage 2;Regular Season;Week 3;Paper Rex vs DetonatioN FocusMe;Sunset;Paper Rex;mindfreak;DetonatioN FocusMe;Anthem;2;4;-2;All Kills;omen;52;93;4;8;3;-4;0,67;60;0,15;0;1;-1;defend;DetonatioN FocusMe;2;0;Paper Rex won;7;2;4;0;5;0;3;0
Champions Tour 2024: Pacific Stage 2;Regular Season;Week 3;Paper Rex vs DetonatioN FocusMe;Sunset;Paper Rex;d4v41;DetonatioN FocusMe;SSeeS;0;2;-2;First Kills;sage;95;182;14;15;8;-1;0,71;121;0,35;1;3;-2;both;DetonatioN FocusMe;2;0;Paper Rex won;7;2;4;0;5;0;3;0
Champions Tour 2024: Pacific Stage 2;Regular Season;Week 3;Paper Rex vs DetonatioN FocusMe;Sunset;Paper Rex;Jinggg;DetonatioN FocusMe;Anthem;2;0;2;First Kills;raze;93;151;4;5;1;-1;0,67;104;0,11;1;1;0;attack;DetonatioN FocusMe;2;0;Paper Rex won;7;2;4;0;5;0;3;0
Champions Tour 2024: Pacific Stage 2;Regular Season;Week 3;Paper Rex vs DetonatioN FocusMe;Sunset;Paper Rex;mindfreak;DetonatioN FocusMe;Anthem;0;1;-1;First Kills;omen;52;93;4;8;3;-4;0,67;60;0,15;0;1;-1;defend;DetonatioN FocusMe;2;0;Paper Rex won;7;2;4;0;5;0;3;0
Champions Tour 2024: Pacific Stage 2;Regular Season;Week 3;Paper Rex vs DetonatioN FocusMe;Sunset;Paper Rex;something;DetonatioN FocusMe;Meiy;1;0;1;Op Kills;gekko;84;151;11;14;3;-3;0,76;94;0,26;3;2;1;both;DetonatioN FocusMe;2;0;Paper Rex won;7;2;4;0;5;0;3;0
Champions Tour 2024: Pacific Stage 2;Regular Season;Week 4;Paper Rex vs Rex Regum Qeon;Lotus;Paper Rex;something;Rex Regum Qeon;Monyet;3;1;2;All Kills;jett;104;236;7;6;2;1;1;157;0,47;2;1;1;attack;Rex Regum Qeon;2;1;Paper Rex won;7;2;4;0;4;1;2;0
Champions Tour 2024: Pacific Stage 2;Regular Season;Week 4;Paper Rex vs Rex Regum Qeon;Lotus;Paper Rex;f0rsakeN;Rex Regum Qeon;Monyet;2;4;-2;All Kills;kayo;121;183;9;8;8;1;0,75;120;0,24;0;0;0;defend;Rex Regum Qeon;2;1;Paper Rex won;7;2;4;0;4;1;2;0
Champions Tour 2024: Pacific Stage 2;Regular Season;Week 4;Paper Rex vs Rex Regum Qeon;Lotus;Paper Rex;d4v41;Rex Regum Qeon;Estrella;1;3;-2;All Kills;fade;116;202;15;14;10;1;0,8;148;0,43;0;0;0;both;Rex Regum Qeon;2;1;Paper Rex won;7;2;4;0;4;1;2;0
Champions Tour 2024: Pacific Stage 2;Regular Season;Week 4;Paper Rex vs Rex Regum Qeon;Lotus;Paper Rex;Jinggg;Rex Regum Qeon;Estrella;3;5;-2;All Kills;neon;158;313;9;6;4;3;0,88;193;0,13;3;1;2;attack;Rex Regum Qeon;2;1;Paper Rex won;7;2;4;0;4;1;2;0
Champions Tour 2024: Pacific Stage 2;Regular Season;Week 4;Paper Rex vs Rex Regum Qeon;Lotus;Paper Rex;something;Rex Regum Qeon;Jemkin;1;0;1;First Kills;jett;131;243;12;7;1;5;0,75;145;0,14;3;1;2;defend;Rex Regum Qeon;2;1;Paper Rex won;7;2;4;0;4;1;2;0
Champions Tour 2024: Pacific Stage 2;Regular Season;Week 4;Paper Rex vs Rex Regum Qeon;Lotus;Paper Rex;Jinggg;Rex Regum Qeon;xffero;0;1;-1;First Kills;neon;101;275;18;18;11;0;0,85;167;0,11;7;4;3;both;Rex Regum Qeon;2;1;Paper Rex won;7;2;4;0;4;1;2;0
Champions Tour 2024: Pacific Stage 2;Regular Season;Week 4;Paper Rex vs Rex Regum Qeon;Lotus;Paper Rex;something;Rex Regum Qeon;Lmemore;2;0;2;Op Kills;jett;104;236;7;6;2;1;1;157;0,47;2;1;1;attack;Rex Regum Qeon;2;1;Paper Rex won;7;2;4;0;4;1;2;0
Champions Tour 2024: Pacific Stage 2;Regular Season;Week 4;Paper Rex vs Rex Regum Qeon;Ascent;Paper Rex;something;Rex Regum Qeon;Jemkin;5;3;2;All Kills;jett;68;109;4;6;1;-2;0,63;73;0,43;1;0;1;defend;Rex Regum Qeon;2;1;Paper Rex won;6;1;0;0;10;0;2;1
Champions Tour 2024: Pacific Stage 2;Regular Season;Week 4;Paper Rex vs Rex Regum Qeon;Ascent;Paper Rex;f0rsakeN;Rex Regum Qeon;xffero;3;1;2;All Kills;cypher;54;132;10;16;3;-6;0,6;84;0,26;1;2;-1;both;Rex Regum Qeon;2;1;Paper Rex won;6;1;0;0;10;0;2;1
Champions Tour 2024: Pacific Stage 2;Regular Season;Week 4;Paper Rex vs Rex Regum Qeon;Ascent;Paper Rex;mindfreak;Rex Regum Qeon;xffero;3;3;0;All Kills;omen;47;114;5;9;6;-4;0,75;74;0,36;0;2;-2;attack;Rex Regum Qeon;2;1;Paper Rex won;6;1;0;0;10;0;2;1
Champions Tour 2024: Pacific Stage 2;Regular Season;Week 4;Paper Rex vs Rex Regum Qeon;Ascent;Paper Rex;d4v41;Rex Regum Qeon;xffero;2;4;-2;All Kills;sova;11;259;7;6;2;1;0,88;160;0,18;2;1;1;defend;Rex Regum Qeon;2;1;Paper Rex won;6;1;0;0;10;0;2;1
Champions Tour 2024: Pacific Stage 2;Regular Season;Week 4;Paper Rex vs Rex Regum Qeon;Ascent;Paper Rex;Jinggg;Rex Regum Qeon;Lmemore;4;2;2;All Kills;clove;1;284;19;22;12;-3;0,75;191;0,21;4;2;2;both;Rex Regum Qeon;2;1;Paper Rex won;6;1;0;0;10;0;2;1
Champions Tour 2024: Pacific Stage 2;Regular Season;Week 4;Paper Rex vs Rex Regum Qeon;Ascent;Paper Rex;f0rsakeN;Rex Regum Qeon;Jemkin;0;1;-1;First Kills;cypher;24;74;3;10;1;-7;0,5;55;0,21;1;1;0;attack;Rex Regum Qeon;2;1;Paper Rex won;6;1;0;0;10;0;2;1
Champions Tour 2024: Pacific Stage 2;Regular Season;Week 4;Paper Rex vs Rex Regum Qeon;Ascent;Paper Rex;d4v41;Rex Regum Qeon;Jemkin;0;1;-1;First Kills;sova;11;259;7;6;2;1;0,88;160;0,18;2;1;1;defend;Rex Regum Qeon;2;1;Paper Rex won;6;1;0;0;10;0;2;1
Champions Tour 2024: Pacific Stage 2;Regular Season;Week 4;Paper Rex vs Rex Regum Qeon;Sunset;Paper Rex;something;Rex Regum Qeon;xffero;3;5;-2;All Kills;gekko;102;186;16;14;6;2;0,78;119;0,28;4;2;2;both;Rex Regum Qeon;2;1;Paper Rex won;8;3;1;1;7;1;2;0
Champions Tour 2024: Pacific Stage 2;Regular Season;Week 4;Paper Rex vs Rex Regum Qeon;Sunset;Paper Rex;f0rsakeN;Rex Regum Qeon;xffero;4;4;0;All Kills;breach;72;185;8;9;2;-1;0,75;108;0,44;1;4;-3;attack;Rex Regum Qeon;2;1;Paper Rex won;8;3;1;1;7;1;2;0
Champions Tour 2024: Pacific Stage 2;Regular Season;Week 4;Paper Rex vs Rex Regum Qeon;Sunset;Paper Rex;mindfreak;Rex Regum Qeon;xffero;3;0;3;All Kills;omen;78;132;4;7;5;-3;0,82;95;0,14;0;1;-1;defend;Rex Regum Qeon;2;1;Paper Rex won;8;3;1;1;7;1;2;0
Champions Tour 2024: Pacific Stage 2;Regular Season;Week 4;Paper Rex vs Rex Regum Qeon;Sunset;Paper Rex;d4v41;Rex Regum Qeon;Lmemore;4;2;2;All Kills;sage;157;255;22;13;7;9;0,78;164;0,42;4;0;4;both;Rex Regum Qeon;2;1;Paper Rex won;8;3;1;1;7;1;2;0
Champions Tour 2024: Pacific Stage 2;Regular Season;Week 4;Paper Rex vs Rex Regum Qeon;Sunset;Paper Rex;Jinggg;Rex Regum Qeon;Lmemore;3;4;-1;All Kills;raze;43;100;3;8;3;-5;0,75;77;0,17;1;1;0;attack;Rex Regum Qeon;2;1;Paper Rex won;8;3;1;1;7;1;2;0
Champions Tour 2024: Pacific Stage 2;Regular Season;Week 4;Paper Rex vs Rex Regum Qeon;Sunset;Paper Rex;something;Rex Regum Qeon;Lmemore;1;1;0;First Kills;gekko;108;202;9;7;4;2;0,82;117;0,35;1;1;0;defend;Rex Regum Qeon;2;1;Paper Rex won;8;3;1;1;7;1;2;0
Champions Tour 2024: Pacific Stage 2;Regular Season;Week 4;Paper Rex vs Rex Regum Qeon;Sunset;Paper Rex;d4v41;Rex Regum Qeon;Jemkin;3;0;3;First Kills;sage;157;255;22;13;7;9;0,78;164;0,42;4;0;4;both;Rex Regum Qeon;2;1;Paper Rex won;8;3;1;1;7;1;2;0
Champions Tour 2024: Pacific Stage 2;Regular Season;Week 4;Paper Rex vs Rex Regum Qeon;Sunset;Paper Rex;Jinggg;Rex Regum Qeon;Monyet;1;1;0;First Kills;raze;43;100;3;8;3;-5;0,75;77;0,17;1;1;0;attack;Rex Regum Qeon;2;1;Paper Rex won;8;3;1;1;7;1;2;0
Champions Tour 2024: Pacific Stage 2;Regular Season;Week 4;Gen.G vs Global Esports;Lotus;Gen.G;Munchkin;Global Esports;Polvi;1;1;0;All Kills;viper;151;200;9;4;10;5;0,92;120;0,2;1;0;1;defend;Global Esports;2;0;Gen.G won;8;0;4;1;1;0;0;0
Champions Tour 2024: Pacific Stage 2;Regular Season;Week 4;Gen.G vs Global Esports;Lotus;Gen.G;t3xture;Global Esports;Russ;4;1;3;All Kills;raze;168;298;18;6;2;12;0,93;175;0,33;2;1;1;both;Global Esports;2;0;Gen.G won;8;0;4;1;1;0;0;0
Champions Tour 2024: Pacific Stage 2;Regular Season;Week 4;Gen.G vs Global Esports;Lotus;Gen.G;Lakia;Global Esports;Russ;0;1;-1;All Kills;fade;3;63;1;2;0;-1;0,5;85;0,5;0;1;-1;attack;Global Esports;2;0;Gen.G won;8;0;4;1;1;0;0;0
Champions Tour 2024: Pacific Stage 2;Regular Season;Week 4;Gen.G vs Global Esports;Lotus;Gen.G;Meteor;Global Esports;Russ;6;0;6;All Kills;killjoy;208;400;18;3;4;15;1;227;0,3;2;0;2;defend;Global Esports;2;0;Gen.G won;8;0;4;1;1;0;0;0
Champions Tour 2024: Pacific Stage 2;Regular Season;Week 4;Gen.G vs Global Esports;Lotus;Gen.G;Karon;Global Esports;Benkai;2;0;2;All Kills;omen;127;153;10;5;2;5;0,86;97;0,62;1;2;-1;both;Global Esports;2;0;Gen.G won;8;0;4;1;1;0;0;0
Champions Tour 2024: Pacific Stage 2;Regular Season;Week 4;Gen.G vs Global Esports;Lotus;Gen.G;Lakia;Global Esports;Polvi;2;1;1;First Kills;fade;3;63;1;2;0;-1;0,5;85;0,5;0;1;-1;attack;Global Esports;2;0;Gen.G won;8;0;4;1;1;0;0;0
Champions Tour 2024: Pacific Stage 2;Regular Season;Week 4;Gen.G vs Global Esports;Lotus;Gen.G;t3xture;Global Esports;Russ;1;0;1;Op Kills;raze;16;270;14;5;2;9;0,92;159;0,28;2;1;1;defend;Global Esports;2;0;Gen.G won;8;0;4;1;1;0;0;0
Champions Tour 2024: Pacific Stage 2;Regular Season;Week 4;Gen.G vs Global Esports;Ascent;Gen.G;t3xture;Global Esports;blaZek1ng;4;3;1;All Kills;jett;103;200;14;11;2;3;0,74;125;0,16;5;2;3;both;Global Esports;2;0;Gen.G won;10;0;2;1;4;1;1;0
Champions Tour 2024: Pacific Stage 2;Regular Season;Week 4;Gen.G vs Global Esports;Ascent;Gen.G;Lakia;Global Esports;blaZek1ng;2;2;0;All Kills;sova;196;260;8;2;1;6;0,86;183;0,5;1;1;0;attack;Global Esports;2;0;Gen.G won;10;0;2;1;4;1;1;0
Champions Tour 2024: Pacific Stage 2;Regular Season;Week 4;Gen.G vs Global Esports;Ascent;Gen.G;Meteor;Global Esports;blaZek1ng;4;2;2;All Kills;killjoy;122;240;10;9;1;1;0,75;187;0,26;0;0;0;defend;Global Esports;2;0;Gen.G won;10;0;2;1;4;1;1;0
Champions Tour 2024: Pacific Stage 2;Regular Season;Week 4;Gen.G vs Global Esports;Ascent;Gen.G;Karon;Global Esports;Polvi;3;4;-1;All Kills;omen;111;189;13;11;11;2;0,84;118;0,26;2;0;2;both;Global Esports;2;0;Gen.G won;10;0;2;1;4;1;1;0
Champions Tour 2024: Pacific Stage 2;Regular Season;Week 4;Gen.G vs Global Esports;Ascent;Gen.G;Munchkin;Global Esports;Russ;0;1;-1;First Kills;kayo;13;256;7;5;2;2;0,71;174;0,33;0;0;0;attack;Global Esports;2;0;Gen.G won;10;0;2;1;4;1;1;0
Champions Tour 2024: Pacific Stage 2;Regular Season;Week 4;Gen.G vs Global Esports;Ascent;Gen.G;Lakia;Global Esports;Polvi;0;1;-1;First Kills;sova;154;238;11;5;4;6;0,83;155;0,13;0;2;-2;defend;Global Esports;2;0;Gen.G won;10;0;2;1;4;1;1;0
Champions Tour 2024: Pacific Stage 2;Regular Season;Week 4;Gen.G vs Global Esports;Ascent;Gen.G;t3xture;Global Esports;Russ;1;0;1;Op Kills;jett;103;200;14;11;2;3;0,74;125;0,16;5;2;3;both;Global Esports;2;0;Gen.G won;10;0;2;1;4;1;1;0
Champions Tour 2024: Pacific Stage 2;Regular Season;Week 4;Gen.G vs Team Secret;Sunset;Gen.G;Lakia;Team Secret;Jremy;1;4;-3;All Kills;sova;141;258;8;4;1;4;0,86;160;0,25;0;0;0;attack;Team Secret;1;2;Team Secret won;5;0;1;0;12;1;0;0
Champions Tour 2024: Pacific Stage 2;Regular Season;Week 4;Gen.G vs Team Secret;Sunset;Gen.G;Munchkin;Team Secret;Jremy;2;3;-1;All Kills;kayo;65;194;6;12;4;-6;0,58;122;0,07;1;1;0;defend;Team Secret;1;2;Team Secret won;5;0;1;0;12;1;0;0
Champions Tour 2024: Pacific Stage 2;Regular Season;Week 4;Gen.G vs Team Secret;Sunset;Gen.G;Meteor;Team Secret;JessieVash;0;2;-2;All Kills;cypher;26;93;6;17;3;-11;0,53;77;0,23;2;6;-4;both;Team Secret;1;2;Team Secret won;5;0;1;0;12;1;0;0
Champions Tour 2024: Pacific Stage 2;Regular Season;Week 4;Gen.G vs Team Secret;Sunset;Gen.G;t3xture;Team Secret;JessieVash;3;3;0;All Kills;jett;58;123;2;5;3;-3;0,57;106;0,4;1;1;0;attack;Team Secret;1;2;Team Secret won;5;0;1;0;12;1;0;0
Champions Tour 2024: Pacific Stage 2;Regular Season;Week 4;Gen.G vs Team Secret;Sunset;Gen.G;Karon;Team Secret;JessieVash;2;3;-1;All Kills;omen;85;156;6;10;2;-4;0,5;117;0,35;2;0;2;defend;Team Secret;1;2;Team Secret won;5;0;1;0;12;1;0;0
Champions Tour 2024: Pacific Stage 2;Regular Season;Week 4;Gen.G vs Team Secret;Sunset;Gen.G;Meteor;Team Secret;invy;0;1;-1;First Kills;cypher;26;93;6;17;3;-11;0,53;77;0,23;2;6;-4;both;Team Secret;1;2;Team Secret won;5;0;1;0;12;1;0;0
Champions Tour 2024: Pacific Stage 2;Regular Season;Week 4;Gen.G vs Team Secret;Sunset;Gen.G;t3xture;Team Secret;Wild0reoo;1;0;1;First Kills;jett;58;123;2;5;3;-3;0,57;106;0,4;1;1;0;attack;Team Secret;1;2;Team Secret won;5;0;1;0;12;1;0;0
Champions Tour 2024: Pacific Stage 2;Regular Season;Week 4;Gen.G vs Team Secret;Lotus;Gen.G;Lakia;Team Secret;invy;3;4;-1;All Kills;fade;12;272;10;10;7;0;0,75;165;0,19;1;1;0;defend;Team Secret;1;2;Team Secret won;10;0;3;0;5;1;1;0
Champions Tour 2024: Pacific Stage 2;Regular Season;Week 4;Gen.G vs Team Secret;Lotus;Gen.G;Munchkin;Team Secret;Wild0reoo;0;3;-3;All Kills;viper;11;181;13;12;8;1;0,75;125;0,38;2;2;0;both;Team Secret;1;2;Team Secret won;10;0;3;0;5;1;1;0
Champions Tour 2024: Pacific Stage 2;Regular Season;Week 4;Gen.G vs Team Secret;Lotus;Gen.G;Meteor;Team Secret;Wild0reoo;7;2;5;All Kills;killjoy;1;126;3;4;2;-1;0,88;89;0,17;0;0;0;attack;Team Secret;1;2;Team Secret won;10;0;3;0;5;1;1;0
Champions Tour 2024: Pacific Stage 2;Regular Season;Week 4;Gen.G vs Team Secret;Lotus;Gen.G;t3xture;Team Secret;Wild0reoo;1;4;-3;All Kills;raze;125;290;12;9;3;3;0,75;196;0,26;2;0;2;defend;Team Secret;1;2;Team Secret won;10;0;3;0;5;1;1;0
Champions Tour 2024: Pacific Stage 2;Regular Season;Week 4;Gen.G vs Team Secret;Lotus;Gen.G;Karon;Team Secret;Jremy;4;3;1;All Kills;omen;118;186;14;13;13;1;0,75;128;0,37;1;3;-2;both;Team Secret;1;2;Team Secret won;10;0;3;0;5;1;1;0
Champions Tour 2024: Pacific Stage 2;Regular Season;Week 4;Gen.G vs Team Secret;Lotus;Gen.G;Munchkin;Team Secret;Jremy;0;1;-1;First Kills;viper;119;173;6;4;2;2;0,88;131;0,38;1;0;1;attack;Team Secret;1;2;Team Secret won;10;0;3;0;5;1;1;0
Champions Tour 2024: Pacific Stage 2;Regular Season;Week 4;Gen.G vs Team Secret;Lotus;Gen.G;t3xture;Team Secret;Wild0reoo;0;1;-1;First Kills;raze;125;290;12;9;3;3;0,75;196;0,26;2;0;2;defend;Team Secret;1;2;Team Secret won;10;0;3;0;5;1;1;0
Champions Tour 2024: Pacific Stage 2;Regular Season;Week 4;Gen.G vs Team Secret;Split;Gen.G;Lakia;Team Secret;2ge;2;1;1;All Kills;skye;82;137;13;17;5;-4;0,65;93;0,27;2;3;-1;both;Team Secret;1;2;Team Secret won;8;1;3;0;5;2;4;3
Champions Tour 2024: Pacific Stage 2;Regular Season;Week 4;Gen.G vs Team Secret;Split;Gen.G;Munchkin;Team Secret;2ge;6;1;5;All Kills;viper;69;118;3;9;8;-6;0,77;89;0,22;0;0;0;attack;Team Secret;1;2;Team Secret won;8;1;3;0;5;2;4;3
Champions Tour 2024: Pacific Stage 2;Regular Season;Week 4;Gen.G vs Team Secret;Split;Gen.G;Meteor;Team Secret;2ge;2;3;-1;All Kills;cypher;89;199;11;8;2;3;0,62;121;0,28;1;1;0;defend;Team Secret;1;2;Team Secret won;8;1;3;0;5;2;4;3
Champions Tour 2024: Pacific Stage 2;Regular Season;Week 4;Gen.G vs Team Secret;Split;Gen.G;t3xture;Team Secret;invy;6;4;2;All Kills;raze;111;241;21;19;3;2;0,73;161;0,2;4;6;-2;both;Team Secret;1;2;Team Secret won;8;1;3;0;5;2;4;3
Champions Tour 2024: Pacific Stage 2;Regular Season;Week 4;Gen.G vs Team Secret;Split;Gen.G;Karon;Team Secret;invy;4;2;2;All Kills;omen;106;182;8;10;7;-2;0,77;123;0,25;0;0;0;attack;Team Secret;1;2;Team Secret won;8;1;3;0;5;2;4;3
Champions Tour 2024: Pacific Stage 2;Regular Season;Week 4;Gen.G vs Team Secret;Split;Gen.G;Lakia;Team Secret;Wild0reoo;0;2;-2;First Kills;skye;81;134;6;8;3;-2;0,62;92;0,24;1;1;0;defend;Team Secret;1;2;Team Secret won;8;1;3;0;5;2;4;3
Champions Tour 2024: Pacific Stage 2;Regular Season;Week 4;Gen.G vs Team Secret;Split;Gen.G;Meteor;Team Secret;Jremy;1;1;0;First Kills;cypher;66;160;15;20;6;-5;0,58;105;0,27;2;2;0;both;Team Secret;1;2;Team Secret won;8;1;3;0;5;2;4;3
Champions Tour 2024: Pacific Stage 2;Regular Season;Week 4;Gen.G vs Team Secret;Split;Gen.G;t3xture;Team Secret;Jremy;2;2;0;First Kills;raze;89;222;9;13;1;-4;0,62;160;0,22;3;5;-2;attack;Team Secret;1;2;Team Secret won;8;1;3;0;5;2;4;3
Champions Tour 2024: Pacific Stage 2;Regular Season;Week 4;Gen.G vs Team Secret;Split;Gen.G;Munchkin;Team Secret;Wild0reoo;0;1;-1;Op Kills;viper;147;285;13;9;5;4;0,77;164;0,13;4;1;3;defend;Team Secret;1;2;Team Secret won;8;1;3;0;5;2;4;3
Champions Tour 2024: Pacific Stage 2;Regular Season;Week 4;Paper Rex vs ZETA DIVISION;Ascent;Paper Rex;mindfreak;ZETA DIVISION;Dep;6;5;1;All Kills;omen;83;177;16;17;2;-1;0,73;104;0,39;2;1;1;both;ZETA DIVISION;2;1;Paper Rex won;8;0;1;0;9;1;3;0
Champions Tour 2024: Pacific Stage 2;Regular Season;Week 4;Paper Rex vs ZETA DIVISION;Ascent;Paper Rex;d4v41;ZETA DIVISION;Dep;1;7;-6;All Kills;kayo;37;75;2;9;8;-7;0,67;55;0,27;0;1;-1;attack;ZETA DIVISION;2;1;Paper Rex won;8;0;1;0;9;1;3;0
Champions Tour 2024: Pacific Stage 2;Regular Season;Week 4;Paper Rex vs ZETA DIVISION;Ascent;Paper Rex;f0rsakeN;ZETA DIVISION;Dep;4;2;2;All Kills;fade;116;239;8;9;4;-1;0,7;180;0,29;1;2;-1;defend;ZETA DIVISION;2;1;Paper Rex won;8;0;1;0;9;1;3;0
Champions Tour 2024: Pacific Stage 2;Regular Season;Week 4;Paper Rex vs ZETA DIVISION;Ascent;Paper Rex;Jinggg;ZETA DIVISION;yuran;2;3;-1;All Kills;clove;85;218;16;20;11;-4;0,73;142;0,17;2;1;1;both;ZETA DIVISION;2;1;Paper Rex won;8;0;1;0;9;1;3;0
Champions Tour 2024: Pacific Stage 2;Regular Season;Week 4;Paper Rex vs ZETA DIVISION;Ascent;Paper Rex;something;ZETA DIVISION;yuran;3;3;0;All Kills;jett;126;259;12;8;1;4;0,67;172;0,35;3;4;-1;attack;ZETA DIVISION;2;1;Paper Rex won;8;0;1;0;9;1;3;0
Champions Tour 2024: Pacific Stage 2;Regular Season;Week 4;Paper Rex vs ZETA DIVISION;Ascent;Paper Rex;d4v41;ZETA DIVISION;Laz;0;1;-1;First Kills;kayo;113;206;8;8;7;0;0,7;125;0,43;0;0;0;defend;ZETA DIVISION;2;1;Paper Rex won;8;0;1;0;9;1;3;0
Champions Tour 2024: Pacific Stage 2;Regular Season;Week 4;Paper Rex vs ZETA DIVISION;Ascent;Paper Rex;Jinggg;ZETA DIVISION;yuran;1;0;1;First Kills;clove;85;218;16;20;11;-4;0,73;142;0,17;2;1;1;both;ZETA DIVISION;2;1;Paper Rex won;8;0;1;0;9;1;3;0
Champions Tour 2024: Pacific Stage 2;Regular Season;Week 4;Paper Rex vs ZETA DIVISION;Ascent;Paper Rex;something;ZETA DIVISION;Laz;1;0;1;First Kills;jett;126;259;12;8;1;4;0,67;172;0,35;3;4;-1;attack;ZETA DIVISION;2;1;Paper Rex won;8;0;1;0;9;1;3;0
Champions Tour 2024: Pacific Stage 2;Regular Season;Week 4;Paper Rex vs ZETA DIVISION;Lotus;Paper Rex;mindfreak;ZETA DIVISION;yuran;2;1;1;All Kills;omen;75;151;5;8;6;-3;0,67;87;0,57;0;0;0;defend;ZETA DIVISION;2;1;Paper Rex won;11;2;0;0;4;3;1;0
Champions Tour 2024: Pacific Stage 2;Regular Season;Week 4;Paper Rex vs ZETA DIVISION;Lotus;Paper Rex;d4v41;ZETA DIVISION;Laz;3;3;0;All Kills;fade;178;310;25;8;5;17;0,95;194;0,29;2;0;2;both;ZETA DIVISION;2;1;Paper Rex won;11;2;0;0;4;3;1;0
Champions Tour 2024: Pacific Stage 2;Regular Season;Week 4;Paper Rex vs ZETA DIVISION;Lotus;Paper Rex;f0rsakeN;ZETA DIVISION;Laz;2;5;-3;All Kills;kayo;97;179;8;7;6;1;0,92;116;0,41;1;0;1;attack;ZETA DIVISION;2;1;Paper Rex won;11;2;0;0;4;3;1;0
Champions Tour 2024: Pacific Stage 2;Regular Season;Week 4;Paper Rex vs ZETA DIVISION;Lotus;Paper Rex;Jinggg;ZETA DIVISION;Laz;2;5;-3;All Kills;neon;88;242;6;7;3;-1;0,89;159;0,2;5;2;3;defend;ZETA DIVISION;2;1;Paper Rex won;11;2;0;0;4;3;1;0
Champions Tour 2024: Pacific Stage 2;Regular Season;Week 4;Paper Rex vs ZETA DIVISION;Lotus;Paper Rex;d4v41;ZETA DIVISION;SugarZ3ro;1;0;1;First Kills;fade;178;310;25;8;5;17;0,95;194;0,29;2;0;2;both;ZETA DIVISION;2;1;Paper Rex won;11;2;0;0;4;3;1;0
Champions Tour 2024: Pacific Stage 2;Regular Season;Week 4;Paper Rex vs ZETA DIVISION;Lotus;Paper Rex;Jinggg;ZETA DIVISION;Dep;2;2;0;First Kills;neon;158;292;12;5;4;7;0,83;162;0,32;3;2;1;attack;ZETA DIVISION;2;1;Paper Rex won;11;2;0;0;4;3;1;0
Champions Tour 2024: Pacific Stage 2;Regular Season;Week 4;Paper Rex vs ZETA DIVISION;Lotus;Paper Rex;something;ZETA DIVISION;yuran;2;0;2;First Kills;jett;43;107;4;8;0;-4;0,67;74;0,67;1;0;1;defend;ZETA DIVISION;2;1;Paper Rex won;11;2;0;0;4;3;1;0
Champions Tour 2024: Pacific Stage 2;Regular Season;Week 4;Paper Rex vs ZETA DIVISION;Sunset;Paper Rex;mindfreak;ZETA DIVISION;Laz;1;2;-1;All Kills;omen;98;192;12;10;7;2;0,82;121;0,35;1;1;0;both;ZETA DIVISION;2;1;Paper Rex won;9;0;3;1;4;0;0;0
Champions Tour 2024: Pacific Stage 2;Regular Season;Week 4;Paper Rex vs ZETA DIVISION;Sunset;Paper Rex;d4v41;ZETA DIVISION;Laz;0;2;-2;All Kills;sage;236;350;7;0;4;7;1;185;0,25;0;0;0;attack;ZETA DIVISION;2;1;Paper Rex won;9;0;3;1;4;0;0;0
Champions Tour 2024: Pacific Stage 2;Regular Season;Week 4;Paper Rex vs ZETA DIVISION;Sunset;Paper Rex;f0rsakeN;ZETA DIVISION;Laz;6;3;3;All Kills;breach;108;299;11;10;8;1;0,83;196;0,34;3;2;1;defend;ZETA DIVISION;2;1;Paper Rex won;9;0;3;1;4;0;0;0
Champions Tour 2024: Pacific Stage 2;Regular Season;Week 4;Paper Rex vs ZETA DIVISION;Sunset;Paper Rex;something;ZETA DIVISION;SugarZ3ro;3;4;-1;All Kills;gekko;81;182;12;12;6;0;0,65;132;0,36;3;1;2;both;ZETA DIVISION;2;1;Paper Rex won;9;0;3;1;4;0;0;0
Champions Tour 2024: Pacific Stage 2;Regular Season;Week 4;Paper Rex vs ZETA DIVISION;Sunset;Paper Rex;mindfreak;ZETA DIVISION;Dep;1;0;1;First Kills;omen;59;54;1;2;2;-1;0,8;32;1;0;1;-1;attack;ZETA DIVISION;2;1;Paper Rex won;9;0;3;1;4;0;0;0
Champions Tour 2024: Pacific Stage 2;Regular Season;Week 4;Paper Rex vs ZETA DIVISION;Sunset;Paper Rex;f0rsakeN;ZETA DIVISION;Dep;1;2;-1;First Kills;breach;108;299;11;10;8;1;0,83;196;0,34;3;2;1;defend;ZETA DIVISION;2;1;Paper Rex won;9;0;3;1;4;0;0;0
Champions Tour 2024: Pacific Stage 2;Regular Season;Week 4;Paper Rex vs ZETA DIVISION;Sunset;Paper Rex;d4v41;ZETA DIVISION;SugarZ3ro;4;0;4;Op Kills;sage;162;234;16;6;9;10;0,88;142;0,21;1;2;-1;both;ZETA DIVISION;2;1;Paper Rex won;9;0;3;1;4;0;0;0
Champions Tour 2024: Pacific Stage 2;Regular Season;Week 4;T1 vs BLEED;Bind;T1;Carpe;BLEED;Deryeon;8;4;4;All Kills;viper;86;289;11;12;3;-1;0,75;163;0,39;3;2;1;attack;BLEED;2;1;T1 won;8;0;2;3;6;0;4;1
Champions Tour 2024: Pacific Stage 2;Regular Season;Week 4;T1 vs BLEED;Bind;T1;xccurate;BLEED;Deryeon;4;4;0;All Kills;brimstone;153;281;13;5;3;8;0,83;182;0,17;0;0;0;defend;BLEED;2;1;T1 won;8;0;2;3;6;0;4;1
Champions Tour 2024: Pacific Stage 2;Regular Season;Week 4;T1 vs BLEED;Bind;T1;iZu;BLEED;crazyguy;5;0;5;All Kills;raze;85;181;13;16;5;-3;0,58;124;0,15;5;2;3;both;BLEED;2;1;T1 won;8;0;2;3;6;0;4;1
Champions Tour 2024: Pacific Stage 2;Regular Season;Week 4;T1 vs BLEED;Bind;T1;Sayaplayer;BLEED;crazyguy;2;3;-1;All Kills;gekko;122;157;8;8;1;0;0,58;116;0,31;1;1;0;attack;BLEED;2;1;T1 won;8;0;2;3;6;0;4;1
Champions Tour 2024: Pacific Stage 2;Regular Season;Week 4;T1 vs BLEED;Bind;T1;stax;BLEED;crazyguy;3;3;0;All Kills;kayo;159;274;12;5;9;7;1;164;0,26;1;1;0;defend;BLEED;2;1;T1 won;8;0;2;3;6;0;4;1
Champions Tour 2024: Pacific Stage 2;Regular Season;Week 4;T1 vs BLEED;Bind;T1;Carpe;BLEED;Retla;1;0;1;First Kills;viper;103;238;20;17;8;3;0,79;140;0,33;4;4;0;both;BLEED;2;1;T1 won;8;0;2;3;6;0;4;1
Champions Tour 2024: Pacific Stage 2;Regular Season;Week 4;T1 vs BLEED;Bind;T1;iZu;BLEED;Deryeon;1;0;1;First Kills;raze;27;129;4;12;2;-8;0,42;87;0,17;1;1;0;attack;BLEED;2;1;T1 won;8;0;2;3;6;0;4;1
Champions Tour 2024: Pacific Stage 2;Regular Season;Week 4;T1 vs BLEED;Bind;T1;Sayaplayer;BLEED;crazyguy;1;0;1;First Kills;gekko;13;205;9;4;5;5;1;129;0,36;1;1;0;defend;BLEED;2;1;T1 won;8;0;2;3;6;0;4;1
Champions Tour 2024: Pacific Stage 2;Regular Season;Week 4;T1 vs BLEED;Bind;T1;iZu;BLEED;Deryeon;1;0;1;Op Kills;raze;85;181;13;16;5;-3;0,58;124;0,15;5;2;3;both;BLEED;2;1;T1 won;8;0;2;3;6;0;4;1
Champions Tour 2024: Pacific Stage 2;Regular Season;Week 4;T1 vs BLEED;Lotus;T1;Carpe;BLEED;Deryeon;3;1;2;All Kills;viper;92;196;6;9;6;-3;0,8;118;0,2;2;2;0;attack;BLEED;2;1;T1 won;5;0;2;2;7;2;4;0
Champions Tour 2024: Pacific Stage 2;Regular Season;Week 4;T1 vs BLEED;Lotus;T1;xccurate;BLEED;Deryeon;2;4;-2;All Kills;omen;108;138;8;6;4;2;0,92;89;0,3;0;2;-2;defend;BLEED;2;1;T1 won;5;0;2;2;7;2;4;0
Champions Tour 2024: Pacific Stage 2;Regular Season;Week 4;T1 vs BLEED;Lotus;T1;iZu;BLEED;crazyguy;3;4;-1;All Kills;raze;107;289;21;20;5;1;0,77;182;0,24;4;3;1;both;BLEED;2;1;T1 won;5;0;2;2;7;2;4;0
Champions Tour 2024: Pacific Stage 2;Regular Season;Week 4;T1 vs BLEED;Lotus;T1;Sayaplayer;BLEED;crazyguy;7;4;3;All Kills;chamber;138;293;12;9;0;3;0,8;217;0,41;0;1;-1;attack;BLEED;2;1;T1 won;5;0;2;2;7;2;4;0
Champions Tour 2024: Pacific Stage 2;Regular Season;Week 4;T1 vs BLEED;Lotus;T1;stax;BLEED;crazyguy;3;5;-2;All Kills;fade;86;190;6;9;6;-3;0,83;129;0,18;0;1;-1;defend;BLEED;2;1;T1 won;5;0;2;2;7;2;4;0
Champions Tour 2024: Pacific Stage 2;Regular Season;Week 4;T1 vs BLEED;Lotus;T1;xccurate;BLEED;Deryeon;0;2;-2;First Kills;omen;99;162;13;15;12;-2;0,86;99;0,24;0;3;-3;both;BLEED;2;1;T1 won;5;0;2;2;7;2;4;0
Champions Tour 2024: Pacific Stage 2;Regular Season;Week 4;T1 vs BLEED;Lotus;T1;Sayaplayer;BLEED;Deryeon;1;1;0;First Kills;chamber;138;293;12;9;0;3;0,8;217;0,41;0;1;-1;attack;BLEED;2;1;T1 won;5;0;2;2;7;2;4;0
Champions Tour 2024: Pacific Stage 2;Regular Season;Week 4;T1 vs BLEED;Lotus;T1;Sayaplayer;BLEED;crazyguy;1;0;1;Op Kills;chamber;143;231;10;6;2;4;0,92;183;0,29;3;1;2;defend;BLEED;2;1;T1 won;5;0;2;2;7;2;4;0
Champions Tour 2024: Pacific Stage 2;Regular Season;Week 4;T1 vs BLEED;Ascent;T1;xccurate;BLEED;Zest;3;4;-1;All Kills;omen;68;136;11;15;9;-4;0,71;92;0,19;0;4;-4;both;BLEED;2;1;T1 won;10;1;1;1;8;0;0;0
Champions Tour 2024: Pacific Stage 2;Regular Season;Week 4;T1 vs BLEED;Ascent;T1;iZu;BLEED;Zest;7;3;4;All Kills;killjoy;122;313;11;11;3;0;0,92;201;0,17;2;0;2;attack;BLEED;2;1;T1 won;10;1;1;1;8;0;0;0
Champions Tour 2024: Pacific Stage 2;Regular Season;Week 4;T1 vs BLEED;Ascent;T1;Sayaplayer;BLEED;Zest;0;4;-4;All Kills;jett;137;269;9;5;2;4;0,78;156;0,29;2;0;2;defend;BLEED;2;1;T1 won;10;1;1;1;8;0;0;0
Champions Tour 2024: Pacific Stage 2;Regular Season;Week 4;T1 vs BLEED;Ascent;T1;stax;BLEED;sScary;5;1;4;All Kills;kayo;131;244;19;14;14;5;0,86;140;0,37;1;0;1;both;BLEED;2;1;T1 won;10;1;1;1;8;0;0;0
Champions Tour 2024: Pacific Stage 2;Regular Season;Week 4;T1 vs BLEED;Ascent;T1;Carpe;BLEED;Deryeon;0;1;-1;First Kills;sova;57;99;4;9;4;-5;0,67;69;0,2;0;1;-1;attack;BLEED;2;1;T1 won;10;1;1;1;8;0;0;0
Champions Tour 2024: Pacific Stage 2;Regular Season;Week 4;T1 vs BLEED;Ascent;T1;iZu;BLEED;crazyguy;2;0;2;First Kills;killjoy;126;275;9;5;2;4;0,78;159;0,11;2;1;1;defend;BLEED;2;1;T1 won;10;1;1;1;8;0;0;0
Champions Tour 2024: Pacific Stage 2;Regular Season;Week 4;T1 vs BLEED;Ascent;T1;Sayaplayer;BLEED;Retla;1;0;1;First Kills;jett;101;248;20;16;3;4;0,71;147;0,28;5;3;2;both;BLEED;2;1;T1 won;10;1;1;1;8;0;0;0
Champions Tour 2024: Pacific Stage 2;Regular Season;Week 4;T1 vs BLEED;Ascent;T1;Sayaplayer;BLEED;Deryeon;0;2;-2;Op Kills;jett;73;233;11;11;1;0;0,67;141;0,27;3;3;0;attack;BLEED;2;1;T1 won;10;1;1;1;8;0;0;0
Champions Tour 2024: Pacific Stage 2;Playoffs;Knockout Round;Gen.G vs Rex Regum Qeon;Haven;Gen.G;t3xture;Rex Regum Qeon;Estrella;5;1;4;All Kills;jett;102;129;7;6;1;1;0,58;93;0,13;2;2;0;defend;Rex Regum Qeon;2;0;Gen.G won;9;3;1;0;5;1;2;0
Champions Tour 2024: Pacific Stage 2;Playoffs;Knockout Round;Gen.G vs Rex Regum Qeon;Haven;Gen.G;Lakia;Rex Regum Qeon;Jemkin;1;3;-2;All Kills;skye;9;118;9;11;9;-2;0,71;64;0,17;1;1;0;both;Rex Regum Qeon;2;0;Gen.G won;9;3;1;0;5;1;2;0
Champions Tour 2024: Pacific Stage 2;Playoffs;Knockout Round;Gen.G vs Rex Regum Qeon;Haven;Gen.G;Munchkin;Rex Regum Qeon;Jemkin;3;4;-1;All Kills;viper;69;74;2;5;3;-3;0,67;54;0,29;0;1;-1;attack;Rex Regum Qeon;2;0;Gen.G won;9;3;1;0;5;1;2;0
Champions Tour 2024: Pacific Stage 2;Playoffs;Knockout Round;Gen.G vs Rex Regum Qeon;Haven;Gen.G;Meteor;Rex Regum Qeon;Jemkin;2;1;1;All Kills;killjoy;58;154;7;8;3;-1;0,58;80;0,19;2;2;0;defend;Rex Regum Qeon;2;0;Gen.G won;9;3;1;0;5;1;2;0
Champions Tour 2024: Pacific Stage 2;Playoffs;Knockout Round;Gen.G vs Rex Regum Qeon;Haven;Gen.G;Karon;Rex Regum Qeon;xffero;5;1;4;All Kills;omen;139;290;23;14;9;9;0,86;176;0,42;2;0;2;both;Rex Regum Qeon;2;0;Gen.G won;9;3;1;0;5;1;2;0
Champions Tour 2024: Pacific Stage 2;Playoffs;Knockout Round;Gen.G vs Rex Regum Qeon;Haven;Gen.G;t3xture;Rex Regum Qeon;xffero;1;1;0;First Kills;jett;184;405;13;6;1;7;0,67;253;0,38;3;1;2;attack;Rex Regum Qeon;2;0;Gen.G won;9;3;1;0;5;1;2;0
Champions Tour 2024: Pacific Stage 2;Playoffs;Knockout Round;Gen.G vs Rex Regum Qeon;Haven;Gen.G;Munchkin;Rex Regum Qeon;Jemkin;3;0;3;First Kills;viper;165;308;12;6;9;6;0,83;210;0,29;3;0;3;defend;Rex Regum Qeon;2;0;Gen.G won;9;3;1;0;5;1;2;0
Champions Tour 2024: Pacific Stage 2;Playoffs;Knockout Round;Gen.G vs Rex Regum Qeon;Haven;Gen.G;t3xture;Rex Regum Qeon;Lmemore;1;0;1;Op Kills;jett;137;247;20;12;2;8;0,62;162;0,32;5;3;2;both;Rex Regum Qeon;2;0;Gen.G won;9;3;1;0;5;1;2;0
Champions Tour 2024: Pacific Stage 2;Playoffs;Knockout Round;Gen.G vs Rex Regum Qeon;Bind;Gen.G;t3xture;Rex Regum Qeon;Estrella;3;3;0;All Kills;raze;35;137;5;11;2;-6;0,5;88;0,08;3;2;1;attack;Rex Regum Qeon;2;0;Gen.G won;10;2;1;0;9;1;1;0
Champions Tour 2024: Pacific Stage 2;Playoffs;Knockout Round;Gen.G vs Rex Regum Qeon;Bind;Gen.G;Lakia;Rex Regum Qeon;Estrella;1;3;-2;All Kills;skye;4;86;4;10;4;-6;0,58;38;0,11;1;0;1;defend;Rex Regum Qeon;2;0;Gen.G won;10;2;1;0;9;1;1;0
Champions Tour 2024: Pacific Stage 2;Playoffs;Knockout Round;Gen.G vs Rex Regum Qeon;Bind;Gen.G;Munchkin;Rex Regum Qeon;Jemkin;1;3;-2;All Kills;viper;96;153;12;13;8;-1;0,75;102;0,15;4;0;4;both;Rex Regum Qeon;2;0;Gen.G won;10;2;1;0;9;1;1;0
Champions Tour 2024: Pacific Stage 2;Playoffs;Knockout Round;Gen.G vs Rex Regum Qeon;Bind;Gen.G;Meteor;Rex Regum Qeon;Jemkin;5;4;1;All Kills;cypher;133;286;13;9;0;4;0,75;193;0,54;2;1;1;attack;Rex Regum Qeon;2;0;Gen.G won;10;2;1;0;9;1;1;0
Champions Tour 2024: Pacific Stage 2;Playoffs;Knockout Round;Gen.G vs Rex Regum Qeon;Bind;Gen.G;Karon;Rex Regum Qeon;Jemkin;3;2;1;All Kills;brimstone;115;208;9;8;6;1;0,83;133;0,16;1;0;1;defend;Rex Regum Qeon;2;0;Gen.G won;10;2;1;0;9;1;1;0
Champions Tour 2024: Pacific Stage 2;Playoffs;Knockout Round;Gen.G vs Rex Regum Qeon;Bind;Gen.G;t3xture;Rex Regum Qeon;Monyet;1;1;0;First Kills;raze;78;195;16;19;4;-3;0,67;127;0,21;5;3;2;both;Rex Regum Qeon;2;0;Gen.G won;10;2;1;0;9;1;1;0
Champions Tour 2024: Pacific Stage 2;Playoffs;Knockout Round;Gen.G vs Rex Regum Qeon;Bind;Gen.G;Munchkin;Rex Regum Qeon;Lmemore;1;0;1;First Kills;viper;77;105;4;7;4;-3;0,75;84;0,1;0;0;0;attack;Rex Regum Qeon;2;0;Gen.G won;10;2;1;0;9;1;1;0
Champions Tour 2024: Pacific Stage 2;Playoffs;Knockout Round;Gen.G vs Rex Regum Qeon;Bind;Gen.G;Meteor;Rex Regum Qeon;Jemkin;1;2;-1;First Kills;cypher;143;286;13;8;1;5;0,75;190;0,48;1;2;-1;defend;Rex Regum Qeon;2;0;Gen.G won;10;2;1;0;9;1;1;0
Champions Tour 2024: Pacific Stage 2;Playoffs;Upper Semifinals;Paper Rex vs Gen.G;Ascent;Paper Rex;something;Gen.G;Meteor;3;3;0;All Kills;reyna;82;149;12;15;5;-3;0,61;92;0,3;2;2;0;both;Gen.G;0;2;Gen.G won;7;0;1;2;9;1;2;1
Champions Tour 2024: Pacific Stage 2;Playoffs;Upper Semifinals;Paper Rex vs Gen.G;Ascent;Paper Rex;f0rsakeN;Gen.G;Meteor;4;3;1;All Kills;harbor;45;106;4;10;3;-6;0,58;71;0,4;0;3;-3;attack;Gen.G;0;2;Gen.G won;7;0;1;2;9;1;2;1
Champions Tour 2024: Pacific Stage 2;Playoffs;Upper Semifinals;Paper Rex vs Gen.G;Ascent;Paper Rex;mindfreak;Gen.G;Meteor;1;2;-1;All Kills;omen;102;149;7;4;1;3;0,73;93;0,67;1;0;1;defend;Gen.G;0;2;Gen.G won;7;0;1;2;9;1;2;1
Champions Tour 2024: Pacific Stage 2;Playoffs;Upper Semifinals;Paper Rex vs Gen.G;Ascent;Paper Rex;d4v41;Gen.G;Munchkin;2;3;-1;All Kills;sova;111;165;11;14;9;-3;0,7;124;0,16;1;0;1;both;Gen.G;0;2;Gen.G won;7;0;1;2;9;1;2;1
Champions Tour 2024: Pacific Stage 2;Playoffs;Upper Semifinals;Paper Rex vs Gen.G;Ascent;Paper Rex;Jinggg;Gen.G;Munchkin;6;7;-1;All Kills;raze;133;298;12;10;1;2;0,67;177;0,31;2;1;1;attack;Gen.G;0;2;Gen.G won;7;0;1;2;9;1;2;1
Champions Tour 2024: Pacific Stage 2;Playoffs;Upper Semifinals;Paper Rex vs Gen.G;Ascent;Paper Rex;f0rsakeN;Gen.G;Karon;1;2;-1;First Kills;harbor;104;227;9;7;2;2;0,64;162;0,44;3;2;1;defend;Gen.G;0;2;Gen.G won;7;0;1;2;9;1;2;1
Champions Tour 2024: Pacific Stage 2;Playoffs;Upper Semifinals;Paper Rex vs Gen.G;Ascent;Paper Rex;d4v41;Gen.G;Karon;1;0;1;First Kills;sova;111;165;11;14;9;-3;0,7;124;0,16;1;0;1;both;Gen.G;0;2;Gen.G won;7;0;1;2;9;1;2;1
Champions Tour 2024: Pacific Stage 2;Playoffs;Upper Semifinals;Paper Rex vs Gen.G;Ascent;Paper Rex;something;Gen.G;t3xture;2;2;0;Op Kills;reyna;26;80;2;11;5;-9;0,5;46;0,3;1;2;-1;attack;Gen.G;0;2;Gen.G won;7;0;1;2;9;1;2;1
Champions Tour 2024: Pacific Stage 2;Playoffs;Upper Semifinals;Paper Rex vs Gen.G;Ascent;Paper Rex;mindfreak;Gen.G;t3xture;0;1;-1;Op Kills;omen;102;149;7;4;1;3;0,73;93;0,67;1;0;1;defend;Gen.G;0;2;Gen.G won;7;0;1;2;9;1;2;1
Champions Tour 2024: Pacific Stage 2;Playoffs;Upper Semifinals;Paper Rex vs Gen.G;Icebox;Paper Rex;something;Gen.G;Karon;2;4;-2;All Kills;jett;3;88;6;18;2;-12;0,5;65;0,22;1;6;-5;both;Gen.G;0;2;Gen.G won;3;1;1;0;10;1;2;0
Champions Tour 2024: Pacific Stage 2;Playoffs;Upper Semifinals;Paper Rex vs Gen.G;Icebox;Paper Rex;f0rsakeN;Gen.G;Karon;4;4;0;All Kills;kayo;146;278;11;10;11;1;0,75;163;0,15;0;1;-1;attack;Gen.G;0;2;Gen.G won;3;1;1;0;10;1;2;0
Champions Tour 2024: Pacific Stage 2;Playoffs;Upper Semifinals;Paper Rex vs Gen.G;Icebox;Paper Rex;mindfreak;Gen.G;Karon;0;2;-2;All Kills;viper;113;204;4;4;2;0;0,83;125;0,25;1;0;1;defend;Gen.G;0;2;Gen.G won;3;1;1;0;10;1;2;0
Champions Tour 2024: Pacific Stage 2;Playoffs;Upper Semifinals;Paper Rex vs Gen.G;Icebox;Paper Rex;d4v41;Gen.G;Lakia;1;1;0;All Kills;killjoy;5;111;5;15;1;-10;0,44;83;0,1;1;2;-1;both;Gen.G;0;2;Gen.G won;3;1;1;0;10;1;2;0
Champions Tour 2024: Pacific Stage 2;Playoffs;Upper Semifinals;Paper Rex vs Gen.G;Icebox;Paper Rex;Jinggg;Gen.G;Lakia;3;1;2;All Kills;sage;128;259;10;9;3;1;0,58;152;0,3;3;1;2;attack;Gen.G;0;2;Gen.G won;3;1;1;0;10;1;2;0
Champions Tour 2024: Pacific Stage 2;Playoffs;Upper Semifinals;Paper Rex vs Gen.G;Icebox;Paper Rex;something;Gen.G;Lakia;0;1;-1;First Kills;jett;7;50;1;6;1;-5;0,5;51;0,25;0;2;-2;defend;Gen.G;0;2;Gen.G won;3;1;1;0;10;1;2;0
Champions Tour 2024: Pacific Stage 2;Playoffs;Upper Semifinals;Paper Rex vs Gen.G;Icebox;Paper Rex;Jinggg;Gen.G;Karon;1;0;1;First Kills;sage;9;184;11;15;3;-4;0,56;107;0,27;3;2;1;both;Gen.G;0;2;Gen.G won;3;1;1;0;10;1;2;0
Champions Tour 2024: Pacific Stage 2;Playoffs;Upper Semifinals;Paper Rex vs Gen.G;Icebox;Paper Rex;f0rsakeN;Gen.G;t3xture;0;2;-2;Op Kills;kayo;146;278;11;10;11;1;0,75;163;0,15;0;1;-1;attack;Gen.G;0;2;Gen.G won;3;1;1;0;10;1;2;0
Champions Tour 2024: Pacific Stage 2;Playoffs;Upper Final;Gen.G vs DRX;Haven;Gen.G;Karon;DRX;Foxy9;5;1;4;All Kills;omen;221;356;18;2;6;16;1;211;0,37;2;0;2;defend;DRX;2;1;Gen.G won;11;0;2;0;7;1;1;0
Champions Tour 2024: Pacific Stage 2;Playoffs;Upper Final;Gen.G vs DRX;Haven;Gen.G;t3xture;DRX;MaKo;1;2;-1;All Kills;jett;79;111;10;11;0;-1;0,55;63;0,25;3;4;-1;both;DRX;2;1;Gen.G won;11;0;2;0;7;1;1;0
Champions Tour 2024: Pacific Stage 2;Playoffs;Upper Final;Gen.G vs DRX;Haven;Gen.G;Lakia;DRX;MaKo;2;4;-2;All Kills;skye;96;161;6;8;3;-2;0,7;103;0,21;0;0;0;attack;DRX;2;1;Gen.G won;11;0;2;0;7;1;1;0
Champions Tour 2024: Pacific Stage 2;Playoffs;Upper Final;Gen.G vs DRX;Haven;Gen.G;Munchkin;DRX;MaKo;4;1;3;All Kills;viper;165;300;12;4;8;8;0,83;192;0,08;0;1;-1;defend;DRX;2;1;Gen.G won;11;0;2;0;7;1;1;0
Champions Tour 2024: Pacific Stage 2;Playoffs;Upper Final;Gen.G vs DRX;Haven;Gen.G;Meteor;DRX;Flashback;6;1;5;All Kills;killjoy;106;194;15;13;2;2;0,68;127;0,25;2;2;0;both;DRX;2;1;Gen.G won;11;0;2;0;7;1;1;0
Champions Tour 2024: Pacific Stage 2;Playoffs;Upper Final;Gen.G vs DRX;Haven;Gen.G;t3xture;DRX;MaKo;0;2;-2;First Kills;jett;43;69;3;7;0;-4;0,3;37;0,13;1;3;-2;attack;DRX;2;1;Gen.G won;11;0;2;0;7;1;1;0
Champions Tour 2024: Pacific Stage 2;Playoffs;Upper Final;Gen.G vs DRX;Haven;Gen.G;Lakia;DRX;MaKo;1;0;1;First Kills;skye;61;107;4;7;6;-3;0,83;71;0,31;2;2;0;defend;DRX;2;1;Gen.G won;11;0;2;0;7;1;1;0
Champions Tour 2024: Pacific Stage 2;Playoffs;Upper Final;Gen.G vs DRX;Haven;Gen.G;t3xture;DRX;BeYN;1;0;1;Op Kills;jett;79;111;10;11;0;-1;0,55;63;0,25;3;4;-1;both;DRX;2;1;Gen.G won;11;0;2;0;7;1;1;0
Champions Tour 2024: Pacific Stage 2;Playoffs;Upper Final;Gen.G vs DRX;Sunset;Gen.G;Karon;DRX;BeYN;3;5;-2;All Kills;omen;93;171;7;9;6;-2;0,73;99;0,31;0;0;0;attack;DRX;2;1;Gen.G won;5;2;2;1;8;2;3;0
Champions Tour 2024: Pacific Stage 2;Playoffs;Upper Final;Gen.G vs DRX;Sunset;Gen.G;t3xture;DRX;BeYN;3;6;-3;All Kills;jett;99;216;8;7;4;1;0,75;148;0,38;1;1;0;defend;DRX;2;1;Gen.G won;5;2;2;1;8;2;3;0
Champions Tour 2024: Pacific Stage 2;Playoffs;Upper Final;Gen.G vs DRX;Sunset;Gen.G;Lakia;DRX;BuZz;3;3;0;All Kills;sova;7;178;13;18;1;-5;0,52;123;0,58;0;3;-3;both;DRX;2;1;Gen.G won;5;2;2;1;8;2;3;0
Champions Tour 2024: Pacific Stage 2;Playoffs;Upper Final;Gen.G vs DRX;Sunset;Gen.G;Munchkin;DRX;BuZz;2;2;0;All Kills;kayo;81;89;2;7;13;-5;0,82;41;0,11;1;1;0;attack;DRX;2;1;Gen.G won;5;2;2;1;8;2;3;0
Champions Tour 2024: Pacific Stage 2;Playoffs;Upper Final;Gen.G vs DRX;Sunset;Gen.G;Meteor;DRX;BuZz;4;3;1;All Kills;cypher;96;147;6;8;3;-2;0,75;109;0,33;1;1;0;defend;DRX;2;1;Gen.G won;5;2;2;1;8;2;3;0
Champions Tour 2024: Pacific Stage 2;Playoffs;Upper Final;Gen.G vs DRX;Sunset;Gen.G;t3xture;DRX;BuZz;1;0;1;First Kills;jett;99;251;18;17;7;1;0,7;160;0,41;4;3;1;both;DRX;2;1;Gen.G won;5;2;2;1;8;2;3;0
Champions Tour 2024: Pacific Stage 2;Playoffs;Upper Final;Gen.G vs DRX;Sunset;Gen.G;Lakia;DRX;BuZz;0;2;-2;First Kills;sova;1;226;8;8;1;0;0,55;160;0,59;0;1;-1;attack;DRX;2;1;Gen.G won;5;2;2;1;8;2;3;0
Champions Tour 2024: Pacific Stage 2;Playoffs;Upper Final;Gen.G vs DRX;Sunset;Gen.G;t3xture;DRX;BuZz;1;0;1;Op Kills;jett;99;216;8;7;4;1;0,75;148;0,38;1;1;0;defend;DRX;2;1;Gen.G won;5;2;2;1;8;2;3;0
Champions Tour 2024: Pacific Stage 2;Playoffs;Upper Final;Gen.G vs DRX;Bind;Gen.G;Karon;DRX;Foxy9;1;1;0;All Kills;brimstone;83;135;8;10;6;-2;0,68;89;0,37;2;1;1;both;DRX;2;1;Gen.G won;8;1;1;3;3;3;0;0
Champions Tour 2024: Pacific Stage 2;Playoffs;Upper Final;Gen.G vs DRX;Bind;Gen.G;t3xture;DRX;Foxy9;2;3;-1;All Kills;raze;94;237;6;4;1;2;0,57;148;0,22;1;2;-1;attack;DRX;2;1;Gen.G won;8;1;1;3;3;3;0;0
Champions Tour 2024: Pacific Stage 2;Playoffs;Upper Final;Gen.G vs DRX;Bind;Gen.G;Lakia;DRX;Foxy9;1;1;0;All Kills;skye;121;165;7;4;0;3;0,83;145;0,35;1;1;0;defend;DRX;2;1;Gen.G won;8;1;1;3;3;3;0;0
Champions Tour 2024: Pacific Stage 2;Playoffs;Upper Final;Gen.G vs DRX;Bind;Gen.G;Munchkin;DRX;MaKo;3;2;1;All Kills;viper;141;209;13;7;7;6;0,95;129;0,24;3;0;3;both;DRX;2;1;Gen.G won;8;1;1;3;3;3;0;0
Champions Tour 2024: Pacific Stage 2;Playoffs;Upper Final;Gen.G vs DRX;Bind;Gen.G;Meteor;DRX;MaKo;2;0;2;All Kills;cypher;186;350;10;3;0;7;0,86;225;0,3;1;1;0;attack;DRX;2;1;Gen.G won;8;1;1;3;3;3;0;0
Champions Tour 2024: Pacific Stage 2;Playoffs;Upper Final;Gen.G vs DRX;Bind;Gen.G;t3xture;DRX;BuZz;0;1;-1;First Kills;raze;113;151;7;5;2;2;0,83;95;0,04;2;0;2;defend;DRX;2;1;Gen.G won;8;1;1;3;3;3;0;0
Champions Tour 2024: Pacific Stage 2;Playoffs;Upper Final;Gen.G vs DRX;Bind;Gen.G;Meteor;DRX;BeYN;0;1;-1;First Kills;cypher;165;295;20;8;5;12;0,84;184;0,3;3;2;1;both;DRX;2;1;Gen.G won;8;1;1;3;3;3;0;0
Champions Tour 2024: Pacific Stage 2;Playoffs;Upper Final;Gen.G vs DRX;Bind;Gen.G;t3xture;DRX;BeYN;1;0;1;Op Kills;raze;94;237;6;4;1;2;0,57;148;0,22;1;2;-1;attack;DRX;2;1;Gen.G won;8;1;1;3;3;3;0;0
Champions Tour 2024: Pacific Stage 2;Playoffs;Lower Round 1;Paper Rex vs Talon Esports;Ascent;Paper Rex;mindfreak;Talon Esports;Crws;1;1;0;All Kills;omen;137;169;8;3;4;5;0,92;118;0,62;1;1;0;defend;Talon Esports;2;0;Paper Rex won;11;0;2;0;1;1;1;0
Champions Tour 2024: Pacific Stage 2;Playoffs;Lower Round 1;Paper Rex vs Talon Esports;Ascent;Paper Rex;d4v41;Talon Esports;primmie;2;1;1;All Kills;skye;99;174;11;8;5;3;0,81;115;0,24;1;2;-1;both;Talon Esports;2;0;Paper Rex won;11;0;2;0;1;1;1;0
Champions Tour 2024: Pacific Stage 2;Playoffs;Lower Round 1;Paper Rex vs Talon Esports;Ascent;Paper Rex;Jinggg;Talon Esports;primmie;2;3;-1;All Kills;raze;119;217;3;2;3;1;0,75;128;0,06;1;1;0;attack;Talon Esports;2;0;Paper Rex won;11;0;2;0;1;1;1;0
Champions Tour 2024: Pacific Stage 2;Playoffs;Lower Round 1;Paper Rex vs Talon Esports;Ascent;Paper Rex;something;Talon Esports;primmie;4;4;0;All Kills;reyna;174;339;15;5;2;10;0,92;213;0,25;4;1;3;defend;Talon Esports;2;0;Paper Rex won;11;0;2;0;1;1;1;0
Champions Tour 2024: Pacific Stage 2;Playoffs;Lower Round 1;Paper Rex vs Talon Esports;Ascent;Paper Rex;f0rsakeN;Talon Esports;ban;4;1;3;All Kills;harbor;17;292;19;9;8;10;0,94;160;0,26;1;0;1;both;Talon Esports;2;0;Paper Rex won;11;0;2;0;1;1;1;0
Champions Tour 2024: Pacific Stage 2;Playoffs;Lower Round 1;Paper Rex vs Talon Esports;Ascent;Paper Rex;d4v41;Talon Esports;primmie;0;1;-1;First Kills;skye;16;94;2;3;0;-1;0,5;34;0,5;0;1;-1;attack;Talon Esports;2;0;Paper Rex won;11;0;2;0;1;1;1;0
Champions Tour 2024: Pacific Stage 2;Playoffs;Lower Round 1;Paper Rex vs Talon Esports;Ascent;Paper Rex;something;Talon Esports;ban;2;0;2;First Kills;reyna;174;339;15;5;2;10;0,92;213;0,25;4;1;3;defend;Talon Esports;2;0;Paper Rex won;11;0;2;0;1;1;1;0
Champions Tour 2024: Pacific Stage 2;Playoffs;Lower Round 1;Paper Rex vs Talon Esports;Sunset;Paper Rex;mindfreak;Talon Esports;primmie;1;1;0;All Kills;omen;7;138;8;12;9;-4;0,88;88;0,47;1;4;-3;both;Talon Esports;2;0;Paper Rex won;8;1;4;0;1;0;2;0
Champions Tour 2024: Pacific Stage 2;Playoffs;Lower Round 1;Paper Rex vs Talon Esports;Sunset;Paper Rex;d4v41;Talon Esports;primmie;5;1;4;All Kills;sage;194;321;14;5;10;9;0,92;203;0,28;2;1;1;attack;Talon Esports;2;0;Paper Rex won;8;1;4;0;1;0;2;0
Champions Tour 2024: Pacific Stage 2;Playoffs;Lower Round 1;Paper Rex vs Talon Esports;Sunset;Paper Rex;Jinggg;Talon Esports;primmie;2;3;-1;All Kills;raze;74;167;3;3;0;0;0,75;97;0;0;0;0;defend;Talon Esports;2;0;Paper Rex won;8;1;4;0;1;0;2;0
Champions Tour 2024: Pacific Stage 2;Playoffs;Lower Round 1;Paper Rex vs Talon Esports;Sunset;Paper Rex;something;Talon Esports;ban;6;1;5;All Kills;gekko;166;265;17;8;6;9;0,88;189;0,3;1;0;1;both;Talon Esports;2;0;Paper Rex won;8;1;4;0;1;0;2;0
Champions Tour 2024: Pacific Stage 2;Playoffs;Lower Round 1;Paper Rex vs Talon Esports;Sunset;Paper Rex;f0rsakeN;Talon Esports;ban;2;2;0;All Kills;breach;104;216;9;8;7;1;0,83;145;0,33;1;2;-1;attack;Talon Esports;2;0;Paper Rex won;8;1;4;0;1;0;2;0
Champions Tour 2024: Pacific Stage 2;Playoffs;Lower Round 1;Paper Rex vs Talon Esports;Sunset;Paper Rex;d4v41;Talon Esports;Crws;1;0;1;First Kills;sage;85;191;3;3;0;0;0,5;136;0,25;1;0;1;defend;Talon Esports;2;0;Paper Rex won;8;1;4;0;1;0;2;0
Champions Tour 2024: Pacific Stage 2;Playoffs;Lower Round 1;Paper Rex vs Talon Esports;Sunset;Paper Rex;f0rsakeN;Talon Esports;primmie;1;1;0;First Kills;breach;104;206;12;11;9;1;0,88;151;0,35;1;3;-2;both;Talon Esports;2;0;Paper Rex won;8;1;4;0;1;0;2;0
Champions Tour 2024: Pacific Stage 2;Playoffs;Grand Final;Gen.G vs DRX;Haven;Gen.G;Lakia;DRX;Foxy9;2;5;-3;All Kills;skye;9;134;4;4;2;0;0,86;101;0,33;0;0;0;attack;DRX;3;1;Gen.G won;5;0;1;0;9;2;2;0
Champions Tour 2024: Pacific Stage 2;Playoffs;Grand Final;Gen.G vs DRX;Haven;Gen.G;Karon;DRX;Foxy9;2;2;0;All Kills;omen;66;154;7;10;1;-3;0,75;99;0,28;1;1;0;defend;DRX;3;1;Gen.G won;5;0;1;0;9;2;2;0
Champions Tour 2024: Pacific Stage 2;Playoffs;Grand Final;Gen.G vs DRX;Haven;Gen.G;Munchkin;DRX;BeYN;2;3;-1;All Kills;viper;84;194;12;15;7;-3;0,74;136;0,29;0;1;-1;both;DRX;3;1;Gen.G won;5;0;1;0;9;2;2;0
Champions Tour 2024: Pacific Stage 2;Playoffs;Grand Final;Gen.G vs DRX;Haven;Gen.G;Meteor;DRX;BeYN;1;1;0;All Kills;killjoy;49;71;2;5;0;-3;0,71;51;0,17;0;2;-2;attack;DRX;3;1;Gen.G won;5;0;1;0;9;2;2;0
Champions Tour 2024: Pacific Stage 2;Playoffs;Grand Final;Gen.G vs DRX;Haven;Gen.G;t3xture;DRX;BeYN;4;0;4;All Kills;jett;44;160;6;12;2;-6;0,42;87;0,3;0;3;-3;defend;DRX;3;1;Gen.G won;5;0;1;0;9;2;2;0
Champions Tour 2024: Pacific Stage 2;Playoffs;Grand Final;Gen.G vs DRX;Haven;Gen.G;Munchkin;DRX;BeYN;0;1;-1;First Kills;viper;84;194;12;15;7;-3;0,74;136;0,29;0;1;-1;both;DRX;3;1;Gen.G won;5;0;1;0;9;2;2;0
Champions Tour 2024: Pacific Stage 2;Playoffs;Grand Final;Gen.G vs DRX;Haven;Gen.G;t3xture;DRX;Foxy9;1;1;0;First Kills;jett;142;295;8;4;1;4;0,86;176;0,35;2;1;1;attack;DRX;3;1;Gen.G won;5;0;1;0;9;2;2;0
Champions Tour 2024: Pacific Stage 2;Playoffs;Grand Final;Gen.G vs DRX;Haven;Gen.G;t3xture;DRX;MaKo;1;0;1;Op Kills;jett;44;160;6;12;2;-6;0,42;87;0,3;0;3;-3;defend;DRX;3;1;Gen.G won;5;0;1;0;9;2;2;0
Champions Tour 2024: Pacific Stage 2;Playoffs;Grand Final;Gen.G vs DRX;Bind;Gen.G;Lakia;DRX;Foxy9;6;6;0;All Kills;skye;101;202;24;23;13;1;0,82;122;0,24;6;3;3;both;DRX;3;1;Gen.G won;14;1;3;0;8;0;8;0
Champions Tour 2024: Pacific Stage 2;Playoffs;Grand Final;Gen.G vs DRX;Bind;Gen.G;Karon;DRX;Foxy9;5;3;2;All Kills;brimstone;116;225;14;12;8;2;0,88;163;0,5;0;0;0;attack;DRX;3;1;Gen.G won;14;1;3;0;8;0;8;0
Champions Tour 2024: Pacific Stage 2;Playoffs;Grand Final;Gen.G vs DRX;Bind;Gen.G;Munchkin;DRX;Foxy9;6;0;6;All Kills;viper;166;283;18;9;13;9;0,82;164;0,28;0;0;0;defend;DRX;3;1;Gen.G won;14;1;3;0;8;0;8;0
Champions Tour 2024: Pacific Stage 2;Playoffs;Grand Final;Gen.G vs DRX;Bind;Gen.G;Meteor;DRX;BeYN;5;3;2;All Kills;cypher;102;215;27;25;8;2;0,74;140;0,34;5;2;3;both;DRX;3;1;Gen.G won;14;1;3;0;8;0;8;0
Champions Tour 2024: Pacific Stage 2;Playoffs;Grand Final;Gen.G vs DRX;Bind;Gen.G;t3xture;DRX;BeYN;5;6;-1;All Kills;raze;113;230;13;12;3;1;0,71;173;0,25;6;0;6;attack;DRX;3;1;Gen.G won;14;1;3;0;8;0;8;0
Champions Tour 2024: Pacific Stage 2;Playoffs;Grand Final;Gen.G vs DRX;Bind;Gen.G;Karon;DRX;BuZz;0;1;-1;First Kills;brimstone;111;215;13;11;4;2;0,71;148;0,42;1;2;-1;defend;DRX;3;1;Gen.G won;14;1;3;0;8;0;8;0
Champions Tour 2024: Pacific Stage 2;Playoffs;Grand Final;Gen.G vs DRX;Bind;Gen.G;Meteor;DRX;Foxy9;2;0;2;First Kills;cypher;102;215;27;25;8;2;0,74;140;0,34;5;2;3;both;DRX;3;1;Gen.G won;14;1;3;0;8;0;8;0
Champions Tour 2024: Pacific Stage 2;Playoffs;Grand Final;Gen.G vs DRX;Bind;Gen.G;t3xture;DRX;Foxy9;2;0;2;First Kills;raze;113;230;13;12;3;1;0,71;173;0,25;6;0;6;attack;DRX;3;1;Gen.G won;14;1;3;0;8;0;8;0
Champions Tour 2024: Pacific Stage 2;Playoffs;Grand Final;Gen.G vs DRX;Bind;Gen.G;Munchkin;DRX;BuZz;0;2;-2;Op Kills;viper;166;283;18;9;13;9;0,82;164;0,28;0;0;0;defend;DRX;3;1;Gen.G won;14;1;3;0;8;0;8;0
Champions Tour 2024: Pacific Stage 2;Playoffs;Grand Final;Gen.G vs DRX;Lotus;Gen.G;Lakia;DRX;Foxy9;2;2;0;All Kills;fade;93;137;14;15;14;-1;0,85;85;0,18;1;0;1;both;DRX;3;1;Gen.G won;8;1;4;1;7;3;2;0
Champions Tour 2024: Pacific Stage 2;Playoffs;Grand Final;Gen.G vs DRX;Lotus;Gen.G;Karon;DRX;Foxy9;6;3;3;All Kills;omen;145;240;11;7;9;4;0,85;161;0,39;2;0;2;attack;DRX;3;1;Gen.G won;8;1;4;1;7;3;2;0
Champions Tour 2024: Pacific Stage 2;Playoffs;Grand Final;Gen.G vs DRX;Lotus;Gen.G;Munchkin;DRX;Foxy9;5;3;2;All Kills;viper;103;181;7;9;7;-2;0,77;120;0,12;1;0;1;defend;DRX;3;1;Gen.G won;8;1;4;1;7;3;2;0
Champions Tour 2024: Pacific Stage 2;Playoffs;Grand Final;Gen.G vs DRX;Lotus;Gen.G;Meteor;DRX;BeYN;5;4;1;All Kills;killjoy;126;255;24;18;8;6;0,73;163;0,22;3;2;1;both;DRX;3;1;Gen.G won;8;1;4;1;7;3;2;0
Champions Tour 2024: Pacific Stage 2;Playoffs;Grand Final;Gen.G vs DRX;Lotus;Gen.G;t3xture;DRX;BeYN;4;1;3;All Kills;raze;87;220;10;10;2;0;0,62;139;0,2;4;3;1;attack;DRX;3;1;Gen.G won;8;1;4;1;7;3;2;0
Champions Tour 2024: Pacific Stage 2;Playoffs;Grand Final;Gen.G vs DRX;Lotus;Gen.G;Munchkin;DRX;MaKo;1;0;1;First Kills;viper;103;181;7;9;7;-2;0,77;120;0,12;1;0;1;defend;DRX;3;1;Gen.G won;8;1;4;1;7;3;2;0
Champions Tour 2024: Pacific Stage 2;Playoffs;Grand Final;Gen.G vs DRX;Lotus;Gen.G;t3xture;DRX;MaKo;1;0;1;First Kills;raze;103;254;24;22;3;2;0,62;171;0,26;7;7;0;both;DRX;3;1;Gen.G won;8;1;4;1;7;3;2;0
Champions Tour 2024: Pacific Stage 2;Playoffs;Grand Final;Gen.G vs DRX;Lotus;Gen.G;t3xture;DRX;Flashback;2;3;-1;Op Kills;raze;87;220;10;10;2;0;0,62;139;0,2;4;3;1;attack;DRX;3;1;Gen.G won;8;1;4;1;7;3;2;0
Champions Tour 2024: Pacific Stage 2;Playoffs;Grand Final;Gen.G vs DRX;Icebox;Gen.G;Lakia;DRX;Foxy9;4;4;0;All Kills;gekko;128;270;11;8;5;3;0,83;180;0,38;2;2;0;defend;DRX;3;1;Gen.G won;9;2;1;1;4;1;1;0
Champions Tour 2024: Pacific Stage 2;Playoffs;Grand Final;Gen.G vs DRX;Icebox;Gen.G;Munchkin;DRX;Flashback;3;2;1;All Kills;kayo;12;156;9;7;17;2;0,89;99;0,15;0;1;-1;both;DRX;3;1;Gen.G won;9;2;1;1;4;1;1;0
Champions Tour 2024: Pacific Stage 2;Playoffs;Grand Final;Gen.G vs DRX;Icebox;Gen.G;Meteor;DRX;Flashback;3;3;0;All Kills;killjoy;119;144;4;2;2;2;1;79;0,08;0;0;0;attack;DRX;3;1;Gen.G won;9;2;1;1;4;1;1;0
Champions Tour 2024: Pacific Stage 2;Playoffs;Grand Final;Gen.G vs DRX;Icebox;Gen.G;t3xture;DRX;Flashback;2;1;1;All Kills;jett;104;176;7;7;3;0;0,58;115;0,12;3;0;3;defend;DRX;3;1;Gen.G won;9;2;1;1;4;1;1;0
Champions Tour 2024: Pacific Stage 2;Playoffs;Grand Final;Gen.G vs DRX;Icebox;Gen.G;Lakia;DRX;BuZz;1;0;1;First Kills;gekko;138;254;16;11;13;5;0,84;178;0,36;2;2;0;both;DRX;3;1;Gen.G won;9;2;1;1;4;1;1;0
Champions Tour 2024: Pacific Stage 2;Playoffs;Grand Final;Gen.G vs DRX;Icebox;Gen.G;Munchkin;DRX;BuZz;0;1;-1;First Kills;kayo;111;98;1;2;10;-1;1;47;0;0;0;0;attack;DRX;3;1;Gen.G won;9;2;1;1;4;1;1;0
Champions Tour 2024: Pacific Stage 2;Playoffs;Grand Final;Gen.G vs DRX;Icebox;Gen.G;t3xture;DRX;Foxy9;1;0;1;First Kills;jett;104;176;7;7;3;0;0,58;115;0,12;3;0;3;defend;DRX;3;1;Gen.G won;9;2;1;1;4;1;1;0
Champions Tour 2024: EMEA Stage 2;Regular Season;Week 1;Team Heretics vs Natus Vincere;Sunset;Team Heretics;Boo;Natus Vincere;ardiis;1;1;0;All Kills;omen;177;226;14;5;8;9;0,94;155;0,45;4;0;4;both;Natus Vincere;2;0;Team Heretics won;7;0;5;1;2;0;1;0
Champions Tour 2024: EMEA Stage 2;Regular Season;Week 1;Team Heretics vs Natus Vincere;Sunset;Team Heretics;benjyfishy;Natus Vincere;ardiis;2;1;1;All Kills;cypher;8;128;2;2;0;0;0,75;66;0,2;0;0;0;attack;Natus Vincere;2;0;Team Heretics won;7;0;5;1;2;0;1;0
Champions Tour 2024: EMEA Stage 2;Regular Season;Week 1;Team Heretics vs Natus Vincere;Sunset;Team Heretics;MiniBoo;Natus Vincere;ardiis;4;1;3;All Kills;neon;101;195;8;8;6;0;0,92;142;0,38;3;1;2;defend;Natus Vincere;2;0;Team Heretics won;7;0;5;1;2;0;1;0
Champions Tour 2024: EMEA Stage 2;Regular Season;Week 1;Team Heretics vs Natus Vincere;Sunset;Team Heretics;RieNs;Natus Vincere;SUYGETSU;3;2;1;All Kills;sova;151;239;13;8;10;5;0,88;154;0,38;2;0;2;both;Natus Vincere;2;0;Team Heretics won;7;0;5;1;2;0;1;0
Champions Tour 2024: EMEA Stage 2;Regular Season;Week 1;Team Heretics vs Natus Vincere;Sunset;Team Heretics;Wo0t;Natus Vincere;SUYGETSU;3;3;0;All Kills;kayo;143;315;4;3;3;1;0,75;220;0,45;0;0;0;attack;Natus Vincere;2;0;Team Heretics won;7;0;5;1;2;0;1;0
Champions Tour 2024: EMEA Stage 2;Regular Season;Week 1;Team Heretics vs Natus Vincere;Sunset;Team Heretics;Boo;Natus Vincere;ANGE1;1;0;1;First Kills;omen;182;232;11;3;7;8;1;160;0,42;3;0;3;defend;Natus Vincere;2;0;Team Heretics won;7;0;5;1;2;0;1;0
Champions Tour 2024: EMEA Stage 2;Regular Season;Week 1;Team Heretics vs Natus Vincere;Sunset;Team Heretics;MiniBoo;Natus Vincere;ANGE1;1;0;1;First Kills;neon;78;165;9;12;7;-3;0,88;124;0,36;4;3;1;both;Natus Vincere;2;0;Team Heretics won;7;0;5;1;2;0;1;0
Champions Tour 2024: EMEA Stage 2;Regular Season;Week 1;Team Heretics vs Natus Vincere;Bind;Team Heretics;Boo;Natus Vincere;Shao;1;2;-1;All Kills;brimstone;65;121;5;8;7;-3;0,75;84;0,36;0;0;0;attack;Natus Vincere;2;0;Team Heretics won;11;1;1;0;3;0;2;0
Champions Tour 2024: EMEA Stage 2;Regular Season;Week 1;Team Heretics vs Natus Vincere;Bind;Team Heretics;benjyfishy;Natus Vincere;Shao;3;2;1;All Kills;viper;4;73;1;5;1;-4;0,33;66;0,33;0;2;-2;defend;Natus Vincere;2;0;Team Heretics won;11;1;1;0;3;0;2;0
Champions Tour 2024: EMEA Stage 2;Regular Season;Week 1;Team Heretics vs Natus Vincere;Bind;Team Heretics;MiniBoo;Natus Vincere;ardiis;3;3;0;All Kills;raze;125;242;16;12;2;4;0,89;152;0,26;3;2;1;both;Natus Vincere;2;0;Team Heretics won;11;1;1;0;3;0;2;0
Champions Tour 2024: EMEA Stage 2;Regular Season;Week 1;Team Heretics vs Natus Vincere;Bind;Team Heretics;RieNs;Natus Vincere;ardiis;2;1;1;All Kills;gekko;112;183;8;6;5;2;1;126;0,25;1;0;1;attack;Natus Vincere;2;0;Team Heretics won;11;1;1;0;3;0;2;0
Champions Tour 2024: EMEA Stage 2;Regular Season;Week 1;Team Heretics vs Natus Vincere;Bind;Team Heretics;Wo0t;Natus Vincere;ardiis;7;1;6;All Kills;fade;231;396;9;3;2;6;1;255;0,38;1;0;1;defend;Natus Vincere;2;0;Team Heretics won;11;1;1;0;3;0;2;0
Champions Tour 2024: EMEA Stage 2;Regular Season;Week 1;Team Heretics vs Natus Vincere;Bind;Team Heretics;benjyfishy;Natus Vincere;ardiis;0;1;-1;First Kills;viper;108;215;15;10;3;5;0,61;140;0,32;2;4;-2;both;Natus Vincere;2;0;Team Heretics won;11;1;1;0;3;0;2;0
Champions Tour 2024: EMEA Stage 2;Regular Season;Week 1;Team Heretics vs Natus Vincere;Bind;Team Heretics;MiniBoo;Natus Vincere;ardiis;0;1;-1;First Kills;raze;144;259;11;6;2;5;0,92;159;0,25;3;1;2;attack;Natus Vincere;2;0;Team Heretics won;11;1;1;0;3;0;2;0
Champions Tour 2024: EMEA Stage 2;Regular Season;Week 1;Team Heretics vs Natus Vincere;Bind;Team Heretics;Wo0t;Natus Vincere;SUYGETSU;1;0;1;First Kills;fade;231;396;9;3;2;6;1;255;0,38;1;0;1;defend;Natus Vincere;2;0;Team Heretics won;11;1;1;0;3;0;2;0
Champions Tour 2024: EMEA Stage 2;Regular Season;Week 2;Team Heretics vs FUT Esports;Sunset;Team Heretics;RieNs;FUT Esports;yetujey;4;3;1;All Kills;sova;192;340;29;11;8;18;0,78;208;0,42;3;2;1;both;FUT Esports;2;0;Team Heretics won;8;2;3;0;6;1;3;0
Champions Tour 2024: EMEA Stage 2;Regular Season;Week 2;Team Heretics vs FUT Esports;Sunset;Team Heretics;Wo0t;FUT Esports;yetujey;2;4;-2;All Kills;kayo;105;190;6;7;6;-1;0,91;139;0,32;3;0;3;attack;FUT Esports;2;0;Team Heretics won;8;2;3;0;6;1;3;0
Champions Tour 2024: EMEA Stage 2;Regular Season;Week 2;Team Heretics vs FUT Esports;Sunset;Team Heretics;Boo;FUT Esports;yetujey;3;2;1;All Kills;omen;64;158;5;10;9;-5;0,67;101;0,32;1;1;0;defend;FUT Esports;2;0;Team Heretics won;8;2;3;0;6;1;3;0
Champions Tour 2024: EMEA Stage 2;Regular Season;Week 2;Team Heretics vs FUT Esports;Sunset;Team Heretics;MiniBoo;FUT Esports;AtaKaptan;2;5;-3;All Kills;neon;85;217;16;19;7;-3;0,7;138;0,23;2;6;-4;both;FUT Esports;2;0;Team Heretics won;8;2;3;0;6;1;3;0
Champions Tour 2024: EMEA Stage 2;Regular Season;Week 2;Team Heretics vs FUT Esports;Sunset;Team Heretics;benjyfishy;FUT Esports;AtaKaptan;2;1;1;All Kills;cypher;79;133;5;8;4;-3;0,73;93;0,21;0;1;-1;attack;FUT Esports;2;0;Team Heretics won;8;2;3;0;6;1;3;0
Champions Tour 2024: EMEA Stage 2;Regular Season;Week 2;Team Heretics vs FUT Esports;Sunset;Team Heretics;Wo0t;FUT Esports;cNed;1;0;1;First Kills;kayo;136;280;11;9;7;2;0,83;184;0,24;1;0;1;defend;FUT Esports;2;0;Team Heretics won;8;2;3;0;6;1;3;0
Champions Tour 2024: EMEA Stage 2;Regular Season;Week 2;Team Heretics vs FUT Esports;Sunset;Team Heretics;MiniBoo;FUT Esports;MrFaliN;0;1;-1;First Kills;neon;85;217;16;19;7;-3;0,7;138;0,23;2;6;-4;both;FUT Esports;2;0;Team Heretics won;8;2;3;0;6;1;3;0
Champions Tour 2024: EMEA Stage 2;Regular Season;Week 2;Team Heretics vs FUT Esports;Split;Team Heretics;RieNs;FUT Esports;qRaxs;0;2;-2;All Kills;breach;46;59;1;5;4;-4;0,71;39;0,2;0;1;-1;attack;FUT Esports;2;0;Team Heretics won;8;1;3;1;6;0;0;0
Champions Tour 2024: EMEA Stage 2;Regular Season;Week 2;Team Heretics vs FUT Esports;Split;Team Heretics;Wo0t;FUT Esports;qRaxs;5;1;4;All Kills;iso;187;338;16;6;2;10;0,75;242;0,63;2;2;0;defend;FUT Esports;2;0;Team Heretics won;8;1;3;1;6;0;0;0
Champions Tour 2024: EMEA Stage 2;Regular Season;Week 2;Team Heretics vs FUT Esports;Split;Team Heretics;Boo;FUT Esports;cNed;4;1;3;All Kills;omen;157;269;18;10;8;8;0,95;173;0,19;1;1;0;both;FUT Esports;2;0;Team Heretics won;8;1;3;1;6;0;0;0
Champions Tour 2024: EMEA Stage 2;Regular Season;Week 2;Team Heretics vs FUT Esports;Split;Team Heretics;MiniBoo;FUT Esports;cNed;3;3;0;All Kills;neon;162;338;9;5;2;4;0,86;157;0,22;2;0;2;attack;FUT Esports;2;0;Team Heretics won;8;1;3;1;6;0;0;0
Champions Tour 2024: EMEA Stage 2;Regular Season;Week 2;Team Heretics vs FUT Esports;Split;Team Heretics;benjyfishy;FUT Esports;cNed;4;4;0;All Kills;cypher;104;274;10;9;8;1;0,83;185;0,38;1;2;-1;defend;FUT Esports;2;0;Team Heretics won;8;1;3;1;6;0;0;0
Champions Tour 2024: EMEA Stage 2;Regular Season;Week 2;Team Heretics vs FUT Esports;Split;Team Heretics;Wo0t;FUT Esports;qRaxs;0;1;-1;First Kills;iso;144;274;20;11;3;9;0,79;195;0,51;3;5;-2;both;FUT Esports;2;0;Team Heretics won;8;1;3;1;6;0;0;0
Champions Tour 2024: EMEA Stage 2;Regular Season;Week 2;Team Heretics vs FUT Esports;Split;Team Heretics;Boo;FUT Esports;cNed;1;0;1;First Kills;omen;137;193;5;3;2;2;0,86;111;0,25;0;0;0;attack;FUT Esports;2;0;Team Heretics won;8;1;3;1;6;0;0;0
Champions Tour 2024: EMEA Stage 2;Regular Season;Week 2;Team Heretics vs FUT Esports;Split;Team Heretics;benjyfishy;FUT Esports;AtaKaptan;0;1;-1;First Kills;cypher;104;274;10;9;8;1;0,83;185;0,38;1;2;-1;defend;FUT Esports;2;0;Team Heretics won;8;1;3;1;6;0;0;0
Champions Tour 2024: EMEA Stage 2;Regular Season;Week 2;FNATIC vs Team Vitality;Haven;FNATIC;Alfajer;Team Vitality;trexx;5;2;3;All Kills;iso;179;330;23;10;7;13;0,84;224;0,3;4;2;2;both;Team Vitality;2;1;FNATIC won;10;1;2;0;4;1;1;0
Champions Tour 2024: EMEA Stage 2;Regular Season;Week 2;FNATIC vs Team Vitality;Haven;FNATIC;Boaster;Team Vitality;trexx;2;2;0;All Kills;omen;7;109;4;7;7;-3;0,83;67;0,11;1;0;1;attack;Team Vitality;2;1;FNATIC won;10;1;2;0;4;1;1;0
Champions Tour 2024: EMEA Stage 2;Regular Season;Week 2;FNATIC vs Team Vitality;Haven;FNATIC;Chronicle;Team Vitality;trexx;3;1;2;All Kills;sova;113;196;4;4;2;0;0,71;152;0,14;0;0;0;defend;Team Vitality;2;1;FNATIC won;10;1;2;0;4;1;1;0
Champions Tour 2024: EMEA Stage 2;Regular Season;Week 2;FNATIC vs Team Vitality;Haven;FNATIC;Derke;Team Vitality;Kicks;2;0;2;All Kills;yoru;38;148;8;16;6;-8;0,68;101;0,09;2;6;-4;both;Team Vitality;2;1;FNATIC won;10;1;2;0;4;1;1;0
Champions Tour 2024: EMEA Stage 2;Regular Season;Week 2;FNATIC vs Team Vitality;Haven;FNATIC;hiro;Team Vitality;runneR;2;0;2;First Kills;cypher;142;267;14;7;2;7;0,75;149;0,12;1;0;1;attack;Team Vitality;2;1;FNATIC won;10;1;2;0;4;1;1;0
Champions Tour 2024: EMEA Stage 2;Regular Season;Week 2;FNATIC vs Team Vitality;Haven;FNATIC;Chronicle;Team Vitality;Sayf;1;0;1;First Kills;sova;113;196;4;4;2;0;0,71;152;0,14;0;0;0;defend;Team Vitality;2;1;FNATIC won;10;1;2;0;4;1;1;0
Champions Tour 2024: EMEA Stage 2;Regular Season;Week 2;FNATIC vs Team Vitality;Haven;FNATIC;Derke;Team Vitality;trexx;1;0;1;Op Kills;yoru;38;148;8;16;6;-8;0,68;101;0,09;2;6;-4;both;Team Vitality;2;1;FNATIC won;10;1;2;0;4;1;1;0
Champions Tour 2024: EMEA Stage 2;Regular Season;Week 2;FNATIC vs Team Vitality;Icebox;FNATIC;hiro;Team Vitality;Sayf;1;4;-3;All Kills;gekko;53;108;5;10;2;-5;0,5;62;0,17;1;3;-2;attack;Team Vitality;2;1;FNATIC won;3;1;2;0;9;1;3;0
Champions Tour 2024: EMEA Stage 2;Regular Season;Week 2;FNATIC vs Team Vitality;Icebox;FNATIC;Alfajer;Team Vitality;Sayf;3;2;1;All Kills;killjoy;87;211;5;5;0;0;0,43;117;0,38;1;0;1;defend;Team Vitality;2;1;FNATIC won;3;1;2;0;9;1;3;0
Champions Tour 2024: EMEA Stage 2;Regular Season;Week 2;FNATIC vs Team Vitality;Icebox;FNATIC;Boaster;Team Vitality;runneR;0;3;-3;All Kills;viper;19;78;3;18;5;-15;0,47;62;0,23;0;8;-8;both;Team Vitality;2;1;FNATIC won;3;1;2;0;9;1;3;0
Champions Tour 2024: EMEA Stage 2;Regular Season;Week 2;FNATIC vs Team Vitality;Icebox;FNATIC;Chronicle;Team Vitality;runneR;3;2;1;All Kills;sova;144;270;12;10;3;2;0,75;169;0,46;0;1;-1;attack;Team Vitality;2;1;FNATIC won;3;1;2;0;9;1;3;0
Champions Tour 2024: EMEA Stage 2;Regular Season;Week 2;FNATIC vs Team Vitality;Icebox;FNATIC;Derke;Team Vitality;runneR;3;4;-1;All Kills;reyna;13;257;6;6;1;0;0,86;191;0,38;1;1;0;defend;Team Vitality;2;1;FNATIC won;3;1;2;0;9;1;3;0
Champions Tour 2024: EMEA Stage 2;Regular Season;Week 2;FNATIC vs Team Vitality;Icebox;FNATIC;Boaster;Team Vitality;Sayf;0;3;-3;First Kills;viper;19;78;3;18;5;-15;0,47;62;0,23;0;8;-8;both;Team Vitality;2;1;FNATIC won;3;1;2;0;9;1;3;0
Champions Tour 2024: EMEA Stage 2;Regular Season;Week 2;FNATIC vs Team Vitality;Icebox;FNATIC;Derke;Team Vitality;Sayf;0;1;-1;First Kills;reyna;85;158;7;10;3;-3;0,42;101;0,31;1;0;1;attack;Team Vitality;2;1;FNATIC won;3;1;2;0;9;1;3;0
Champions Tour 2024: EMEA Stage 2;Regular Season;Week 2;FNATIC vs Team Vitality;Icebox;FNATIC;Boaster;Team Vitality;runneR;0;1;-1;Op Kills;viper;4;61;1;7;1;-6;0,29;51;0,11;0;4;-4;defend;Team Vitality;2;1;FNATIC won;3;1;2;0;9;1;3;0
Champions Tour 2024: EMEA Stage 2;Regular Season;Week 2;FNATIC vs Team Vitality;Lotus;FNATIC;hiro;Team Vitality;runneR;4;2;2;All Kills;fade;109;172;12;10;7;2;0,75;106;0,27;0;2;-2;both;Team Vitality;2;1;FNATIC won;9;2;2;0;3;1;3;0
Champions Tour 2024: EMEA Stage 2;Regular Season;Week 2;FNATIC vs Team Vitality;Lotus;FNATIC;Alfajer;Team Vitality;runneR;0;3;-3;All Kills;killjoy;94;143;8;6;1;2;0,75;139;0,33;1;1;0;attack;Team Vitality;2;1;FNATIC won;9;2;2;0;3;1;3;0
Champions Tour 2024: EMEA Stage 2;Regular Season;Week 2;FNATIC vs Team Vitality;Lotus;FNATIC;Boaster;Team Vitality;runneR;5;2;3;All Kills;omen;98;220;7;6;4;1;0,88;134;0,31;0;0;0;defend;Team Vitality;2;1;FNATIC won;9;2;2;0;3;1;3;0
Champions Tour 2024: EMEA Stage 2;Regular Season;Week 2;FNATIC vs Team Vitality;Lotus;FNATIC;Chronicle;Team Vitality;ceNder;3;1;2;All Kills;viper;104;190;11;12;13;-1;0,95;142;0,24;4;1;3;both;Team Vitality;2;1;FNATIC won;9;2;2;0;3;1;3;0
Champions Tour 2024: EMEA Stage 2;Regular Season;Week 2;FNATIC vs Team Vitality;Lotus;FNATIC;Derke;Team Vitality;ceNder;4;1;3;All Kills;raze;167;364;17;7;2;10;1;231;0,19;3;2;1;attack;Team Vitality;2;1;FNATIC won;9;2;2;0;3;1;3;0
Champions Tour 2024: EMEA Stage 2;Regular Season;Week 2;FNATIC vs Team Vitality;Lotus;FNATIC;Boaster;Team Vitality;ceNder;1;0;1;First Kills;omen;98;220;7;6;4;1;0,88;134;0,31;0;0;0;defend;Team Vitality;2;1;FNATIC won;9;2;2;0;3;1;3;0
Champions Tour 2024: EMEA Stage 2;Regular Season;Week 2;FNATIC vs Team Vitality;Lotus;FNATIC;Derke;Team Vitality;runneR;0;1;-1;First Kills;raze;158;336;26;12;3;14;0,95;221;0,24;6;2;4;both;Team Vitality;2;1;FNATIC won;9;2;2;0;3;1;3;0
Champions Tour 2024: EMEA Stage 2;Regular Season;Week 2;FNATIC vs Karmine Corp;Haven;FNATIC;Derke;Karmine Corp;tomaszy;2;0;2;All Kills;yoru;249;462;7;2;0;5;1;277;0,2;3;0;3;attack;Karmine Corp;2;0;FNATIC won;8;0;5;0;3;0;0;0
Champions Tour 2024: EMEA Stage 2;Regular Season;Week 2;FNATIC vs Karmine Corp;Haven;FNATIC;Boaster;Karmine Corp;tomaszy;2;3;-1;All Kills;omen;29;123;5;11;4;-6;0,5;71;0,17;1;2;-1;defend;Karmine Corp;2;0;FNATIC won;8;0;5;0;3;0;0;0
Champions Tour 2024: EMEA Stage 2;Regular Season;Week 2;FNATIC vs Karmine Corp;Haven;FNATIC;hiro;Karmine Corp;N4RRATE;0;2;-2;All Kills;cypher;192;330;20;7;6;13;0,69;213;0,37;4;0;4;both;Karmine Corp;2;0;FNATIC won;8;0;5;0;3;0;0;0
Champions Tour 2024: EMEA Stage 2;Regular Season;Week 2;FNATIC vs Karmine Corp;Haven;FNATIC;Alfajer;Karmine Corp;N4RRATE;4;3;1;All Kills;iso;139;345;5;3;2;2;1;243;0,5;0;0;0;attack;Karmine Corp;2;0;FNATIC won;8;0;5;0;3;0;0;0
Champions Tour 2024: EMEA Stage 2;Regular Season;Week 2;FNATIC vs Karmine Corp;Haven;FNATIC;Chronicle;Karmine Corp;N4RRATE;0;1;-1;All Kills;sova;109;156;6;5;4;1;0,83;119;0,15;1;0;1;defend;Karmine Corp;2;0;FNATIC won;8;0;5;0;3;0;0;0
Champions Tour 2024: EMEA Stage 2;Regular Season;Week 2;FNATIC vs Karmine Corp;Haven;FNATIC;Boaster;Karmine Corp;MAGNUM;1;1;0;First Kills;omen;56;136;8;13;9;-5;0,63;75;0,27;1;2;-1;both;Karmine Corp;2;0;FNATIC won;8;0;5;0;3;0;0;0
Champions Tour 2024: EMEA Stage 2;Regular Season;Week 2;FNATIC vs Karmine Corp;Haven;FNATIC;Chronicle;Karmine Corp;tomaszy;1;0;1;First Kills;sova;122;182;3;2;4;1;1;176;0,27;0;0;0;attack;Karmine Corp;2;0;FNATIC won;8;0;5;0;3;0;0;0
Champions Tour 2024: EMEA Stage 2;Regular Season;Week 2;FNATIC vs Karmine Corp;Lotus;FNATIC;Derke;Karmine Corp;marteen;3;4;-1;All Kills;raze;106;215;6;7;3;-1;0,78;168;0,28;2;2;0;defend;Karmine Corp;2;0;FNATIC won;7;3;3;0;4;1;3;0
Champions Tour 2024: EMEA Stage 2;Regular Season;Week 2;FNATIC vs Karmine Corp;Lotus;FNATIC;Boaster;Karmine Corp;tomaszy;3;2;1;All Kills;omen;116;168;12;12;13;0;0,86;108;0,19;2;1;1;both;Karmine Corp;2;0;FNATIC won;7;3;3;0;4;1;3;0
Champions Tour 2024: EMEA Stage 2;Regular Season;Week 2;FNATIC vs Karmine Corp;Lotus;FNATIC;hiro;Karmine Corp;tomaszy;1;4;-3;All Kills;fade;92;203;8;8;4;0;0,75;123;0,22;0;0;0;attack;Karmine Corp;2;0;FNATIC won;7;3;3;0;4;1;3;0
Champions Tour 2024: EMEA Stage 2;Regular Season;Week 2;FNATIC vs Karmine Corp;Lotus;FNATIC;Alfajer;Karmine Corp;tomaszy;5;4;1;All Kills;killjoy;11;197;8;6;2;2;0,67;132;0,19;0;1;-1;defend;Karmine Corp;2;0;FNATIC won;7;3;3;0;4;1;3;0
Champions Tour 2024: EMEA Stage 2;Regular Season;Week 2;FNATIC vs Karmine Corp;Lotus;FNATIC;Chronicle;Karmine Corp;N4RRATE;1;3;-2;All Kills;viper;12;253;19;14;9;5;0,81;163;0,25;3;3;0;both;Karmine Corp;2;0;FNATIC won;7;3;3;0;4;1;3;0
Champions Tour 2024: EMEA Stage 2;Regular Season;Week 2;FNATIC vs Karmine Corp;Lotus;FNATIC;Boaster;Karmine Corp;MAGNUM;0;1;-1;First Kills;omen;115;174;7;7;7;0;0,92;111;0,26;2;0;2;attack;Karmine Corp;2;0;FNATIC won;7;3;3;0;4;1;3;0
Champions Tour 2024: EMEA Stage 2;Regular Season;Week 2;FNATIC vs Karmine Corp;Lotus;FNATIC;Alfajer;Karmine Corp;marteen;1;1;0;First Kills;killjoy;11;197;8;6;2;2;0,67;132;0,19;0;1;-1;defend;Karmine Corp;2;0;FNATIC won;7;3;3;0;4;1;3;0
Champions Tour 2024: EMEA Stage 2;Regular Season;Week 3;Team Heretics vs GIANTX;Bind;Team Heretics;Boo;GIANTX;hoody;4;3;1;All Kills;brimstone;142;244;21;13;12;8;0,86;145;0,3;1;2;-1;both;GIANTX;2;1;Team Heretics won;8;2;3;0;5;2;2;0
Champions Tour 2024: EMEA Stage 2;Regular Season;Week 3;Team Heretics vs GIANTX;Bind;Team Heretics;Wo0t;GIANTX;hoody;4;0;4;All Kills;fade;114;150;6;4;1;2;0,8;105;0,5;0;2;-2;attack;GIANTX;2;1;Team Heretics won;8;2;3;0;5;2;2;0
Champions Tour 2024: EMEA Stage 2;Regular Season;Week 3;Team Heretics vs GIANTX;Bind;Team Heretics;RieNs;GIANTX;hoody;1;4;-3;All Kills;gekko;108;211;10;8;3;2;0,83;130;0,28;2;1;1;defend;GIANTX;2;1;Team Heretics won;8;2;3;0;5;2;2;0
Champions Tour 2024: EMEA Stage 2;Regular Season;Week 3;Team Heretics vs GIANTX;Bind;Team Heretics;benjyfishy;GIANTX;Famsii;1;6;-5;All Kills;viper;13;226;18;14;5;4;0,82;131;0,43;2;2;0;both;GIANTX;2;1;Team Heretics won;8;2;3;0;5;2;2;0
Champions Tour 2024: EMEA Stage 2;Regular Season;Week 3;Team Heretics vs GIANTX;Bind;Team Heretics;MiniBoo;GIANTX;Famsii;2;3;-1;All Kills;raze;3;147;5;10;1;-5;0,8;98;0,18;2;2;0;attack;GIANTX;2;1;Team Heretics won;8;2;3;0;5;2;2;0
Champions Tour 2024: EMEA Stage 2;Regular Season;Week 3;Team Heretics vs GIANTX;Bind;Team Heretics;Wo0t;GIANTX;purp0;0;2;-2;First Kills;fade;59;135;5;8;3;-3;0,67;74;0,4;1;1;0;defend;GIANTX;2;1;Team Heretics won;8;2;3;0;5;2;2;0
Champions Tour 2024: EMEA Stage 2;Regular Season;Week 3;Team Heretics vs GIANTX;Bind;Team Heretics;benjyfishy;GIANTX;Famsii;0;1;-1;First Kills;viper;13;226;18;14;5;4;0,82;131;0,43;2;2;0;both;GIANTX;2;1;Team Heretics won;8;2;3;0;5;2;2;0
Champions Tour 2024: EMEA Stage 2;Regular Season;Week 3;Team Heretics vs GIANTX;Split;Team Heretics;Boo;GIANTX;Cloud;1;3;-2;All Kills;omen;75;115;5;8;7;-3;0,86;71;0,09;0;0;0;attack;GIANTX;2;1;Team Heretics won;8;2;2;1;12;0;3;0
Champions Tour 2024: EMEA Stage 2;Regular Season;Week 3;Team Heretics vs GIANTX;Split;Team Heretics;Wo0t;GIANTX;Cloud;4;5;-1;All Kills;iso;13;260;12;11;2;1;0,71;179;0,57;1;1;0;defend;GIANTX;2;1;Team Heretics won;8;2;2;1;12;0;3;0
Champions Tour 2024: EMEA Stage 2;Regular Season;Week 3;Team Heretics vs GIANTX;Split;Team Heretics;RieNs;GIANTX;hoody;2;7;-5;All Kills;breach;11;200;18;20;16;-2;0,71;145;0,28;3;0;3;both;GIANTX;2;1;Team Heretics won;8;2;2;1;12;0;3;0
Champions Tour 2024: EMEA Stage 2;Regular Season;Week 3;Team Heretics vs GIANTX;Split;Team Heretics;benjyfishy;GIANTX;hoody;2;6;-4;All Kills;cypher;142;283;16;10;3;6;0,71;201;0,35;1;1;0;attack;GIANTX;2;1;Team Heretics won;8;2;2;1;12;0;3;0
Champions Tour 2024: EMEA Stage 2;Regular Season;Week 3;Team Heretics vs GIANTX;Split;Team Heretics;MiniBoo;GIANTX;hoody;3;1;2;All Kills;neon;71;146;7;11;2;-4;0,64;102;0,44;1;3;-2;defend;GIANTX;2;1;Team Heretics won;8;2;2;1;12;0;3;0
Champions Tour 2024: EMEA Stage 2;Regular Season;Week 3;Team Heretics vs GIANTX;Split;Team Heretics;Wo0t;GIANTX;Cloud;0;1;-1;First Kills;iso;123;274;25;22;5;3;0,71;178;0,49;5;5;0;both;GIANTX;2;1;Team Heretics won;8;2;2;1;12;0;3;0
Champions Tour 2024: EMEA Stage 2;Regular Season;Week 3;Team Heretics vs GIANTX;Split;Team Heretics;RieNs;GIANTX;Famsii;1;0;1;First Kills;breach;141;226;11;8;7;3;0,79;176;0,32;1;0;1;attack;GIANTX;2;1;Team Heretics won;8;2;2;1;12;0;3;0
Champions Tour 2024: EMEA Stage 2;Regular Season;Week 3;Team Heretics vs GIANTX;Split;Team Heretics;MiniBoo;GIANTX;Famsii;0;2;-2;First Kills;neon;71;146;7;11;2;-4;0,64;102;0,44;1;3;-2;defend;GIANTX;2;1;Team Heretics won;8;2;2;1;12;0;3;0
Champions Tour 2024: EMEA Stage 2;Regular Season;Week 3;Team Heretics vs GIANTX;Haven;Team Heretics;Boo;GIANTX;Fit1nho;3;1;2;All Kills;omen;94;129;9;12;11;-3;0,68;88;0,27;2;3;-1;both;GIANTX;2;1;Team Heretics won;7;3;2;1;7;1;1;0
Champions Tour 2024: EMEA Stage 2;Regular Season;Week 3;Team Heretics vs GIANTX;Haven;Team Heretics;Wo0t;GIANTX;Cloud;1;3;-2;All Kills;iso;106;199;7;6;2;1;1;137;0,64;1;0;1;attack;GIANTX;2;1;Team Heretics won;7;3;2;1;7;1;1;0
Champions Tour 2024: EMEA Stage 2;Regular Season;Week 3;Team Heretics vs GIANTX;Haven;Team Heretics;RieNs;GIANTX;Cloud;5;5;0;All Kills;breach;129;209;9;8;5;1;0,58;116;0,69;2;0;2;defend;GIANTX;2;1;Team Heretics won;7;3;2;1;7;1;1;0
Champions Tour 2024: EMEA Stage 2;Regular Season;Week 3;Team Heretics vs GIANTX;Haven;Team Heretics;benjyfishy;GIANTX;hoody;3;1;2;All Kills;cypher;119;183;15;12;6;3;0,73;133;0,44;2;1;1;both;GIANTX;2;1;Team Heretics won;7;3;2;1;7;1;1;0
Champions Tour 2024: EMEA Stage 2;Regular Season;Week 3;Team Heretics vs GIANTX;Haven;Team Heretics;MiniBoo;GIANTX;hoody;2;7;-5;All Kills;neon;59;189;7;9;3;-2;0,7;111;0,15;3;2;1;attack;GIANTX;2;1;Team Heretics won;7;3;2;1;7;1;1;0
Champions Tour 2024: EMEA Stage 2;Regular Season;Week 3;Team Heretics vs GIANTX;Haven;Team Heretics;Boo;GIANTX;purp0;0;2;-2;First Kills;omen;59;112;4;9;3;-5;0,5;83;0,15;1;2;-1;defend;GIANTX;2;1;Team Heretics won;7;3;2;1;7;1;1;0
Champions Tour 2024: EMEA Stage 2;Regular Season;Week 3;Team Heretics vs GIANTX;Haven;Team Heretics;benjyfishy;GIANTX;hoody;1;0;1;First Kills;cypher;119;183;15;12;6;3;0,73;133;0,44;2;1;1;both;GIANTX;2;1;Team Heretics won;7;3;2;1;7;1;1;0
Champions Tour 2024: EMEA Stage 2;Regular Season;Week 3;Team Heretics vs GIANTX;Haven;Team Heretics;MiniBoo;GIANTX;Famsii;1;2;-1;First Kills;neon;59;189;7;9;3;-2;0,7;111;0,15;3;2;1;attack;GIANTX;2;1;Team Heretics won;7;3;2;1;7;1;1;0
Champions Tour 2024: EMEA Stage 2;Regular Season;Week 3;Team Liquid vs Karmine Corp;Bind;Team Liquid;nAts;Karmine Corp;sh1n;4;5;-1;All Kills;viper;141;297;13;8;4;5;0,83;184;0,31;2;0;2;defend;Karmine Corp;2;0;Team Liquid won;9;1;3;0;5;1;5;0
Champions Tour 2024: EMEA Stage 2;Regular Season;Week 3;Team Liquid vs Karmine Corp;Bind;Team Liquid;Enzo;Karmine Corp;tomaszy;1;1;0;All Kills;fade;77;169;13;18;8;-5;0,75;111;0,22;2;1;1;both;Karmine Corp;2;0;Team Liquid won;9;1;3;0;5;1;5;0
Champions Tour 2024: EMEA Stage 2;Regular Season;Week 3;Team Liquid vs Karmine Corp;Bind;Team Liquid;Keiko;Karmine Corp;tomaszy;9;3;6;All Kills;raze;158;289;14;8;1;6;0,58;197;0,43;1;3;-2;attack;Karmine Corp;2;0;Team Liquid won;9;1;3;0;5;1;5;0
Champions Tour 2024: EMEA Stage 2;Regular Season;Week 3;Team Liquid vs Karmine Corp;Bind;Team Liquid;Mistic;Karmine Corp;tomaszy;4;2;2;All Kills;astra;124;214;9;7;4;2;0,92;122;0,26;2;2;0;defend;Karmine Corp;2;0;Team Liquid won;9;1;3;0;5;1;5;0
Champions Tour 2024: EMEA Stage 2;Regular Season;Week 3;Team Liquid vs Karmine Corp;Bind;Team Liquid;nAts;Karmine Corp;marteen;1;3;-2;First Kills;viper;124;261;21;16;12;5;0,79;163;0,24;2;3;-1;both;Karmine Corp;2;0;Team Liquid won;9;1;3;0;5;1;5;0
Champions Tour 2024: EMEA Stage 2;Regular Season;Week 3;Team Liquid vs Karmine Corp;Bind;Team Liquid;Keiko;Karmine Corp;marteen;1;0;1;First Kills;raze;158;289;14;8;1;6;0,58;197;0,43;1;3;-2;attack;Karmine Corp;2;0;Team Liquid won;9;1;3;0;5;1;5;0
Champions Tour 2024: EMEA Stage 2;Regular Season;Week 3;Team Liquid vs Karmine Corp;Bind;Team Liquid;Mistic;Karmine Corp;N4RRATE;0;1;-1;First Kills;astra;124;214;9;7;4;2;0,92;122;0,26;2;2;0;defend;Karmine Corp;2;0;Team Liquid won;9;1;3;0;5;1;5;0
Champions Tour 2024: EMEA Stage 2;Regular Season;Week 3;Team Liquid vs Karmine Corp;Bind;Team Liquid;Keiko;Karmine Corp;N4RRATE;1;0;1;Op Kills;raze;157;332;30;19;3;11;0,79;221;0,32;4;3;1;both;Karmine Corp;2;0;Team Liquid won;9;1;3;0;5;1;5;0
Champions Tour 2024: EMEA Stage 2;Regular Season;Week 3;Team Liquid vs Karmine Corp;Sunset;Team Liquid;nAts;Karmine Corp;tomaszy;2;1;1;All Kills;viper;104;262;11;8;2;3;0,67;164;0,35;5;4;1;attack;Karmine Corp;2;0;Team Liquid won;12;0;1;0;2;0;0;0
Champions Tour 2024: EMEA Stage 2;Regular Season;Week 3;Team Liquid vs Karmine Corp;Sunset;Team Liquid;Enzo;Karmine Corp;tomaszy;3;3;0;All Kills;sage;214;462;5;2;1;3;0,67;237;0,16;1;0;1;defend;Karmine Corp;2;0;Team Liquid won;12;0;1;0;2;0;0;0
Champions Tour 2024: EMEA Stage 2;Regular Season;Week 3;Team Liquid vs Karmine Corp;Sunset;Team Liquid;Mistic;Karmine Corp;MAGNUM;2;1;1;All Kills;omen;137;217;11;7;12;4;0,93;142;0,36;1;0;1;both;Karmine Corp;2;0;Team Liquid won;12;0;1;0;2;0;0;0
Champions Tour 2024: EMEA Stage 2;Regular Season;Week 3;Team Liquid vs Karmine Corp;Sunset;Team Liquid;Jamppi;Karmine Corp;MAGNUM;4;2;2;All Kills;kayo;115;187;9;6;3;3;0,75;106;0,3;1;1;0;attack;Karmine Corp;2;0;Team Liquid won;12;0;1;0;2;0;0;0
Champions Tour 2024: EMEA Stage 2;Regular Season;Week 3;Team Liquid vs Karmine Corp;Sunset;Team Liquid;nAts;Karmine Corp;MAGNUM;3;2;1;First Kills;viper;158;220;3;1;1;2;1;129;0,11;1;0;1;defend;Karmine Corp;2;0;Team Liquid won;12;0;1;0;2;0;0;0
Champions Tour 2024: EMEA Stage 2;Regular Season;Week 3;Team Liquid vs Karmine Corp;Sunset;Team Liquid;Mistic;Karmine Corp;N4RRATE;1;0;1;First Kills;omen;137;217;11;7;12;4;0,93;142;0,36;1;0;1;both;Karmine Corp;2;0;Team Liquid won;12;0;1;0;2;0;0;0
Champions Tour 2024: EMEA Stage 2;Regular Season;Week 3;Team Heretics vs Gentle Mates;Sunset;Team Heretics;benjyfishy;Gentle Mates;K4DAVRA;3;2;1;All Kills;cypher;112;210;9;8;2;1;0,83;141;0,29;3;1;2;attack;Gentle Mates;2;1;Team Heretics won;5;4;3;1;5;0;2;0
Champions Tour 2024: EMEA Stage 2;Regular Season;Week 3;Team Heretics vs Gentle Mates;Sunset;Team Heretics;Wo0t;Gentle Mates;K4DAVRA;2;2;0;All Kills;kayo;105;137;5;4;4;1;0,75;87;0,42;0;0;0;defend;Gentle Mates;2;1;Team Heretics won;5;4;3;1;5;0;2;0
Champions Tour 2024: EMEA Stage 2;Regular Season;Week 3;Team Heretics vs Gentle Mates;Sunset;Team Heretics;MiniBoo;Gentle Mates;TakaS;3;2;1;All Kills;neon;109;216;15;13;7;2;0,75;148;0,34;2;5;-3;both;Gentle Mates;2;1;Team Heretics won;5;4;3;1;5;0;2;0
Champions Tour 2024: EMEA Stage 2;Regular Season;Week 3;Team Heretics vs Gentle Mates;Sunset;Team Heretics;RieNs;Gentle Mates;TakaS;7;3;4;All Kills;sova;155;313;14;6;1;8;0,75;193;0,5;1;1;0;attack;Gentle Mates;2;1;Team Heretics won;5;4;3;1;5;0;2;0
Champions Tour 2024: EMEA Stage 2;Regular Season;Week 3;Team Heretics vs Gentle Mates;Sunset;Team Heretics;Boo;Gentle Mates;TakaS;1;1;0;All Kills;omen;96;91;2;3;5;-1;1;72;0,22;0;1;-1;defend;Gentle Mates;2;1;Team Heretics won;5;4;3;1;5;0;2;0
Champions Tour 2024: EMEA Stage 2;Regular Season;Week 3;Team Heretics vs Gentle Mates;Sunset;Team Heretics;MiniBoo;Gentle Mates;K4DAVRA;1;1;0;First Kills;neon;109;216;15;13;7;2;0,75;148;0,34;2;5;-3;both;Gentle Mates;2;1;Team Heretics won;5;4;3;1;5;0;2;0
Champions Tour 2024: EMEA Stage 2;Regular Season;Week 3;Team Heretics vs Gentle Mates;Sunset;Team Heretics;RieNs;Gentle Mates;TakaS;1;1;0;First Kills;sova;155;313;14;6;1;8;0,75;193;0,5;1;1;0;attack;Gentle Mates;2;1;Team Heretics won;5;4;3;1;5;0;2;0
Champions Tour 2024: EMEA Stage 2;Regular Season;Week 3;Team Heretics vs Gentle Mates;Sunset;Team Heretics;RieNs;Gentle Mates;nataNk;1;0;1;Op Kills;sova;137;269;8;5;1;3;0,88;159;0,5;3;0;3;defend;Gentle Mates;2;1;Team Heretics won;5;4;3;1;5;0;2;0
Champions Tour 2024: EMEA Stage 2;Regular Season;Week 3;Team Heretics vs Gentle Mates;Icebox;Team Heretics;Wo0t;Gentle Mates;Wailers;2;0;2;All Kills;jett;104;220;19;15;4;4;0,74;143;0,17;5;5;0;both;Gentle Mates;2;1;Team Heretics won;5;2;3;0;9;0;4;0
Champions Tour 2024: EMEA Stage 2;Regular Season;Week 3;Team Heretics vs Gentle Mates;Icebox;Team Heretics;MiniBoo;Gentle Mates;Wailers;1;3;-2;All Kills;kayo;46;118;4;10;6;-6;0,73;70;0,33;1;1;0;attack;Gentle Mates;2;1;Team Heretics won;5;2;3;0;9;0;4;0
Champions Tour 2024: EMEA Stage 2;Regular Season;Week 3;Team Heretics vs Gentle Mates;Icebox;Team Heretics;RieNs;Gentle Mates;Wailers;2;3;-1;All Kills;sova;73;171;7;8;2;-1;0,5;106;0,07;0;2;-2;defend;Gentle Mates;2;1;Team Heretics won;5;2;3;0;9;0;4;0
Champions Tour 2024: EMEA Stage 2;Regular Season;Week 3;Team Heretics vs Gentle Mates;Icebox;Team Heretics;Boo;Gentle Mates;beyAz;2;6;-4;All Kills;viper;92;180;15;16;5;-1;0,74;119;0,29;2;1;1;both;Gentle Mates;2;1;Team Heretics won;5;2;3;0;9;0;4;0
Champions Tour 2024: EMEA Stage 2;Regular Season;Week 3;Team Heretics vs Gentle Mates;Icebox;Team Heretics;benjyfishy;Gentle Mates;K4DAVRA;1;0;1;First Kills;killjoy;106;212;9;8;0;1;0,64;149;0,44;0;0;0;attack;Gentle Mates;2;1;Team Heretics won;5;2;3;0;9;0;4;0
Champions Tour 2024: EMEA Stage 2;Regular Season;Week 3;Team Heretics vs Gentle Mates;Icebox;Team Heretics;MiniBoo;Gentle Mates;beyAz;1;0;1;First Kills;kayo;134;243;11;8;1;3;0,92;164;0,45;1;0;1;defend;Gentle Mates;2;1;Team Heretics won;5;2;3;0;9;0;4;0
Champions Tour 2024: EMEA Stage 2;Regular Season;Week 3;Team Heretics vs Gentle Mates;Icebox;Team Heretics;Boo;Gentle Mates;nataNk;1;1;0;First Kills;viper;92;180;15;16;5;-1;0,74;119;0,29;2;1;1;both;Gentle Mates;2;1;Team Heretics won;5;2;3;0;9;0;4;0
Champions Tour 2024: EMEA Stage 2;Regular Season;Week 3;Team Heretics vs Gentle Mates;Icebox;Team Heretics;MiniBoo;Gentle Mates;beyAz;1;0;1;Op Kills;kayo;46;118;4;10;6;-6;0,73;70;0,33;1;1;0;attack;Gentle Mates;2;1;Team Heretics won;5;2;3;0;9;0;4;0
Champions Tour 2024: EMEA Stage 2;Regular Season;Week 3;Team Heretics vs Gentle Mates;Lotus;Team Heretics;benjyfishy;Gentle Mates;nataNk;2;1;1;All Kills;cypher;138;203;10;5;1;5;0,83;149;0,47;2;0;2;defend;Gentle Mates;2;1;Team Heretics won;4;2;5;2;3;0;2;0
Champions Tour 2024: EMEA Stage 2;Regular Season;Week 3;Team Heretics vs Gentle Mates;Lotus;Team Heretics;MiniBoo;Gentle Mates;Wailers;4;2;2;All Kills;neon;121;262;18;12;4;6;0,78;162;0,49;6;1;5;both;Gentle Mates;2;1;Team Heretics won;4;2;5;2;3;0;2;0
Champions Tour 2024: EMEA Stage 2;Regular Season;Week 3;Team Heretics vs Gentle Mates;Lotus;Team Heretics;RieNs;Gentle Mates;Wailers;1;1;0;All Kills;breach;112;273;5;4;3;1;0,83;155;0,42;1;0;1;attack;Gentle Mates;2;1;Team Heretics won;4;2;5;2;3;0;2;0
Champions Tour 2024: EMEA Stage 2;Regular Season;Week 3;Team Heretics vs Gentle Mates;Lotus;Team Heretics;Boo;Gentle Mates;beyAz;3;0;3;All Kills;omen;152;304;12;6;5;6;0,92;202;0,2;2;0;2;defend;Gentle Mates;2;1;Team Heretics won;4;2;5;2;3;0;2;0
Champions Tour 2024: EMEA Stage 2;Regular Season;Week 3;Team Heretics vs Gentle Mates;Lotus;Team Heretics;Wo0t;Gentle Mates;K4DAVRA;1;1;0;First Kills;fade;121;171;11;8;8;3;0,78;112;0,27;3;2;1;both;Gentle Mates;2;1;Team Heretics won;4;2;5;2;3;0;2;0
Champions Tour 2024: EMEA Stage 2;Regular Season;Week 3;Team Heretics vs Gentle Mates;Lotus;Team Heretics;MiniBoo;Gentle Mates;K4DAVRA;1;0;1;First Kills;neon;96;213;4;4;2;0;0,67;156;0,67;1;1;0;attack;Gentle Mates;2;1;Team Heretics won;4;2;5;2;3;0;2;0
Champions Tour 2024: EMEA Stage 2;Regular Season;Week 3;Team Heretics vs Gentle Mates;Lotus;Team Heretics;Boo;Gentle Mates;nataNk;2;0;2;First Kills;omen;152;304;12;6;5;6;0,92;202;0,2;2;0;2;defend;Gentle Mates;2;1;Team Heretics won;4;2;5;2;3;0;2;0
Champions Tour 2024: EMEA Stage 2;Regular Season;Week 4;Team Heretics vs KOI;Icebox;Team Heretics;benjyfishy;KOI;grubinho;2;4;-2;All Kills;killjoy;11;178;16;15;1;1;0,58;130;0,45;1;1;0;both;KOI;2;1;Team Heretics won;5;2;2;2;9;0;4;0
Champions Tour 2024: EMEA Stage 2;Regular Season;Week 4;Team Heretics vs KOI;Icebox;Team Heretics;Wo0t;KOI;grubinho;4;3;1;All Kills;jett;119;283;12;9;0;3;0,67;175;0,5;2;0;2;attack;KOI;2;1;Team Heretics won;5;2;2;2;9;0;4;0
Champions Tour 2024: EMEA Stage 2;Regular Season;Week 4;Team Heretics vs KOI;Icebox;Team Heretics;RieNs;KOI;grubinho;5;5;0;All Kills;sova;97;190;7;9;3;-2;0,75;133;0,33;1;3;-2;defend;KOI;2;1;Team Heretics won;5;2;2;2;9;0;4;0
Champions Tour 2024: EMEA Stage 2;Regular Season;Week 4;Team Heretics vs KOI;Icebox;Team Heretics;MiniBoo;KOI;starxo;3;3;0;All Kills;kayo;85;203;17;21;4;-4;0,58;134;0,33;4;3;1;both;KOI;2;1;Team Heretics won;5;2;2;2;9;0;4;0
Champions Tour 2024: EMEA Stage 2;Regular Season;Week 4;Team Heretics vs KOI;Icebox;Team Heretics;benjyfishy;KOI;kamo;1;0;1;First Kills;killjoy;108;176;8;8;1;0;0,75;119;0,5;1;0;1;attack;KOI;2;1;Team Heretics won;5;2;2;2;9;0;4;0
Champions Tour 2024: EMEA Stage 2;Regular Season;Week 4;Team Heretics vs KOI;Icebox;Team Heretics;RieNs;KOI;kamo;0;1;-1;First Kills;sova;97;190;7;9;3;-2;0,75;133;0,33;1;3;-2;defend;KOI;2;1;Team Heretics won;5;2;2;2;9;0;4;0
Champions Tour 2024: EMEA Stage 2;Regular Season;Week 4;Team Heretics vs KOI;Icebox;Team Heretics;MiniBoo;KOI;starxo;1;0;1;First Kills;kayo;85;203;17;21;4;-4;0,58;134;0,33;4;3;1;both;KOI;2;1;Team Heretics won;5;2;2;2;9;0;4;0
Champions Tour 2024: EMEA Stage 2;Regular Season;Week 4;Team Heretics vs KOI;Icebox;Team Heretics;Wo0t;KOI;kamo;1;0;1;Op Kills;jett;119;283;12;9;0;3;0,67;175;0,5;2;0;2;attack;KOI;2;1;Team Heretics won;5;2;2;2;9;0;4;0
Champions Tour 2024: EMEA Stage 2;Regular Season;Week 4;Team Heretics vs KOI;Icebox;Team Heretics;MiniBoo;KOI;sheydos;0;1;-1;Op Kills;kayo;102;247;11;11;0;0;0,5;166;0,32;1;1;0;defend;KOI;2;1;Team Heretics won;5;2;2;2;9;0;4;0
Champions Tour 2024: EMEA Stage 2;Regular Season;Week 4;Team Heretics vs KOI;Bind;Team Heretics;benjyfishy;KOI;grubinho;8;5;3;All Kills;viper;159;319;27;13;6;14;0,73;188;0,4;3;1;2;both;KOI;2;1;Team Heretics won;7;5;1;0;6;0;3;0
Champions Tour 2024: EMEA Stage 2;Regular Season;Week 4;Team Heretics vs KOI;Bind;Team Heretics;Wo0t;KOI;grubinho;4;5;-1;All Kills;fade;73;148;5;6;1;-1;0,7;94;0,2;3;1;2;attack;KOI;2;1;Team Heretics won;7;5;1;0;6;0;3;0
Champions Tour 2024: EMEA Stage 2;Regular Season;Week 4;Team Heretics vs KOI;Bind;Team Heretics;RieNs;KOI;grubinho;0;8;-8;All Kills;gekko;61;122;5;8;4;-3;0,67;89;0,25;1;2;-1;defend;KOI;2;1;Team Heretics won;7;5;1;0;6;0;3;0
Champions Tour 2024: EMEA Stage 2;Regular Season;Week 4;Team Heretics vs KOI;Bind;Team Heretics;MiniBoo;KOI;starxo;1;2;-1;All Kills;raze;71;176;13;18;4;-5;0,5;139;0,21;2;2;0;both;KOI;2;1;Team Heretics won;7;5;1;0;6;0;3;0
Champions Tour 2024: EMEA Stage 2;Regular Season;Week 4;Team Heretics vs KOI;Bind;Team Heretics;benjyfishy;KOI;kamo;2;0;2;First Kills;viper;197;408;16;6;2;10;0,8;227;0,42;2;0;2;attack;KOI;2;1;Team Heretics won;7;5;1;0;6;0;3;0
Champions Tour 2024: EMEA Stage 2;Regular Season;Week 4;Team Heretics vs KOI;Bind;Team Heretics;Wo0t;KOI;grubinho;1;0;1;First Kills;fade;128;228;10;6;1;4;0,67;144;0,31;2;1;1;defend;KOI;2;1;Team Heretics won;7;5;1;0;6;0;3;0
Champions Tour 2024: EMEA Stage 2;Regular Season;Week 4;Team Heretics vs KOI;Bind;Team Heretics;Boo;KOI;ShadoW;1;0;1;First Kills;brimstone;111;201;16;13;9;3;0,82;123;0,28;3;1;2;both;KOI;2;1;Team Heretics won;7;5;1;0;6;0;3;0
Champions Tour 2024: EMEA Stage 2;Regular Season;Week 4;Team Heretics vs KOI;Haven;Team Heretics;benjyfishy;KOI;kamo;5;4;1;All Kills;cypher;141;236;10;6;3;4;0,82;162;0,58;2;0;2;attack;KOI;2;1;Team Heretics won;5;3;3;2;5;2;3;0
Champions Tour 2024: EMEA Stage 2;Regular Season;Week 4;Team Heretics vs KOI;Haven;Team Heretics;Wo0t;KOI;kamo;3;2;1;All Kills;iso;61;138;6;10;5;-4;0,67;93;0,42;0;4;-4;defend;KOI;2;1;Team Heretics won;5;3;3;2;5;2;3;0
Champions Tour 2024: EMEA Stage 2;Regular Season;Week 4;Team Heretics vs KOI;Haven;Team Heretics;RieNs;KOI;sheydos;4;7;-3;All Kills;breach;116;209;19;14;5;5;0,78;142;0,41;1;1;0;both;KOI;2;1;Team Heretics won;5;3;3;2;5;2;3;0
Champions Tour 2024: EMEA Stage 2;Regular Season;Week 4;Team Heretics vs KOI;Haven;Team Heretics;Boo;KOI;sheydos;0;1;-1;All Kills;omen;64;80;3;6;4;-3;0,73;50;0,2;0;3;-3;attack;KOI;2;1;Team Heretics won;5;3;3;2;5;2;3;0
Champions Tour 2024: EMEA Stage 2;Regular Season;Week 4;Team Heretics vs KOI;Haven;Team Heretics;MiniBoo;KOI;sheydos;7;1;6;All Kills;neon;173;326;14;8;4;6;0,83;210;0,31;2;0;2;defend;KOI;2;1;Team Heretics won;5;3;3;2;5;2;3;0
Champions Tour 2024: EMEA Stage 2;Regular Season;Week 4;Team Heretics vs KOI;Haven;Team Heretics;Wo0t;KOI;sheydos;0;2;-2;First Kills;iso;86;167;14;16;7;-2;0,7;117;0,41;0;6;-6;both;KOI;2;1;Team Heretics won;5;3;3;2;5;2;3;0
Champions Tour 2024: EMEA Stage 2;Regular Season;Week 4;Team Heretics vs KOI;Haven;Team Heretics;Boo;KOI;ShadoW;2;2;0;First Kills;omen;64;80;3;6;4;-3;0,73;50;0,2;0;3;-3;attack;KOI;2;1;Team Heretics won;5;3;3;2;5;2;3;0
Champions Tour 2024: EMEA Stage 2;Regular Season;Week 4;FNATIC vs Team Liquid;Icebox;FNATIC;Derke;Team Liquid;Enzo;4;0;4;All Kills;iso;172;364;16;7;7;9;0,83;246;0,33;4;1;3;defend;Team Liquid;2;0;FNATIC won;8;0;5;0;2;0;0;0
Champions Tour 2024: EMEA Stage 2;Regular Season;Week 4;FNATIC vs Team Liquid;Icebox;FNATIC;Alfajer;Team Liquid;Mistic;2;1;1;All Kills;killjoy;133;197;11;6;1;5;0,87;138;0,23;0;0;0;both;Team Liquid;2;0;FNATIC won;8;0;5;0;2;0;0;0
Champions Tour 2024: EMEA Stage 2;Regular Season;Week 4;FNATIC vs Team Liquid;Icebox;FNATIC;Chronicle;Team Liquid;Mistic;2;0;2;All Kills;sova;108;117;2;1;0;1;0,67;91;0,4;0;0;0;attack;Team Liquid;2;0;FNATIC won;8;0;5;0;2;0;0;0
Champions Tour 2024: EMEA Stage 2;Regular Season;Week 4;FNATIC vs Team Liquid;Icebox;FNATIC;Boaster;Team Liquid;Mistic;3;2;1;All Kills;viper;151;220;9;4;7;5;1;166;0,32;2;1;1;defend;Team Liquid;2;0;FNATIC won;8;0;5;0;2;0;0;0
Champions Tour 2024: EMEA Stage 2;Regular Season;Week 4;FNATIC vs Team Liquid;Icebox;FNATIC;hiro;Team Liquid;nAts;4;2;2;All Kills;gekko;156;243;15;7;4;8;0,87;159;0,34;2;1;1;both;Team Liquid;2;0;FNATIC won;8;0;5;0;2;0;0;0
Champions Tour 2024: EMEA Stage 2;Regular Season;Week 4;FNATIC vs Team Liquid;Icebox;FNATIC;Derke;Team Liquid;Keiko;1;0;1;First Kills;iso;233;381;5;1;0;4;1;255;0,3;1;0;1;attack;Team Liquid;2;0;FNATIC won;8;0;5;0;2;0;0;0
Champions Tour 2024: EMEA Stage 2;Regular Season;Week 4;FNATIC vs Team Liquid;Icebox;FNATIC;Boaster;Team Liquid;Jamppi;1;0;1;First Kills;viper;151;220;9;4;7;5;1;166;0,32;2;1;1;defend;Team Liquid;2;0;FNATIC won;8;0;5;0;2;0;0;0
Champions Tour 2024: EMEA Stage 2;Regular Season;Week 4;FNATIC vs Team Liquid;Haven;FNATIC;Derke;Team Liquid;nAts;5;4;1;All Kills;yoru;12;248;21;14;5;7;0,68;159;0,33;1;4;-3;both;Team Liquid;2;0;FNATIC won;11;1;1;0;6;2;1;0
Champions Tour 2024: EMEA Stage 2;Regular Season;Week 4;FNATIC vs Team Liquid;Haven;FNATIC;Alfajer;Team Liquid;nAts;5;3;2;All Kills;iso;91;134;4;5;3;-1;0,7;93;0,38;0;0;0;attack;Team Liquid;2;0;FNATIC won;11;1;1;0;6;2;1;0
Champions Tour 2024: EMEA Stage 2;Regular Season;Week 4;FNATIC vs Team Liquid;Haven;FNATIC;Chronicle;Team Liquid;nAts;1;1;0;All Kills;sova;137;274;10;7;3;3;0,92;188;0,39;1;1;0;defend;Team Liquid;2;0;FNATIC won;11;1;1;0;6;2;1;0
Champions Tour 2024: EMEA Stage 2;Regular Season;Week 4;FNATIC vs Team Liquid;Haven;FNATIC;Boaster;Team Liquid;Keiko;3;2;1;All Kills;omen;92;110;8;10;13;-2;0,77;82;0,19;1;1;0;both;Team Liquid;2;0;FNATIC won;11;1;1;0;6;2;1;0
Champions Tour 2024: EMEA Stage 2;Regular Season;Week 4;FNATIC vs Team Liquid;Haven;FNATIC;hiro;Team Liquid;Keiko;4;3;1;All Kills;cypher;116;230;8;7;4;1;0,8;144;0,38;2;1;1;attack;Team Liquid;2;0;FNATIC won;11;1;1;0;6;2;1;0
Champions Tour 2024: EMEA Stage 2;Regular Season;Week 4;FNATIC vs Team Liquid;Haven;FNATIC;Derke;Team Liquid;Jamppi;0;1;-1;First Kills;yoru;11;237;11;8;2;3;0,67;153;0,22;1;1;0;defend;Team Liquid;2;0;FNATIC won;11;1;1;0;6;2;1;0
Champions Tour 2024: EMEA Stage 2;Regular Season;Week 4;FNATIC vs Team Liquid;Haven;FNATIC;Chronicle;Team Liquid;Enzo;2;1;1;First Kills;sova;138;257;19;12;6;7;0,82;173;0,29;2;2;0;both;Team Liquid;2;0;FNATIC won;11;1;1;0;6;2;1;0
Champions Tour 2024: EMEA Stage 2;Regular Season;Week 4;FNATIC vs Team Liquid;Haven;FNATIC;hiro;Team Liquid;Keiko;2;2;0;First Kills;cypher;116;230;8;7;4;1;0,8;144;0,38;2;1;1;attack;Team Liquid;2;0;FNATIC won;11;1;1;0;6;2;1;0
Champions Tour 2024: EMEA Stage 2;Regular Season;Week 4;FNATIC vs Team Liquid;Haven;FNATIC;Chronicle;Team Liquid;Keiko;0;1;-1;Op Kills;sova;137;274;10;7;3;3;0,92;188;0,39;1;1;0;defend;Team Liquid;2;0;FNATIC won;11;1;1;0;6;2;1;0
Champions Tour 2024: EMEA Stage 2;Playoffs;Knockout Round;FNATIC vs Karmine Corp;Icebox;FNATIC;Alfajer;Karmine Corp;MAGNUM;2;2;0;All Kills;killjoy;108;201;16;13;1;3;0,7;128;0,26;4;2;2;both;Karmine Corp;2;1;FNATIC won;3;2;2;0;6;3;4;0
Champions Tour 2024: EMEA Stage 2;Playoffs;Knockout Round;FNATIC vs Karmine Corp;Icebox;FNATIC;hiro;Karmine Corp;MAGNUM;2;3;-1;All Kills;gekko;59;83;4;7;1;-3;0,58;51;0,57;0;2;-2;attack;Karmine Corp;2;1;FNATIC won;3;2;2;0;6;3;4;0
Champions Tour 2024: EMEA Stage 2;Playoffs;Knockout Round;FNATIC vs Karmine Corp;Icebox;FNATIC;Derke;Karmine Corp;MAGNUM;4;1;3;All Kills;iso;78;174;4;7;2;-3;0,63;113;0,25;1;2;-1;defend;Karmine Corp;2;1;FNATIC won;3;2;2;0;6;3;4;0
Champions Tour 2024: EMEA Stage 2;Playoffs;Knockout Round;FNATIC vs Karmine Corp;Icebox;FNATIC;Boaster;Karmine Corp;marteen;2;3;-1;All Kills;viper;93;192;13;14;5;-1;0,65;137;0,33;0;2;-2;both;Karmine Corp;2;1;FNATIC won;3;2;2;0;6;3;4;0
Champions Tour 2024: EMEA Stage 2;Playoffs;Knockout Round;FNATIC vs Karmine Corp;Icebox;FNATIC;Alfajer;Karmine Corp;MAGNUM;1;0;1;First Kills;killjoy;132;250;12;7;0;5;0,75;138;0,24;4;0;4;attack;Karmine Corp;2;1;FNATIC won;3;2;2;0;6;3;4;0
Champions Tour 2024: EMEA Stage 2;Playoffs;Knockout Round;FNATIC vs Karmine Corp;Icebox;FNATIC;hiro;Karmine Corp;N4RRATE;0;2;-2;First Kills;gekko;41;90;1;7;4;-6;0,75;82;0,08;0;1;-1;defend;Karmine Corp;2;1;FNATIC won;3;2;2;0;6;3;4;0
Champions Tour 2024: EMEA Stage 2;Playoffs;Knockout Round;FNATIC vs Karmine Corp;Icebox;FNATIC;Boaster;Karmine Corp;tomaszy;0;1;-1;First Kills;viper;93;192;13;14;5;-1;0,65;137;0,33;0;2;-2;both;Karmine Corp;2;1;FNATIC won;3;2;2;0;6;3;4;0
Champions Tour 2024: EMEA Stage 2;Playoffs;Knockout Round;FNATIC vs Karmine Corp;Sunset;FNATIC;Chronicle;Karmine Corp;MAGNUM;5;4;1;All Kills;sova;78;193;8;10;4;-2;0,64;137;0,38;0;0;0;attack;Karmine Corp;2;1;FNATIC won;8;1;6;0;8;2;2;1
Champions Tour 2024: EMEA Stage 2;Playoffs;Knockout Round;FNATIC vs Karmine Corp;Sunset;FNATIC;Alfajer;Karmine Corp;MAGNUM;6;3;3;All Kills;breach;117;217;11;11;6;0;0,79;143;0,39;2;0;2;defend;Karmine Corp;2;1;FNATIC won;8;1;6;0;8;2;2;1
Champions Tour 2024: EMEA Stage 2;Playoffs;Knockout Round;FNATIC vs Karmine Corp;Sunset;FNATIC;hiro;Karmine Corp;marteen;7;4;3;All Kills;cypher;141;283;30;18;5;12;0,61;167;0,43;2;6;-4;both;Karmine Corp;2;1;FNATIC won;8;1;6;0;8;2;2;1
Champions Tour 2024: EMEA Stage 2;Playoffs;Knockout Round;FNATIC vs Karmine Corp;Sunset;FNATIC;Derke;Karmine Corp;marteen;3;4;-1;All Kills;raze;53;138;7;11;1;-4;0,5;94;0,12;1;3;-2;attack;Karmine Corp;2;1;FNATIC won;8;1;6;0;8;2;2;1
Champions Tour 2024: EMEA Stage 2;Playoffs;Knockout Round;FNATIC vs Karmine Corp;Sunset;FNATIC;Boaster;Karmine Corp;marteen;2;3;-1;All Kills;astra;102;207;10;9;6;1;0,86;132;0,33;1;2;-1;defend;Karmine Corp;2;1;FNATIC won;8;1;6;0;8;2;2;1
Champions Tour 2024: EMEA Stage 2;Playoffs;Knockout Round;FNATIC vs Karmine Corp;Sunset;FNATIC;Alfajer;Karmine Corp;N4RRATE;1;0;1;First Kills;breach;118;225;24;20;7;4;0,79;137;0,4;2;1;1;both;Karmine Corp;2;1;FNATIC won;8;1;6;0;8;2;2;1
Champions Tour 2024: EMEA Stage 2;Playoffs;Knockout Round;FNATIC vs Karmine Corp;Sunset;FNATIC;hiro;Karmine Corp;sh1n;0;4;-4;First Kills;cypher;131;261;14;10;3;4;0,5;150;0,42;0;3;-3;attack;Karmine Corp;2;1;FNATIC won;8;1;6;0;8;2;2;1
Champions Tour 2024: EMEA Stage 2;Playoffs;Knockout Round;FNATIC vs Karmine Corp;Sunset;FNATIC;Boaster;Karmine Corp;MAGNUM;0;3;-3;First Kills;astra;102;207;10;9;6;1;0,86;132;0,33;1;2;-1;defend;Karmine Corp;2;1;FNATIC won;8;1;6;0;8;2;2;1
Champions Tour 2024: EMEA Stage 2;Playoffs;Knockout Round;FNATIC vs Karmine Corp;Sunset;FNATIC;hiro;Karmine Corp;N4RRATE;0;2;-2;Op Kills;cypher;141;283;30;18;5;12;0,61;167;0,43;2;6;-4;both;Karmine Corp;2;1;FNATIC won;8;1;6;0;8;2;2;1
Champions Tour 2024: EMEA Stage 2;Playoffs;Knockout Round;FNATIC vs Karmine Corp;Lotus;FNATIC;Chronicle;Karmine Corp;N4RRATE;5;3;2;All Kills;viper;113;266;11;9;5;2;0,92;160;0,3;1;0;1;attack;Karmine Corp;2;1;FNATIC won;12;1;0;0;3;0;3;0
Champions Tour 2024: EMEA Stage 2;Playoffs;Knockout Round;FNATIC vs Karmine Corp;Lotus;FNATIC;Alfajer;Karmine Corp;N4RRATE;4;4;0;All Kills;killjoy;138;271;6;4;1;2;0,71;168;0,37;2;0;2;defend;Karmine Corp;2;1;FNATIC won;12;1;0;0;3;0;3;0
Champions Tour 2024: EMEA Stage 2;Playoffs;Knockout Round;FNATIC vs Karmine Corp;Lotus;FNATIC;hiro;Karmine Corp;sh1n;4;1;3;All Kills;fade;123;196;15;10;5;5;0,63;122;0,39;1;2;-1;both;Karmine Corp;2;1;FNATIC won;12;1;0;0;3;0;3;0
Champions Tour 2024: EMEA Stage 2;Playoffs;Knockout Round;FNATIC vs Karmine Corp;Lotus;FNATIC;Derke;Karmine Corp;sh1n;2;1;1;All Kills;raze;39;172;6;11;2;-5;0,5;120;0,18;2;5;-3;attack;Karmine Corp;2;1;FNATIC won;12;1;0;0;3;0;3;0
Champions Tour 2024: EMEA Stage 2;Playoffs;Knockout Round;FNATIC vs Karmine Corp;Lotus;FNATIC;Boaster;Karmine Corp;sh1n;4;2;2;All Kills;omen;102;181;5;4;5;1;0,71;123;0,27;0;1;-1;defend;Karmine Corp;2;1;FNATIC won;12;1;0;0;3;0;3;0
Champions Tour 2024: EMEA Stage 2;Playoffs;Knockout Round;FNATIC vs Karmine Corp;Lotus;FNATIC;hiro;Karmine Corp;tomaszy;0;1;-1;First Kills;fade;123;196;15;10;5;5;0,63;122;0,39;1;2;-1;both;Karmine Corp;2;1;FNATIC won;12;1;0;0;3;0;3;0
Champions Tour 2024: EMEA Stage 2;Playoffs;Knockout Round;FNATIC vs Karmine Corp;Lotus;FNATIC;Boaster;Karmine Corp;MAGNUM;0;1;-1;First Kills;omen;111;194;10;9;5;1;0,67;124;0,32;0;2;-2;attack;Karmine Corp;2;1;FNATIC won;12;1;0;0;3;0;3;0
Champions Tour 2024: EMEA Stage 2;Playoffs;Upper Semifinals;Team Heretics vs Team Vitality;Icebox;Team Heretics;RieNs;Team Vitality;trexx;1;4;-3;All Kills;sova;131;232;9;6;8;3;0,92;158;0,2;0;0;0;defend;Team Vitality;1;2;Team Vitality won;5;1;6;2;6;0;5;1
Champions Tour 2024: EMEA Stage 2;Playoffs;Upper Semifinals;Team Heretics vs Team Vitality;Icebox;Team Heretics;Wo0t;Team Vitality;Kicks;8;2;6;All Kills;gekko;93;199;20;19;5;1;0,81;129;0,42;4;2;2;both;Team Vitality;1;2;Team Vitality won;5;1;6;2;6;0;5;1
Champions Tour 2024: EMEA Stage 2;Playoffs;Upper Semifinals;Team Heretics vs Team Vitality;Icebox;Team Heretics;MiniBoo;Team Vitality;Kicks;1;3;-2;All Kills;neon;54;183;8;11;2;-3;0,54;115;0,62;2;5;-3;attack;Team Vitality;1;2;Team Vitality won;5;1;6;2;6;0;5;1
Champions Tour 2024: EMEA Stage 2;Playoffs;Upper Semifinals;Team Heretics vs Team Vitality;Icebox;Team Heretics;Boo;Team Vitality;Kicks;5;3;2;All Kills;viper;187;257;13;4;6;9;0,85;166;0,27;1;0;1;defend;Team Vitality;1;2;Team Vitality won;5;1;6;2;6;0;5;1
Champions Tour 2024: EMEA Stage 2;Playoffs;Upper Semifinals;Team Heretics vs Team Vitality;Icebox;Team Heretics;benjyfishy;Team Vitality;runneR;7;2;5;All Kills;killjoy;118;202;20;15;2;5;0,69;131;0,36;1;2;-1;both;Team Vitality;1;2;Team Vitality won;5;1;6;2;6;0;5;1
Champions Tour 2024: EMEA Stage 2;Playoffs;Upper Semifinals;Team Heretics vs Team Vitality;Icebox;Team Heretics;MiniBoo;Team Vitality;ceNder;3;1;2;First Kills;neon;54;183;8;11;2;-3;0,54;115;0,62;2;5;-3;attack;Team Vitality;1;2;Team Vitality won;5;1;6;2;6;0;5;1
Champions Tour 2024: EMEA Stage 2;Playoffs;Upper Semifinals;Team Heretics vs Team Vitality;Icebox;Team Heretics;Boo;Team Vitality;Kicks;1;0;1;First Kills;viper;187;257;13;4;6;9;0,85;166;0,27;1;0;1;defend;Team Vitality;1;2;Team Vitality won;5;1;6;2;6;0;5;1
Champions Tour 2024: EMEA Stage 2;Playoffs;Upper Semifinals;Team Heretics vs Team Vitality;Sunset;Team Heretics;RieNs;Team Vitality;trexx;3;3;0;All Kills;sova;88;169;12;16;7;-4;0,74;116;0,24;1;4;-3;both;Team Vitality;1;2;Team Vitality won;3;2;4;1;8;0;3;2
Champions Tour 2024: EMEA Stage 2;Playoffs;Upper Semifinals;Team Heretics vs Team Vitality;Sunset;Team Heretics;Wo0t;Team Vitality;trexx;1;6;-5;All Kills;kayo;58;86;4;9;6;-5;0,75;51;0;1;1;0;attack;Team Vitality;1;2;Team Vitality won;3;2;4;1;8;0;3;2
Champions Tour 2024: EMEA Stage 2;Playoffs;Upper Semifinals;Team Heretics vs Team Vitality;Sunset;Team Heretics;MiniBoo;Team Vitality;trexx;1;2;-1;All Kills;neon;156;345;14;8;1;6;0,91;210;0,41;4;0;4;defend;Team Vitality;1;2;Team Vitality won;3;2;4;1;8;0;3;2
Champions Tour 2024: EMEA Stage 2;Playoffs;Upper Semifinals;Team Heretics vs Team Vitality;Sunset;Team Heretics;Boo;Team Vitality;Kicks;5;2;3;All Kills;omen;128;222;19;15;10;4;0,91;137;0,38;4;2;2;both;Team Vitality;1;2;Team Vitality won;3;2;4;1;8;0;3;2
Champions Tour 2024: EMEA Stage 2;Playoffs;Upper Semifinals;Team Heretics vs Team Vitality;Sunset;Team Heretics;benjyfishy;Team Vitality;Kicks;1;4;-3;All Kills;cypher;5;97;4;9;2;-5;0,67;60;0,27;0;2;-2;attack;Team Vitality;1;2;Team Vitality won;3;2;4;1;8;0;3;2
Champions Tour 2024: EMEA Stage 2;Playoffs;Upper Semifinals;Team Heretics vs Team Vitality;Sunset;Team Heretics;Wo0t;Team Vitality;Sayf;1;0;1;First Kills;kayo;58;135;4;10;9;-6;0,73;91;0,15;0;0;0;defend;Team Vitality;1;2;Team Vitality won;3;2;4;1;8;0;3;2
Champions Tour 2024: EMEA Stage 2;Playoffs;Upper Semifinals;Team Heretics vs Team Vitality;Sunset;Team Heretics;Boo;Team Vitality;ceNder;2;1;1;First Kills;omen;128;222;19;15;10;4;0,91;137;0,38;4;2;2;both;Team Vitality;1;2;Team Vitality won;3;2;4;1;8;0;3;2
Champions Tour 2024: EMEA Stage 2;Playoffs;Upper Semifinals;Team Heretics vs Team Vitality;Sunset;Team Heretics;benjyfishy;Team Vitality;Sayf;0;2;-2;First Kills;cypher;5;97;4;9;2;-5;0,67;60;0,27;0;2;-2;attack;Team Vitality;1;2;Team Vitality won;3;2;4;1;8;0;3;2
Champions Tour 2024: EMEA Stage 2;Playoffs;Upper Semifinals;Team Heretics vs Team Vitality;Bind;Team Heretics;RieNs;Team Vitality;runneR;8;3;5;All Kills;gekko;15;306;14;8;3;6;0,85;197;0,59;2;1;1;defend;Team Vitality;1;2;Team Vitality won;7;2;3;0;8;2;4;0
Champions Tour 2024: EMEA Stage 2;Playoffs;Upper Semifinals;Team Heretics vs Team Vitality;Bind;Team Heretics;MiniBoo;Team Vitality;ceNder;3;3;0;All Kills;raze;81;191;15;20;6;-5;0,65;128;0,25;3;4;-1;both;Team Vitality;1;2;Team Vitality won;7;2;3;0;8;2;4;0
Champions Tour 2024: EMEA Stage 2;Playoffs;Upper Semifinals;Team Heretics vs Team Vitality;Bind;Team Heretics;Boo;Team Vitality;ceNder;4;2;2;All Kills;brimstone;141;225;11;8;6;3;0,92;144;0,38;0;2;-2;attack;Team Vitality;1;2;Team Vitality won;7;2;3;0;8;2;4;0
Champions Tour 2024: EMEA Stage 2;Playoffs;Upper Semifinals;Team Heretics vs Team Vitality;Bind;Team Heretics;benjyfishy;Team Vitality;ceNder;4;8;-4;All Kills;viper;87;175;8;10;4;-2;0,62;114;0,32;1;2;-1;defend;Team Vitality;1;2;Team Vitality won;7;2;3;0;8;2;4;0
Champions Tour 2024: EMEA Stage 2;Playoffs;Upper Semifinals;Team Heretics vs Team Vitality;Bind;Team Heretics;RieNs;Team Vitality;Sayf;1;0;1;First Kills;gekko;143;294;26;16;8;10;0,85;190;0,51;3;4;-1;both;Team Vitality;1;2;Team Vitality won;7;2;3;0;8;2;4;0
Champions Tour 2024: EMEA Stage 2;Playoffs;Upper Semifinals;Team Heretics vs Team Vitality;Bind;Team Heretics;Wo0t;Team Vitality;Sayf;0;4;-4;First Kills;fade;74;136;6;10;4;-4;0,62;96;0,27;1;0;1;attack;Team Vitality;1;2;Team Vitality won;7;2;3;0;8;2;4;0
Champions Tour 2024: EMEA Stage 2;Playoffs;Upper Semifinals;Team Heretics vs Team Vitality;Bind;Team Heretics;MiniBoo;Team Vitality;Kicks;1;0;1;First Kills;raze;66;143;5;9;2;-4;0,54;91;0,19;1;1;0;defend;Team Vitality;1;2;Team Vitality won;7;2;3;0;8;2;4;0
Champions Tour 2024: EMEA Stage 2;Playoffs;Upper Semifinals;Team Heretics vs Team Vitality;Bind;Team Heretics;benjyfishy;Team Vitality;runneR;1;1;0;First Kills;viper;91;171;16;18;6;-2;0,65;106;0,24;2;2;0;both;Team Vitality;1;2;Team Vitality won;7;2;3;0;8;2;4;0
Champions Tour 2024: EMEA Stage 2;Playoffs;Lower Round 1;Team Heretics vs FUT Esports;Abyss;Team Heretics;RieNs;FUT Esports;AtaKaptan;7;0;7;All Kills;breach;91;204;8;10;8;-2;0,83;132;0,19;1;0;1;attack;FUT Esports;2;0;Team Heretics won;5;2;6;0;5;3;2;0
Champions Tour 2024: EMEA Stage 2;Playoffs;Lower Round 1;Team Heretics vs FUT Esports;Abyss;Team Heretics;Wo0t;FUT Esports;AtaKaptan;2;3;-1;All Kills;gekko;11;186;6;7;9;-1;0,91;139;0,3;1;0;1;defend;FUT Esports;2;0;Team Heretics won;5;2;6;0;5;3;2;0
Champions Tour 2024: EMEA Stage 2;Playoffs;Lower Round 1;Team Heretics vs FUT Esports;Abyss;Team Heretics;MiniBoo;FUT Esports;qRaxs;5;3;2;All Kills;raze;124;252;21;14;3;7;0,74;174;0,29;6;6;0;both;FUT Esports;2;0;Team Heretics won;5;2;6;0;5;3;2;0
Champions Tour 2024: EMEA Stage 2;Playoffs;Lower Round 1;Team Heretics vs FUT Esports;Abyss;Team Heretics;Boo;FUT Esports;qRaxs;2;2;0;All Kills;astra;119;211;10;7;3;3;0,75;123;0,17;1;0;1;attack;FUT Esports;2;0;Team Heretics won;5;2;6;0;5;3;2;0
Champions Tour 2024: EMEA Stage 2;Playoffs;Lower Round 1;Team Heretics vs FUT Esports;Abyss;Team Heretics;benjyfishy;FUT Esports;qRaxs;4;2;2;All Kills;cypher;66;140;6;9;1;-3;0,82;98;0,58;2;2;0;defend;FUT Esports;2;0;Team Heretics won;5;2;6;0;5;3;2;0
Champions Tour 2024: EMEA Stage 2;Playoffs;Lower Round 1;Team Heretics vs FUT Esports;Abyss;Team Heretics;MiniBoo;FUT Esports;cNed;2;3;-1;First Kills;raze;124;252;21;14;3;7;0,74;174;0,29;6;6;0;both;FUT Esports;2;0;Team Heretics won;5;2;6;0;5;3;2;0
Champions Tour 2024: EMEA Stage 2;Playoffs;Lower Round 1;Team Heretics vs FUT Esports;Abyss;Team Heretics;benjyfishy;FUT Esports;cNed;0;2;-2;First Kills;cypher;75;104;5;7;3;-2;0,67;84;0,29;0;1;-1;attack;FUT Esports;2;0;Team Heretics won;5;2;6;0;5;3;2;0
Champions Tour 2024: EMEA Stage 2;Playoffs;Lower Round 1;Team Heretics vs FUT Esports;Abyss;Team Heretics;benjyfishy;FUT Esports;cNed;0;1;-1;Op Kills;cypher;66;140;6;9;1;-3;0,82;98;0,58;2;2;0;defend;FUT Esports;2;0;Team Heretics won;5;2;6;0;5;3;2;0
Champions Tour 2024: EMEA Stage 2;Playoffs;Lower Round 1;Team Heretics vs FUT Esports;Sunset;Team Heretics;Wo0t;FUT Esports;MrFaliN;1;5;-4;All Kills;kayo;106;185;13;16;20;-3;0,75;108;0,28;3;1;2;both;FUT Esports;2;0;Team Heretics won;4;4;5;0;8;1;1;1
Champions Tour 2024: EMEA Stage 2;Playoffs;Lower Round 1;Team Heretics vs FUT Esports;Sunset;Team Heretics;MiniBoo;FUT Esports;MrFaliN;3;2;1;All Kills;neon;82;209;8;9;1;-1;0,67;139;0,26;2;4;-2;attack;FUT Esports;2;0;Team Heretics won;4;4;5;0;8;1;1;1
Champions Tour 2024: EMEA Stage 2;Playoffs;Lower Round 1;Team Heretics vs FUT Esports;Sunset;Team Heretics;Boo;FUT Esports;MrFaliN;0;4;-4;All Kills;omen;12;241;9;10;8;-1;0,75;171;0,32;1;1;0;defend;FUT Esports;2;0;Team Heretics won;4;4;5;0;8;1;1;1
Champions Tour 2024: EMEA Stage 2;Playoffs;Lower Round 1;Team Heretics vs FUT Esports;Sunset;Team Heretics;benjyfishy;FUT Esports;cNed;5;5;0;All Kills;cypher;109;236;22;17;3;5;0,75;141;0,5;2;1;1;both;FUT Esports;2;0;Team Heretics won;4;4;5;0;8;1;1;1
Champions Tour 2024: EMEA Stage 2;Playoffs;Lower Round 1;Team Heretics vs FUT Esports;Sunset;Team Heretics;Wo0t;FUT Esports;cNed;2;1;1;First Kills;kayo;105;175;6;7;9;-1;0,92;94;0,29;2;0;2;attack;FUT Esports;2;0;Team Heretics won;4;4;5;0;8;1;1;1
Champions Tour 2024: EMEA Stage 2;Playoffs;Lower Round 1;Team Heretics vs FUT Esports;Sunset;Team Heretics;MiniBoo;FUT Esports;yetujey;0;1;-1;First Kills;neon;104;252;10;11;4;-1;0,75;168;0,27;3;3;0;defend;FUT Esports;2;0;Team Heretics won;4;4;5;0;8;1;1;1
Champions Tour 2024: EMEA Stage 2;Playoffs;Lower Round 1;Team Heretics vs FUT Esports;Sunset;Team Heretics;MiniBoo;FUT Esports;yetujey;0;1;-1;Op Kills;neon;93;230;18;20;5;-2;0,71;153;0,26;5;7;-2;both;FUT Esports;2;0;Team Heretics won;4;4;5;0;8;1;1;1
Champions Tour 2024: EMEA Stage 2;Playoffs;Grand Final;FNATIC vs Team Vitality;Haven;FNATIC;Boaster;Team Vitality;ceNder;5;0;5;All Kills;omen;116;142;6;5;2;1;0,67;140;0,4;0;1;-1;attack;Team Vitality;3;1;FNATIC won;8;0;4;1;5;1;2;0
Champions Tour 2024: EMEA Stage 2;Playoffs;Grand Final;FNATIC vs Team Vitality;Haven;FNATIC;Chronicle;Team Vitality;ceNder;1;3;-2;All Kills;sova;117;130;6;4;4;2;0,92;107;0,36;0;1;-1;defend;Team Vitality;3;1;FNATIC won;8;0;4;1;5;1;2;0
Champions Tour 2024: EMEA Stage 2;Playoffs;Grand Final;FNATIC vs Team Vitality;Haven;FNATIC;Alfajer;Team Vitality;Sayf;4;2;2;All Kills;iso;155;297;22;12;3;10;0,81;206;0,42;4;4;0;both;Team Vitality;3;1;FNATIC won;8;0;4;1;5;1;2;0
Champions Tour 2024: EMEA Stage 2;Playoffs;Grand Final;FNATIC vs Team Vitality;Haven;FNATIC;hiro;Team Vitality;Sayf;2;4;-2;All Kills;cypher;139;283;8;8;5;0;0,67;187;0,4;0;0;0;attack;Team Vitality;3;1;FNATIC won;8;0;4;1;5;1;2;0
Champions Tour 2024: EMEA Stage 2;Playoffs;Grand Final;FNATIC vs Team Vitality;Haven;FNATIC;Derke;Team Vitality;Sayf;5;2;3;All Kills;yoru;177;341;15;5;2;10;0,67;214;0,48;4;2;2;defend;Team Vitality;3;1;FNATIC won;8;0;4;1;5;1;2;0
Champions Tour 2024: EMEA Stage 2;Playoffs;Grand Final;FNATIC vs Team Vitality;Haven;FNATIC;Alfajer;Team Vitality;Sayf;1;1;0;First Kills;iso;155;297;22;12;3;10;0,81;206;0,42;4;4;0;both;Team Vitality;3;1;FNATIC won;8;0;4;1;5;1;2;0
Champions Tour 2024: EMEA Stage 2;Playoffs;Grand Final;FNATIC vs Team Vitality;Haven;FNATIC;Derke;Team Vitality;Kicks;1;1;0;First Kills;yoru;8;195;6;8;3;-2;0,89;133;0,33;2;1;1;attack;Team Vitality;3;1;FNATIC won;8;0;4;1;5;1;2;0
Champions Tour 2024: EMEA Stage 2;Playoffs;Grand Final;FNATIC vs Team Vitality;Ascent;FNATIC;Boaster;Team Vitality;trexx;3;4;-1;All Kills;astra;87;150;7;8;4;-1;0,67;93;0,38;1;1;0;defend;Team Vitality;3;1;FNATIC won;8;1;0;0;7;1;4;1
Champions Tour 2024: EMEA Stage 2;Playoffs;Grand Final;FNATIC vs Team Vitality;Ascent;FNATIC;Chronicle;Team Vitality;runneR;5;3;2;All Kills;sova;15;291;24;15;2;9;0,77;203;0,27;3;0;3;both;Team Vitality;3;1;FNATIC won;8;1;0;0;7;1;4;1
Champions Tour 2024: EMEA Stage 2;Playoffs;Grand Final;FNATIC vs Team Vitality;Ascent;FNATIC;Alfajer;Team Vitality;runneR;3;3;0;All Kills;iso;121;231;8;6;2;2;0,7;147;0,13;0;2;-2;attack;Team Vitality;3;1;FNATIC won;8;1;0;0;7;1;4;1
Champions Tour 2024: EMEA Stage 2;Playoffs;Grand Final;FNATIC vs Team Vitality;Ascent;FNATIC;hiro;Team Vitality;runneR;2;0;2;All Kills;cypher;85;127;5;8;5;-3;0,67;96;0,26;0;0;0;defend;Team Vitality;3;1;FNATIC won;8;1;0;0;7;1;4;1
Champions Tour 2024: EMEA Stage 2;Playoffs;Grand Final;FNATIC vs Team Vitality;Ascent;FNATIC;Derke;Team Vitality;ceNder;4;2;2;All Kills;yoru;78;193;14;18;7;-4;0,68;126;0,14;2;4;-2;both;Team Vitality;3;1;FNATIC won;8;1;0;0;7;1;4;1
Champions Tour 2024: EMEA Stage 2;Playoffs;Grand Final;FNATIC vs Team Vitality;Ascent;FNATIC;Chronicle;Team Vitality;Sayf;2;0;2;First Kills;sova;136;278;10;7;0;3;0,7;193;0,25;1;0;1;attack;Team Vitality;3;1;FNATIC won;8;1;0;0;7;1;4;1
Champions Tour 2024: EMEA Stage 2;Playoffs;Grand Final;FNATIC vs Team Vitality;Ascent;FNATIC;Alfajer;Team Vitality;Sayf;0;2;-2;First Kills;iso;62;188;7;10;3;-3;0,42;124;0,44;1;2;-1;defend;Team Vitality;3;1;FNATIC won;8;1;0;0;7;1;4;1
Champions Tour 2024: EMEA Stage 2;Playoffs;Grand Final;FNATIC vs Team Vitality;Ascent;FNATIC;Derke;Team Vitality;Kicks;0;1;-1;First Kills;yoru;78;193;14;18;7;-4;0,68;126;0,14;2;4;-2;both;Team Vitality;3;1;FNATIC won;8;1;0;0;7;1;4;1
Champions Tour 2024: EMEA Stage 2;Playoffs;Grand Final;FNATIC vs Team Vitality;Lotus;FNATIC;Boaster;Team Vitality;trexx;2;1;1;All Kills;omen;8;198;7;8;2;-1;0,6;108;0,15;3;2;1;attack;Team Vitality;3;1;FNATIC won;4;1;7;1;7;1;1;0
Champions Tour 2024: EMEA Stage 2;Playoffs;Grand Final;FNATIC vs Team Vitality;Lotus;FNATIC;Chronicle;Team Vitality;trexx;4;3;1;All Kills;viper;136;295;12;8;8;4;0,75;204;0,24;2;1;1;defend;Team Vitality;3;1;FNATIC won;4;1;7;1;7;1;1;0
Champions Tour 2024: EMEA Stage 2;Playoffs;Grand Final;FNATIC vs Team Vitality;Lotus;FNATIC;Alfajer;Team Vitality;runneR;7;3;4;All Kills;killjoy;136;239;22;15;3;7;0,68;141;0,3;4;2;2;both;Team Vitality;3;1;FNATIC won;4;1;7;1;7;1;1;0
Champions Tour 2024: EMEA Stage 2;Playoffs;Grand Final;FNATIC vs Team Vitality;Lotus;FNATIC;hiro;Team Vitality;runneR;2;4;-2;All Kills;fade;83;139;4;7;7;-3;0,7;93;0,13;0;0;0;attack;Team Vitality;3;1;FNATIC won;4;1;7;1;7;1;1;0
Champions Tour 2024: EMEA Stage 2;Playoffs;Grand Final;FNATIC vs Team Vitality;Lotus;FNATIC;Derke;Team Vitality;runneR;2;4;-2;All Kills;raze;104;192;6;8;6;-2;0,92;136;0,09;3;0;3;defend;Team Vitality;3;1;FNATIC won;4;1;7;1;7;1;1;0
Champions Tour 2024: EMEA Stage 2;Playoffs;Grand Final;FNATIC vs Team Vitality;Lotus;FNATIC;Boaster;Team Vitality;ceNder;1;1;0;First Kills;omen;95;154;11;14;16;-3;0,73;89;0,17;3;4;-1;both;Team Vitality;3;1;FNATIC won;4;1;7;1;7;1;1;0
Champions Tour 2024: EMEA Stage 2;Playoffs;Grand Final;FNATIC vs Team Vitality;Lotus;FNATIC;Alfajer;Team Vitality;ceNder;1;0;1;First Kills;killjoy;65;112;4;8;2;-4;0,5;76;0,29;1;2;-1;attack;Team Vitality;3;1;FNATIC won;4;1;7;1;7;1;1;0
Champions Tour 2024: EMEA Stage 2;Playoffs;Grand Final;FNATIC vs Team Vitality;Lotus;FNATIC;Derke;Team Vitality;runneR;0;2;-2;First Kills;raze;104;192;6;8;6;-2;0,92;136;0,09;3;0;3;defend;Team Vitality;3;1;FNATIC won;4;1;7;1;7;1;1;0
Champions Tour 2024: EMEA Stage 2;Playoffs;Grand Final;FNATIC vs Team Vitality;Bind;FNATIC;Boaster;Team Vitality;Kicks;7;0;7;All Kills;viper;154;320;18;8;8;10;0,88;199;0,26;4;2;2;both;Team Vitality;3;1;FNATIC won;6;0;7;0;2;0;0;1
Champions Tour 2024: EMEA Stage 2;Playoffs;Grand Final;FNATIC vs Team Vitality;Bind;FNATIC;Chronicle;Team Vitality;Kicks;2;2;0;All Kills;skye;206;322;5;1;3;4;1;227;0,36;1;0;1;attack;Team Vitality;3;1;FNATIC won;6;0;7;0;2;0;0;1
Champions Tour 2024: EMEA Stage 2;Playoffs;Grand Final;FNATIC vs Team Vitality;Bind;FNATIC;Alfajer;Team Vitality;Kicks;3;3;0;All Kills;clove;125;266;12;7;9;5;0,92;169;0,32;2;0;2;defend;Team Vitality;3;1;FNATIC won;6;0;7;0;2;0;0;1
Champions Tour 2024: EMEA Stage 2;Playoffs;Grand Final;FNATIC vs Team Vitality;Bind;FNATIC;Derke;Team Vitality;trexx;4;2;2;All Kills;raze;115;199;13;11;4;2;0,88;142;0,14;1;1;0;both;Team Vitality;3;1;FNATIC won;6;0;7;0;2;0;0;1
Champions Tour 2024: EMEA Stage 2;Playoffs;Grand Final;FNATIC vs Team Vitality;Bind;FNATIC;Boaster;Team Vitality;trexx;1;0;1;First Kills;viper;151;216;3;1;1;2;1;108;0,29;0;1;-1;attack;Team Vitality;3;1;FNATIC won;6;0;7;0;2;0;0;1
Champions Tour 2024: EMEA Stage 2;Playoffs;Grand Final;FNATIC vs Team Vitality;Bind;FNATIC;Chronicle;Team Vitality;ceNder;1;1;0;First Kills;skye;14;198;9;4;5;5;0,83;131;0,17;0;1;-1;defend;Team Vitality;3;1;FNATIC won;6;0;7;0;2;0;0;1
Champions Tour 2024: EMEA Stage 2;Playoffs;Grand Final;FNATIC vs Team Vitality;Bind;FNATIC;Derke;Team Vitality;Sayf;1;0;1;First Kills;raze;115;199;13;11;4;2;0,88;142;0,14;1;1;0;both;Team Vitality;3;1;FNATIC won;6;0;7;0;2;0;0;1
Champions Tour 2024: Americas Stage 1;Regular Season;Week 1;G2 Esports vs Evil Geniuses;Lotus;G2 Esports;leaf;Evil Geniuses;NaturE;1;8;-7;All Kills;killjoy;195;300;10;4;3;2,5;0,89;213;0,18;1;0;1;attack;Evil Geniuses;2;0;G2 Esports won;9;0;4;0;6;1;0;1
Champions Tour 2024: Americas Stage 1;Regular Season;Week 1;G2 Esports vs Evil Geniuses;Lotus;G2 Esports;trent;Evil Geniuses;NaturE;3;4;-1;All Kills;fade;107;183;7;8;7;0,88;1;142;0,43;2;0;2;defend;Evil Geniuses;2;0;G2 Esports won;9;0;4;0;6;1;0;1
Champions Tour 2024: Americas Stage 1;Regular Season;Week 1;G2 Esports vs Evil Geniuses;Lotus;G2 Esports;valyn;Evil Geniuses;jawgemo;3;1;2;All Kills;omen;134;237;21;13;8;1,62;0,71;145;0,3;2;3;-1;both;Evil Geniuses;2;0;G2 Esports won;9;0;4;0;6;1;0;1
Champions Tour 2024: Americas Stage 1;Regular Season;Week 1;G2 Esports vs Evil Geniuses;Lotus;G2 Esports;icy;Evil Geniuses;jawgemo;3;2;1;All Kills;raze;2;73;1;9;2;0,11;0,33;59;0;1;2;-1;attack;Evil Geniuses;2;0;G2 Esports won;9;0;4;0;6;1;0;1
Champions Tour 2024: Americas Stage 1;Regular Season;Week 1;G2 Esports vs Evil Geniuses;Lotus;G2 Esports;JonahP;Evil Geniuses;jawgemo;2;2;0;All Kills;viper;135;243;11;7;6;1,57;0,58;158;0,23;0;1;-1;defend;Evil Geniuses;2;0;G2 Esports won;9;0;4;0;6;1;0;1
Champions Tour 2024: Americas Stage 1;Regular Season;Week 1;G2 Esports vs Evil Geniuses;Lotus;G2 Esports;valyn;Evil Geniuses;NaturE;2;1;1;First Kills;omen;134;237;21;13;8;1,62;0,71;145;0,3;2;3;-1;both;Evil Geniuses;2;0;G2 Esports won;9;0;4;0;6;1;0;1
Champions Tour 2024: Americas Stage 1;Regular Season;Week 1;G2 Esports vs Evil Geniuses;Lotus;G2 Esports;icy;Evil Geniuses;jawgemo;2;0;2;First Kills;raze;2;73;1;9;2;0,11;0,33;59;0;1;2;-1;attack;Evil Geniuses;2;0;G2 Esports won;9;0;4;0;6;1;0;1
Champions Tour 2024: Americas Stage 1;Regular Season;Week 1;G2 Esports vs Evil Geniuses;Icebox;G2 Esports;leaf;Evil Geniuses;supamen;2;1;1;All Kills;killjoy;1;237;11;8;1;1,38;0,75;133;0,14;1;1;0;defend;Evil Geniuses;2;0;G2 Esports won;10;0;3;0;3;0;0;0
Champions Tour 2024: Americas Stage 1;Regular Season;Week 1;G2 Esports vs Evil Geniuses;Icebox;G2 Esports;trent;Evil Geniuses;NaturE;4;3;1;All Kills;sova;162;262;16;7;7;2,29;0,88;170;0,21;1;0;1;both;Evil Geniuses;2;0;G2 Esports won;10;0;3;0;3;0;0;0
Champions Tour 2024: Americas Stage 1;Regular Season;Week 1;G2 Esports vs Evil Geniuses;Icebox;G2 Esports;valyn;Evil Geniuses;NaturE;4;3;1;All Kills;omen;281;372;5;0;5;5;1;235;0,47;1;0;1;attack;Evil Geniuses;2;0;G2 Esports won;10;0;3;0;3;0;0;0
Champions Tour 2024: Americas Stage 1;Regular Season;Week 1;G2 Esports vs Evil Geniuses;Icebox;G2 Esports;icy;Evil Geniuses;NaturE;2;1;1;All Kills;gekko;65;124;5;8;4;0,63;0,83;84;0,29;1;2;-1;defend;Evil Geniuses;2;0;G2 Esports won;10;0;3;0;3;0;0;0
Champions Tour 2024: Americas Stage 1;Regular Season;Week 1;G2 Esports vs Evil Geniuses;Icebox;G2 Esports;JonahP;Evil Geniuses;jawgemo;3;3;0;All Kills;viper;138;268;16;10;7;1,6;0,81;171;0,24;4;2;2;both;Evil Geniuses;2;0;G2 Esports won;10;0;3;0;3;0;0;0
Champions Tour 2024: Americas Stage 1;Regular Season;Week 1;G2 Esports vs Evil Geniuses;Icebox;G2 Esports;valyn;Evil Geniuses;Apoth;1;0;1;First Kills;omen;281;372;5;0;5;5;1;235;0,47;1;0;1;attack;Evil Geniuses;2;0;G2 Esports won;10;0;3;0;3;0;0;0
Champions Tour 2024: Americas Stage 1;Regular Season;Week 1;G2 Esports vs Evil Geniuses;Icebox;G2 Esports;JonahP;Evil Geniuses;NaturE;1;0;1;First Kills;viper;141;272;13;8;4;1,63;0,83;171;0,24;2;1;1;defend;Evil Geniuses;2;0;G2 Esports won;10;0;3;0;3;0;0;0
Champions Tour 2024: Americas Stage 1;Regular Season;Week 1;Sentinels vs 100 Thieves;Icebox;Sentinels;Sacy;100 Thieves;Boostio;3;1;2;All Kills;gekko;16;256;22;13;5;9;0,7;172;0,43;2;1;1;both;100 Thieves;2;0;Sentinels won;8;1;4;0;6;2;2;0
Champions Tour 2024: Americas Stage 1;Regular Season;Week 1;Sentinels vs 100 Thieves;Icebox;Sentinels;zekken;100 Thieves;Boostio;2;0;2;All Kills;jett;73;143;6;8;3;-2;0,64;111;0,38;0;4;-4;attack;100 Thieves;2;0;Sentinels won;8;1;4;0;6;2;2;0
Champions Tour 2024: Americas Stage 1;Regular Season;Week 1;Sentinels vs 100 Thieves;Icebox;Sentinels;Zellsis;100 Thieves;Boostio;2;2;0;All Kills;killjoy;106;178;7;7;1;0;0,75;115;0,18;1;0;1;defend;100 Thieves;2;0;Sentinels won;8;1;4;0;6;2;2;0
Champions Tour 2024: Americas Stage 1;Regular Season;Week 1;Sentinels vs 100 Thieves;Icebox;Sentinels;TenZ;100 Thieves;Cryocells;4;7;-3;All Kills;kayo;107;207;15;16;21;-1;0,74;114;0,27;1;4;-3;both;100 Thieves;2;0;Sentinels won;8;1;4;0;6;2;2;0
Champions Tour 2024: Americas Stage 1;Regular Season;Week 1;Sentinels vs 100 Thieves;Icebox;Sentinels;johnqt;100 Thieves;Cryocells;0;4;-4;All Kills;viper;164;293;11;5;3;6;0,91;176;0,29;1;1;0;attack;100 Thieves;2;0;Sentinels won;8;1;4;0;6;2;2;0
Champions Tour 2024: Americas Stage 1;Regular Season;Week 1;Sentinels vs 100 Thieves;Icebox;Sentinels;zekken;100 Thieves;Cryocells;1;3;-2;First Kills;jett;81;188;8;9;0;-1;0,58;116;0,3;3;3;0;defend;100 Thieves;2;0;Sentinels won;8;1;4;0;6;2;2;0
Champions Tour 2024: Americas Stage 1;Regular Season;Week 1;Sentinels vs 100 Thieves;Icebox;Sentinels;johnqt;100 Thieves;Boostio;0;1;-1;First Kills;viper;114;201;15;12;5;3;0,74;134;0,33;1;2;-1;both;100 Thieves;2;0;Sentinels won;8;1;4;0;6;2;2;0
Champions Tour 2024: Americas Stage 1;Regular Season;Week 1;Sentinels vs 100 Thieves;Icebox;Sentinels;johnqt;100 Thieves;Cryocells;0;2;-2;Op Kills;viper;164;293;11;5;3;6;0,91;176;0,29;1;1;0;attack;100 Thieves;2;0;Sentinels won;8;1;4;0;6;2;2;0
Champions Tour 2024: Americas Stage 1;Regular Season;Week 1;Sentinels vs 100 Thieves;Split;Sentinels;Sacy;100 Thieves;Cryocells;3;3;0;All Kills;skye;15;214;6;3;5;3;1;128;0,15;1;0;1;defend;100 Thieves;2;0;Sentinels won;10;0;3;0;3;0;2;1
Champions Tour 2024: Americas Stage 1;Regular Season;Week 1;Sentinels vs 100 Thieves;Split;Sentinels;Zellsis;100 Thieves;eeiu;3;0;3;All Kills;viper;137;196;14;8;9;6;0,89;141;0,32;0;2;-2;both;100 Thieves;2;0;Sentinels won;10;0;3;0;3;0;2;1
Champions Tour 2024: Americas Stage 1;Regular Season;Week 1;Sentinels vs 100 Thieves;Split;Sentinels;TenZ;100 Thieves;eeiu;2;0;2;All Kills;omen;96;179;7;9;7;-2;0,67;121;0,25;1;0;1;attack;100 Thieves;2;0;Sentinels won;10;0;3;0;3;0;2;1
Champions Tour 2024: Americas Stage 1;Regular Season;Week 1;Sentinels vs 100 Thieves;Split;Sentinels;johnqt;100 Thieves;eeiu;4;1;3;All Kills;cypher;142;256;8;3;1;5;0,86;170;0,5;0;0;0;defend;100 Thieves;2;0;Sentinels won;10;0;3;0;3;0;2;1
Champions Tour 2024: Americas Stage 1;Regular Season;Week 1;Sentinels vs 100 Thieves;Split;Sentinels;Sacy;100 Thieves;bang;1;0;1;First Kills;skye;115;209;14;12;12;2;0,79;141;0,24;2;2;0;both;100 Thieves;2;0;Sentinels won;10;0;3;0;3;0;2;1
Champions Tour 2024: Americas Stage 1;Regular Season;Week 1;Sentinels vs 100 Thieves;Split;Sentinels;zekken;100 Thieves;Asuna;1;1;0;First Kills;raze;1;295;12;10;2;2;0,67;184;0,29;1;3;-2;attack;100 Thieves;2;0;Sentinels won;10;0;3;0;3;0;2;1
Champions Tour 2024: Americas Stage 1;Regular Season;Week 1;Sentinels vs 100 Thieves;Split;Sentinels;TenZ;100 Thieves;Boostio;1;0;1;First Kills;omen;189;285;7;3;7;4;1;180;0,19;2;0;2;defend;100 Thieves;2;0;Sentinels won;10;0;3;0;3;0;2;1
Champions Tour 2024: Americas Stage 1;Regular Season;Week 2;G2 Esports vs 100 Thieves;Bind;G2 Esports;valyn;100 Thieves;bang;4;1;3;All Kills;brimstone;97;204;17;15;7;1,13;0,82;117;0,24;3;2;1;both;100 Thieves;0;2;100 Thieves won;6;1;2;0;11;2;0;0
Champions Tour 2024: Americas Stage 1;Regular Season;Week 2;G2 Esports vs 100 Thieves;Bind;G2 Esports;icy;100 Thieves;bang;4;3;1;All Kills;yoru;67;194;6;8;0;0,75;0,6;129;0,32;1;3;-2;attack;100 Thieves;0;2;100 Thieves won;6;1;2;0;11;2;0;0
Champions Tour 2024: Americas Stage 1;Regular Season;Week 2;G2 Esports vs 100 Thieves;Bind;G2 Esports;JonahP;100 Thieves;bang;1;2;-1;All Kills;kayo;109;191;7;8;9;0,88;0,83;123;0,23;1;0;1;defend;100 Thieves;0;2;100 Thieves won;6;1;2;0;11;2;0;0
Champions Tour 2024: Americas Stage 1;Regular Season;Week 2;G2 Esports vs 100 Thieves;Bind;G2 Esports;leaf;100 Thieves;Boostio;3;1;2;All Kills;viper;93;186;13;15;6;0,87;0,59;129;0,37;1;0;1;both;100 Thieves;0;2;100 Thieves won;6;1;2;0;11;2;0;0
Champions Tour 2024: Americas Stage 1;Regular Season;Week 2;G2 Esports vs 100 Thieves;Bind;G2 Esports;trent;100 Thieves;Boostio;2;2;0;All Kills;fade;8;190;6;8;7;0,75;0,8;121;0,38;0;2;-2;attack;100 Thieves;0;2;100 Thieves won;6;1;2;0;11;2;0;0
Champions Tour 2024: Americas Stage 1;Regular Season;Week 2;G2 Esports vs 100 Thieves;Bind;G2 Esports;icy;100 Thieves;eeiu;0;1;-1;First Kills;yoru;117;252;11;9;4;1,22;0,75;142;0,15;3;2;1;defend;100 Thieves;0;2;100 Thieves won;6;1;2;0;11;2;0;0
Champions Tour 2024: Americas Stage 1;Regular Season;Week 2;G2 Esports vs 100 Thieves;Bind;G2 Esports;leaf;100 Thieves;Asuna;1;0;1;First Kills;viper;93;186;13;15;6;0,87;0,59;129;0,37;1;0;1;both;100 Thieves;0;2;100 Thieves won;6;1;2;0;11;2;0;0
Champions Tour 2024: Americas Stage 1;Regular Season;Week 2;G2 Esports vs 100 Thieves;Split;G2 Esports;valyn;100 Thieves;Boostio;2;3;-1;All Kills;omen;62;85;4;8;1;0,5;0,58;72;0,36;1;0;1;attack;100 Thieves;0;2;100 Thieves won;2;3;3;0;10;1;1;1
Champions Tour 2024: Americas Stage 1;Regular Season;Week 2;G2 Esports vs 100 Thieves;Split;G2 Esports;icy;100 Thieves;Boostio;3;0;3;All Kills;raze;52;137;2;7;2;0,29;0,56;104;0,23;1;2;-1;defend;100 Thieves;0;2;100 Thieves won;2;3;3;0;10;1;1;1
Champions Tour 2024: Americas Stage 1;Regular Season;Week 2;G2 Esports vs 100 Thieves;Split;G2 Esports;JonahP;100 Thieves;Cryocells;2;3;-1;All Kills;breach;72;134;9;14;9;0,64;0,71;87;0,13;0;1;-1;both;100 Thieves;0;2;100 Thieves won;2;3;3;0;10;1;1;1
Champions Tour 2024: Americas Stage 1;Regular Season;Week 2;G2 Esports vs 100 Thieves;Split;G2 Esports;leaf;100 Thieves;Cryocells;2;5;-3;All Kills;cypher;6;131;5;9;0;0,56;0,67;76;0,19;1;2;-1;attack;100 Thieves;0;2;100 Thieves won;2;3;3;0;10;1;1;1
Champions Tour 2024: Americas Stage 1;Regular Season;Week 2;G2 Esports vs 100 Thieves;Split;G2 Esports;trent;100 Thieves;Cryocells;4;5;-1;All Kills;viper;137;269;8;7;2;1,14;0,67;191;0,39;1;0;1;defend;100 Thieves;0;2;100 Thieves won;2;3;3;0;10;1;1;1
Champions Tour 2024: Americas Stage 1;Regular Season;Week 2;G2 Esports vs 100 Thieves;Split;G2 Esports;icy;100 Thieves;Boostio;1;0;1;First Kills;raze;55;133;7;15;7;0,47;0,67;97;0,17;2;7;-5;both;100 Thieves;0;2;100 Thieves won;2;3;3;0;10;1;1;1
Champions Tour 2024: Americas Stage 1;Regular Season;Week 2;G2 Esports vs 100 Thieves;Split;G2 Esports;leaf;100 Thieves;Boostio;1;0;1;First Kills;cypher;6;131;5;9;0;0,56;0,67;76;0,19;1;2;-1;attack;100 Thieves;0;2;100 Thieves won;2;3;3;0;10;1;1;1
Champions Tour 2024: Americas Stage 1;Regular Season;Week 2;Sentinels vs LEVIATÁN;Lotus;Sentinels;zekken;LEVIATÁN;aspas;1;12;-11;All Kills;raze;42;158;8;16;2;-8;0,61;116;0,16;1;2;-1;defend;LEVIATÁN;0;2;LEVIATÁN won;9;4;4;0;12;4;3;0
Champions Tour 2024: Americas Stage 1;Regular Season;Week 2;Sentinels vs LEVIATÁN;Lotus;Sentinels;TenZ;LEVIATÁN;kiNgg;6;8;-2;All Kills;omen;75;167;18;29;14;-11;0,64;117;0,27;5;6;-1;both;LEVIATÁN;0;2;LEVIATÁN won;9;4;4;0;12;4;3;0
Champions Tour 2024: Americas Stage 1;Regular Season;Week 2;Sentinels vs LEVIATÁN;Lotus;Sentinels;Zellsis;LEVIATÁN;kiNgg;5;8;-3;All Kills;killjoy;112;233;15;10;0;5;0,83;163;0,18;0;1;-1;attack;LEVIATÁN;0;2;LEVIATÁN won;9;4;4;0;12;4;3;0
Champions Tour 2024: Americas Stage 1;Regular Season;Week 2;Sentinels vs LEVIATÁN;Lotus;Sentinels;Sacy;LEVIATÁN;kiNgg;5;2;3;All Kills;fade;86;136;8;13;5;-5;0,56;106;0,27;2;1;1;defend;LEVIATÁN;0;2;LEVIATÁN won;9;4;4;0;12;4;3;0
Champions Tour 2024: Americas Stage 1;Regular Season;Week 2;Sentinels vs LEVIATÁN;Lotus;Sentinels;johnqt;LEVIATÁN;Mazino;6;0;6;All Kills;viper;124;230;29;21;6;8;0,69;162;0,37;2;2;0;both;LEVIATÁN;0;2;LEVIATÁN won;9;4;4;0;12;4;3;0
Champions Tour 2024: Americas Stage 1;Regular Season;Week 2;Sentinels vs LEVIATÁN;Lotus;Sentinels;zekken;LEVIATÁN;Mazino;1;2;-1;First Kills;raze;64;183;12;16;3;-4;0,67;106;0,19;1;4;-3;attack;LEVIATÁN;0;2;LEVIATÁN won;9;4;4;0;12;4;3;0
Champions Tour 2024: Americas Stage 1;Regular Season;Week 2;Sentinels vs LEVIATÁN;Lotus;Sentinels;TenZ;LEVIATÁN;Mazino;0;1;-1;First Kills;omen;58;160;9;17;3;-8;0,5;106;0,28;4;2;2;defend;LEVIATÁN;0;2;LEVIATÁN won;9;4;4;0;12;4;3;0
Champions Tour 2024: Americas Stage 1;Regular Season;Week 2;Sentinels vs LEVIATÁN;Lotus;Sentinels;Sacy;LEVIATÁN;aspas;2;0;2;First Kills;fade;86;161;20;27;11;-7;0,67;129;0,33;4;3;1;both;LEVIATÁN;0;2;LEVIATÁN won;9;4;4;0;12;4;3;0
Champions Tour 2024: Americas Stage 1;Regular Season;Week 2;Sentinels vs LEVIATÁN;Lotus;Sentinels;johnqt;LEVIATÁN;aspas;0;1;-1;First Kills;viper;165;334;22;10;4;12;0,83;216;0,35;2;1;1;attack;LEVIATÁN;0;2;LEVIATÁN won;9;4;4;0;12;4;3;0
Champions Tour 2024: Americas Stage 1;Regular Season;Week 2;Sentinels vs LEVIATÁN;Icebox;Sentinels;zekken;LEVIATÁN;aspas;5;2;3;All Kills;jett;117;244;11;8;0;3;0,58;142;0,35;2;1;1;defend;LEVIATÁN;0;2;LEVIATÁN won;3;3;5;0;6;5;2;0
Champions Tour 2024: Americas Stage 1;Regular Season;Week 2;Sentinels vs LEVIATÁN;Icebox;Sentinels;TenZ;LEVIATÁN;kiNgg;2;2;0;All Kills;kayo;115;212;19;16;11;3;0,83;126;0,24;2;2;0;both;LEVIATÁN;0;2;LEVIATÁN won;3;3;5;0;6;5;2;0
Champions Tour 2024: Americas Stage 1;Regular Season;Week 2;Sentinels vs LEVIATÁN;Icebox;Sentinels;Zellsis;LEVIATÁN;kiNgg;4;4;0;All Kills;killjoy;125;224;9;7;0;2;0,67;132;0,22;3;1;2;attack;LEVIATÁN;0;2;LEVIATÁN won;3;3;5;0;6;5;2;0
Champions Tour 2024: Americas Stage 1;Regular Season;Week 2;Sentinels vs LEVIATÁN;Icebox;Sentinels;Sacy;LEVIATÁN;kiNgg;1;3;-2;All Kills;gekko;101;143;6;6;3;0;0,75;90;0,28;0;1;-1;defend;LEVIATÁN;0;2;LEVIATÁN won;3;3;5;0;6;5;2;0
Champions Tour 2024: Americas Stage 1;Regular Season;Week 2;Sentinels vs LEVIATÁN;Icebox;Sentinels;johnqt;LEVIATÁN;Mazino;0;4;-4;All Kills;viper;59;94;6;15;10;-9;0,79;72;0,2;1;0;1;both;LEVIATÁN;0;2;LEVIATÁN won;3;3;5;0;6;5;2;0
Champions Tour 2024: Americas Stage 1;Regular Season;Week 2;Sentinels vs LEVIATÁN;Icebox;Sentinels;zekken;LEVIATÁN;Mazino;1;0;1;First Kills;jett;109;231;10;8;1;2;0,75;149;0,45;3;1;2;attack;LEVIATÁN;0;2;LEVIATÁN won;3;3;5;0;6;5;2;0
Champions Tour 2024: Americas Stage 1;Regular Season;Week 2;Sentinels vs LEVIATÁN;Icebox;Sentinels;Zellsis;LEVIATÁN;aspas;1;2;-1;First Kills;killjoy;1;200;7;8;2;-1;0,67;137;0,14;1;2;-1;defend;LEVIATÁN;0;2;LEVIATÁN won;3;3;5;0;6;5;2;0
Champions Tour 2024: Americas Stage 1;Regular Season;Week 2;Sentinels vs LEVIATÁN;Icebox;Sentinels;TenZ;LEVIATÁN;aspas;0;1;-1;Op Kills;kayo;115;212;19;16;11;3;0,83;126;0,24;2;2;0;both;LEVIATÁN;0;2;LEVIATÁN won;3;3;5;0;6;5;2;0
Champions Tour 2024: Americas Stage 1;Regular Season;Week 3;Sentinels vs MIBR;Lotus;Sentinels;Zellsis;MIBR;jzz;1;4;-3;All Kills;killjoy;135;177;3;2;2;1;0,75;163;0,36;0;0;0;attack;MIBR;2;0;Sentinels won;10;0;3;0;3;0;0;0
Champions Tour 2024: Americas Stage 1;Regular Season;Week 3;Sentinels vs MIBR;Lotus;Sentinels;TenZ;MIBR;jzz;4;1;3;All Kills;omen;154;265;12;5;6;7;0,92;166;0,14;2;0;2;defend;MIBR;2;0;Sentinels won;10;0;3;0;3;0;0;0
Champions Tour 2024: Americas Stage 1;Regular Season;Week 3;Sentinels vs MIBR;Lotus;Sentinels;zekken;MIBR;mazin;6;1;5;All Kills;raze;141;319;18;10;4;8;0,94;205;0,22;6;4;2;both;MIBR;2;0;Sentinels won;10;0;3;0;3;0;0;0
Champions Tour 2024: Americas Stage 1;Regular Season;Week 3;Sentinels vs MIBR;Lotus;Sentinels;johnqt;MIBR;mazin;1;3;-2;All Kills;viper;177;334;5;3;3;2;0,75;201;0,42;0;0;0;attack;MIBR;2;0;Sentinels won;10;0;3;0;3;0;0;0
Champions Tour 2024: Americas Stage 1;Regular Season;Week 3;Sentinels vs MIBR;Lotus;Sentinels;Sacy;MIBR;mazin;0;2;-2;All Kills;fade;92;128;6;6;6;0;0,75;79;0,5;0;0;0;defend;MIBR;2;0;Sentinels won;10;0;3;0;3;0;0;0
Champions Tour 2024: Americas Stage 1;Regular Season;Week 3;Sentinels vs MIBR;Lotus;Sentinels;zekken;MIBR;frz;0;1;-1;First Kills;raze;141;319;18;10;4;8;0,94;205;0,22;6;4;2;both;MIBR;2;0;Sentinels won;10;0;3;0;3;0;0;0
Champions Tour 2024: Americas Stage 1;Regular Season;Week 3;Sentinels vs MIBR;Lotus;Sentinels;Sacy;MIBR;frz;1;0;1;First Kills;fade;144;220;4;2;0;2;1;167;0,27;1;0;1;attack;MIBR;2;0;Sentinels won;10;0;3;0;3;0;0;0
Champions Tour 2024: Americas Stage 1;Regular Season;Week 3;Sentinels vs MIBR;Bind;Sentinels;Zellsis;MIBR;jzz;2;4;-2;All Kills;brimstone;58;93;2;6;4;-4;0,75;73;0,23;0;0;0;defend;MIBR;2;0;Sentinels won;9;1;2;1;6;0;0;1
Champions Tour 2024: Americas Stage 1;Regular Season;Week 3;Sentinels vs MIBR;Bind;Sentinels;TenZ;MIBR;mazin;2;0;2;All Kills;gekko;153;207;16;8;13;8;0,8;124;0,31;2;0;2;both;MIBR;2;0;Sentinels won;9;1;2;1;6;0;0;1
Champions Tour 2024: Americas Stage 1;Regular Season;Week 3;Sentinels vs MIBR;Bind;Sentinels;zekken;MIBR;mazin;2;4;-2;All Kills;raze;131;311;12;8;4;4;0,92;185;0,21;6;2;4;attack;MIBR;2;0;Sentinels won;9;1;2;1;6;0;0;1
Champions Tour 2024: Americas Stage 1;Regular Season;Week 3;Sentinels vs MIBR;Bind;Sentinels;johnqt;MIBR;mazin;5;2;3;All Kills;viper;117;195;5;4;3;1;0,75;128;0,2;0;2;-2;defend;MIBR;2;0;Sentinels won;9;1;2;1;6;0;0;1
Champions Tour 2024: Americas Stage 1;Regular Season;Week 3;Sentinels vs MIBR;Bind;Sentinels;Sacy;MIBR;artzin;2;2;0;All Kills;skye;86;150;12;11;3;1;0,8;90;0,5;2;1;1;both;MIBR;2;0;Sentinels won;9;1;2;1;6;0;0;1
Champions Tour 2024: Americas Stage 1;Regular Season;Week 3;Sentinels vs MIBR;Bind;Sentinels;zekken;MIBR;frz;5;1;4;First Kills;raze;131;311;12;8;4;4;0,92;185;0,21;6;2;4;attack;MIBR;2;0;Sentinels won;9;1;2;1;6;0;0;1
Champions Tour 2024: Americas Stage 1;Regular Season;Week 3;Sentinels vs MIBR;Bind;Sentinels;Sacy;MIBR;RgLMeister;0;1;-1;First Kills;skye;109;225;7;5;2;2;0,88;126;0,6;1;0;1;defend;MIBR;2;0;Sentinels won;9;1;2;1;6;0;0;1
Champions Tour 2024: Americas Stage 1;Regular Season;Week 3;G2 Esports vs FURIA;Lotus;G2 Esports;trent;FURIA;havoc;4;2;2;All Kills;fade;142;192;12;5;7;2,4;0,88;117;0,38;1;0;1;both;FURIA;2;0;G2 Esports won;11;2;0;0;1;0;2;0
Champions Tour 2024: Americas Stage 1;Regular Season;Week 3;G2 Esports vs FURIA;Lotus;G2 Esports;valyn;FURIA;Khalil;2;1;1;All Kills;omen;104;137;6;6;7;1;0,92;86;0,33;1;1;0;attack;FURIA;2;0;G2 Esports won;11;2;0;0;1;0;2;0
Champions Tour 2024: Americas Stage 1;Regular Season;Week 3;G2 Esports vs FURIA;Lotus;G2 Esports;icy;FURIA;Khalil;3;0;3;All Kills;raze;126;237;3;2;1;1,5;1;139;0,07;1;0;1;defend;FURIA;2;0;G2 Esports won;11;2;0;0;1;0;2;0
Champions Tour 2024: Americas Stage 1;Regular Season;Week 3;G2 Esports vs FURIA;Lotus;G2 Esports;leaf;FURIA;kon4n;4;2;2;All Kills;killjoy;149;242;19;6;1;3,17;0,88;123;0,18;2;0;2;both;FURIA;2;0;G2 Esports won;11;2;0;0;1;0;2;0
Champions Tour 2024: Americas Stage 1;Regular Season;Week 3;G2 Esports vs FURIA;Lotus;G2 Esports;JonahP;FURIA;kon4n;0;7;-7;All Kills;viper;13;201;8;6;4;1,33;0,92;132;0,3;0;0;0;attack;FURIA;2;0;G2 Esports won;11;2;0;0;1;0;2;0
Champions Tour 2024: Americas Stage 1;Regular Season;Week 3;G2 Esports vs FURIA;Lotus;G2 Esports;icy;FURIA;havoc;2;0;2;First Kills;raze;126;237;3;2;1;1,5;1;139;0,07;1;0;1;defend;FURIA;2;0;G2 Esports won;11;2;0;0;1;0;2;0
Champions Tour 2024: Americas Stage 1;Regular Season;Week 3;G2 Esports vs FURIA;Lotus;G2 Esports;JonahP;FURIA;kon4n;0;1;-1;First Kills;viper;127;213;11;9;7;1,22;0,94;138;0,28;0;1;-1;both;FURIA;2;0;G2 Esports won;11;2;0;0;1;0;2;0
Champions Tour 2024: Americas Stage 1;Regular Season;Week 3;G2 Esports vs FURIA;Icebox;G2 Esports;trent;FURIA;Khalil;1;1;0;All Kills;sova;112;200;3;2;2;1,5;0,75;121;0,33;0;0;0;attack;FURIA;2;0;G2 Esports won;9;0;4;0;2;1;0;0
Champions Tour 2024: Americas Stage 1;Regular Season;Week 3;G2 Esports vs FURIA;Icebox;G2 Esports;valyn;FURIA;Khalil;0;1;-1;All Kills;harbor;6;90;3;7;2;0,43;0,75;68;0,1;0;1;-1;defend;FURIA;2;0;G2 Esports won;9;0;4;0;2;1;0;0
Champions Tour 2024: Americas Stage 1;Regular Season;Week 3;G2 Esports vs FURIA;Icebox;G2 Esports;icy;FURIA;kon4n;1;0;1;All Kills;gekko;97;164;11;10;4;1,1;0,88;92;0,25;3;2;1;both;FURIA;2;0;G2 Esports won;9;0;4;0;2;1;0;0
Champions Tour 2024: Americas Stage 1;Regular Season;Week 3;G2 Esports vs FURIA;Icebox;G2 Esports;leaf;FURIA;kon4n;3;0;3;All Kills;killjoy;111;103;1;1;2;1;1;77;0;0;0;0;attack;FURIA;2;0;G2 Esports won;9;0;4;0;2;1;0;0
Champions Tour 2024: Americas Stage 1;Regular Season;Week 3;G2 Esports vs FURIA;Icebox;G2 Esports;JonahP;FURIA;kon4n;4;0;4;All Kills;viper;136;252;13;7;1;1,86;0,83;155;0,22;1;0;1;defend;FURIA;2;0;G2 Esports won;9;0;4;0;2;1;0;0
Champions Tour 2024: Americas Stage 1;Regular Season;Week 3;G2 Esports vs FURIA;Icebox;G2 Esports;icy;FURIA;havoc;0;1;-1;First Kills;gekko;97;164;11;10;4;1,1;0,88;92;0,25;3;2;1;both;FURIA;2;0;G2 Esports won;9;0;4;0;2;1;0;0
Champions Tour 2024: Americas Stage 1;Regular Season;Week 3;G2 Esports vs FURIA;Icebox;G2 Esports;leaf;FURIA;havoc;2;0;2;First Kills;killjoy;111;103;1;1;2;1;1;77;0;0;0;0;attack;FURIA;2;0;G2 Esports won;9;0;4;0;2;1;0;0
Champions Tour 2024: Americas Stage 1;Regular Season;Week 3;Sentinels vs Evil Geniuses;Lotus;Sentinels;zekken;Evil Geniuses;supamen;6;3;3;All Kills;raze;94;253;11;12;0;-1;0,75;162;0,36;4;1;3;defend;Evil Geniuses;1;2;Evil Geniuses won;8;2;3;0;8;1;1;0
Champions Tour 2024: Americas Stage 1;Regular Season;Week 3;Sentinels vs Evil Geniuses;Lotus;Sentinels;Sacy;Evil Geniuses;NaturE;1;0;1;All Kills;fade;55;131;10;19;5;-9;0,61;91;0,39;0;2;-2;both;Evil Geniuses;1;2;Evil Geniuses won;8;2;3;0;8;1;1;0
Champions Tour 2024: Americas Stage 1;Regular Season;Week 3;Sentinels vs Evil Geniuses;Lotus;Sentinels;TenZ;Evil Geniuses;NaturE;6;1;5;All Kills;omen;149;259;11;6;8;5;1;152;0,14;0;0;0;attack;Evil Geniuses;1;2;Evil Geniuses won;8;2;3;0;8;1;1;0
Champions Tour 2024: Americas Stage 1;Regular Season;Week 3;Sentinels vs Evil Geniuses;Lotus;Sentinels;johnqt;Evil Geniuses;NaturE;2;3;-1;All Kills;viper;59;133;5;11;6;-6;0,67;85;0,35;0;1;-1;defend;Evil Geniuses;1;2;Evil Geniuses won;8;2;3;0;8;1;1;0
Champions Tour 2024: Americas Stage 1;Regular Season;Week 3;Sentinels vs Evil Geniuses;Lotus;Sentinels;Zellsis;Evil Geniuses;jawgemo;5;5;0;All Kills;killjoy;99;224;16;17;6;-1;0,61;143;0,19;3;4;-1;both;Evil Geniuses;1;2;Evil Geniuses won;8;2;3;0;8;1;1;0
Champions Tour 2024: Americas Stage 1;Regular Season;Week 3;Sentinels vs Evil Geniuses;Lotus;Sentinels;zekken;Evil Geniuses;jawgemo;1;2;-1;First Kills;raze;161;258;11;4;3;7;1;188;0,16;3;3;0;attack;Evil Geniuses;1;2;Evil Geniuses won;8;2;3;0;8;1;1;0
Champions Tour 2024: Americas Stage 1;Regular Season;Week 3;Sentinels vs Evil Geniuses;Lotus;Sentinels;johnqt;Evil Geniuses;jawgemo;0;1;-1;First Kills;viper;59;133;5;11;6;-6;0,67;85;0,35;0;1;-1;defend;Evil Geniuses;1;2;Evil Geniuses won;8;2;3;0;8;1;1;0
Champions Tour 2024: Americas Stage 1;Regular Season;Week 3;Sentinels vs Evil Geniuses;Lotus;Sentinels;TenZ;Evil Geniuses;NaturE;1;0;1;Op Kills;omen;139;261;21;17;14;4;0,74;167;0,16;1;0;1;both;Evil Geniuses;1;2;Evil Geniuses won;8;2;3;0;8;1;1;0
Champions Tour 2024: Americas Stage 1;Regular Season;Week 3;Sentinels vs Evil Geniuses;Bind;Sentinels;zekken;Evil Geniuses;jawgemo;2;2;0;All Kills;raze;53;132;4;8;5;-4;0,58;103;0,21;1;1;0;attack;Evil Geniuses;1;2;Evil Geniuses won;8;3;0;0;12;1;0;0
Champions Tour 2024: Americas Stage 1;Regular Season;Week 3;Sentinels vs Evil Geniuses;Bind;Sentinels;Sacy;Evil Geniuses;jawgemo;4;0;4;All Kills;skye;76;160;6;10;3;-4;0,75;107;0,41;0;1;-1;defend;Evil Geniuses;1;2;Evil Geniuses won;8;3;0;0;12;1;0;0
Champions Tour 2024: Americas Stage 1;Regular Season;Week 3;Sentinels vs Evil Geniuses;Bind;Sentinels;TenZ;Evil Geniuses;Apoth;1;5;-4;All Kills;gekko;84;192;14;18;6;-4;0,63;131;0,3;4;3;1;both;Evil Geniuses;1;2;Evil Geniuses won;8;3;0;0;12;1;0;0
Champions Tour 2024: Americas Stage 1;Regular Season;Week 3;Sentinels vs Evil Geniuses;Bind;Sentinels;johnqt;Evil Geniuses;Apoth;5;5;0;All Kills;viper;188;302;13;5;5;8;0,75;194;0,21;1;0;1;attack;Evil Geniuses;1;2;Evil Geniuses won;8;3;0;0;12;1;0;0
Champions Tour 2024: Americas Stage 1;Regular Season;Week 3;Sentinels vs Evil Geniuses;Bind;Sentinels;Zellsis;Evil Geniuses;Apoth;3;5;-2;All Kills;brimstone;73;197;6;11;3;-5;0,58;144;0,35;2;2;0;defend;Evil Geniuses;1;2;Evil Geniuses won;8;3;0;0;12;1;0;0
Champions Tour 2024: Americas Stage 1;Regular Season;Week 3;Sentinels vs Evil Geniuses;Bind;Sentinels;Sacy;Evil Geniuses;jawgemo;1;0;1;First Kills;skye;135;231;21;14;7;7;0,75;142;0,35;3;2;1;both;Evil Geniuses;1;2;Evil Geniuses won;8;3;0;0;12;1;0;0
Champions Tour 2024: Americas Stage 1;Regular Season;Week 3;Sentinels vs Evil Geniuses;Bind;Sentinels;TenZ;Evil Geniuses;Apoth;1;0;1;First Kills;gekko;86;156;6;7;4;-1;0,75;117;0,26;1;1;0;attack;Evil Geniuses;1;2;Evil Geniuses won;8;3;0;0;12;1;0;0
Champions Tour 2024: Americas Stage 1;Regular Season;Week 3;Sentinels vs Evil Geniuses;Bind;Sentinels;Zellsis;Evil Geniuses;jawgemo;1;1;0;First Kills;brimstone;73;197;6;11;3;-5;0,58;144;0,35;2;2;0;defend;Evil Geniuses;1;2;Evil Geniuses won;8;3;0;0;12;1;0;0
Champions Tour 2024: Americas Stage 1;Regular Season;Week 3;Sentinels vs Evil Geniuses;Sunset;Sentinels;zekken;Evil Geniuses;supamen;1;10;-9;All Kills;raze;12;305;23;20;1;3;0,7;204;0,24;7;2;5;both;Evil Geniuses;1;2;Evil Geniuses won;7;1;2;0;10;0;3;0
Champions Tour 2024: Americas Stage 1;Regular Season;Week 3;Sentinels vs Evil Geniuses;Sunset;Sentinels;Sacy;Evil Geniuses;supamen;4;1;3;All Kills;gekko;78;147;6;8;5;-2;0,75;119;0,29;0;0;0;attack;Evil Geniuses;1;2;Evil Geniuses won;7;1;2;0;10;0;3;0
Champions Tour 2024: Americas Stage 1;Regular Season;Week 3;Sentinels vs Evil Geniuses;Sunset;Sentinels;TenZ;Evil Geniuses;supamen;5;4;1;All Kills;omen;111;258;9;10;8;-1;0,91;138;0,35;3;1;2;defend;Evil Geniuses;1;2;Evil Geniuses won;7;1;2;0;10;0;3;0
Champions Tour 2024: Americas Stage 1;Regular Season;Week 3;Sentinels vs Evil Geniuses;Sunset;Sentinels;johnqt;Evil Geniuses;NaturE;3;5;-2;All Kills;cypher;101;211;19;16;8;3;0,74;120;0,21;1;3;-2;both;Evil Geniuses;1;2;Evil Geniuses won;7;1;2;0;10;0;3;0
Champions Tour 2024: Americas Stage 1;Regular Season;Week 3;Sentinels vs Evil Geniuses;Sunset;Sentinels;Zellsis;Evil Geniuses;NaturE;3;4;-1;All Kills;kayo;131;227;9;8;12;1;0,67;144;0,27;0;2;-2;attack;Evil Geniuses;1;2;Evil Geniuses won;7;1;2;0;10;0;3;0
Champions Tour 2024: Americas Stage 1;Regular Season;Week 3;Sentinels vs Evil Geniuses;Sunset;Sentinels;zekken;Evil Geniuses;jawgemo;1;1;0;First Kills;raze;109;294;10;11;1;-1;0,64;202;0,2;3;1;2;defend;Evil Geniuses;1;2;Evil Geniuses won;7;1;2;0;10;0;3;0
Champions Tour 2024: Americas Stage 1;Regular Season;Week 3;Sentinels vs Evil Geniuses;Sunset;Sentinels;johnqt;Evil Geniuses;jawgemo;0;1;-1;First Kills;cypher;101;211;19;16;8;3;0,74;120;0,21;1;3;-2;both;Evil Geniuses;1;2;Evil Geniuses won;7;1;2;0;10;0;3;0
Champions Tour 2024: Americas Stage 1;Regular Season;Week 3;G2 Esports vs LEVIATÁN;Breeze;G2 Esports;leaf;LEVIATÁN;tex;0;5;-5;All Kills;cypher;58;160;6;11;3;0,55;0,5;105;0,21;0;2;-2;attack;LEVIATÁN;1;2;LEVIATÁN won;3;0;3;0;8;0;5;0
Champions Tour 2024: Americas Stage 1;Regular Season;Week 3;G2 Esports vs LEVIATÁN;Breeze;G2 Esports;trent;LEVIATÁN;tex;3;4;-1;All Kills;sova;105;188;5;5;0;1;0,43;138;0,33;2;1;1;defend;LEVIATÁN;1;2;LEVIATÁN won;3;0;3;0;8;0;5;0
Champions Tour 2024: Americas Stage 1;Regular Season;Week 3;G2 Esports vs LEVIATÁN;Breeze;G2 Esports;JonahP;LEVIATÁN;kiNgg;0;2;-2;All Kills;viper;8;157;10;14;4;0,71;0,58;103;0,3;1;0;1;both;LEVIATÁN;1;2;LEVIATÁN won;3;0;3;0;8;0;5;0
Champions Tour 2024: Americas Stage 1;Regular Season;Week 3;G2 Esports vs LEVIATÁN;Breeze;G2 Esports;icy;LEVIATÁN;kiNgg;1;2;-1;All Kills;yoru;36;120;5;12;1;0,42;0,5;70;0,31;2;3;-1;attack;LEVIATÁN;1;2;LEVIATÁN won;3;0;3;0;8;0;5;0
Champions Tour 2024: Americas Stage 1;Regular Season;Week 3;G2 Esports vs LEVIATÁN;Breeze;G2 Esports;valyn;LEVIATÁN;kiNgg;3;4;-1;All Kills;harbor;147;330;8;5;1;1,6;0,71;225;0,41;1;0;1;defend;LEVIATÁN;1;2;LEVIATÁN won;3;0;3;0;8;0;5;0
Champions Tour 2024: Americas Stage 1;Regular Season;Week 3;G2 Esports vs LEVIATÁN;Breeze;G2 Esports;trent;LEVIATÁN;tex;1;0;1;First Kills;sova;78;144;10;15;2;0,67;0,42;103;0,3;3;3;0;both;LEVIATÁN;1;2;LEVIATÁN won;3;0;3;0;8;0;5;0
Champions Tour 2024: Americas Stage 1;Regular Season;Week 3;G2 Esports vs LEVIATÁN;Breeze;G2 Esports;icy;LEVIATÁN;tex;1;2;-1;First Kills;yoru;36;120;5;12;1;0,42;0,5;70;0,31;2;3;-1;attack;LEVIATÁN;1;2;LEVIATÁN won;3;0;3;0;8;0;5;0
Champions Tour 2024: Americas Stage 1;Regular Season;Week 3;G2 Esports vs LEVIATÁN;Breeze;G2 Esports;trent;LEVIATÁN;aspas;0;2;-2;Op Kills;sova;105;188;5;5;0;1;0,43;138;0,33;2;1;1;defend;LEVIATÁN;1;2;LEVIATÁN won;3;0;3;0;8;0;5;0
Champions Tour 2024: Americas Stage 1;Regular Season;Week 3;G2 Esports vs LEVIATÁN;Icebox;G2 Esports;leaf;LEVIATÁN;Mazino;4;3;1;All Kills;killjoy;198;385;28;12;5;2,33;0,9;262;0,31;4;2;2;both;LEVIATÁN;1;2;LEVIATÁN won;6;2;5;0;5;3;0;0
Champions Tour 2024: Americas Stage 1;Regular Season;Week 3;G2 Esports vs LEVIATÁN;Icebox;G2 Esports;trent;LEVIATÁN;Mazino;1;3;-2;All Kills;sova;83;105;3;5;3;0,6;0,89;81;0,25;1;2;-1;attack;LEVIATÁN;1;2;LEVIATÁN won;6;2;5;0;5;3;0;0
Champions Tour 2024: Americas Stage 1;Regular Season;Week 3;G2 Esports vs LEVIATÁN;Icebox;G2 Esports;JonahP;LEVIATÁN;Mazino;5;2;3;All Kills;viper;104;184;8;8;3;1;0,83;106;0,33;1;1;0;defend;LEVIATÁN;1;2;LEVIATÁN won;6;2;5;0;5;3;0;0
Champions Tour 2024: Americas Stage 1;Regular Season;Week 3;G2 Esports vs LEVIATÁN;Icebox;G2 Esports;icy;LEVIATÁN;C0M;4;3;1;All Kills;gekko;117;228;17;14;6;1,21;0,71;148;0,26;1;2;-1;both;LEVIATÁN;1;2;LEVIATÁN won;6;2;5;0;5;3;0;0
Champions Tour 2024: Americas Stage 1;Regular Season;Week 3;G2 Esports vs LEVIATÁN;Icebox;G2 Esports;valyn;LEVIATÁN;C0M;2;2;0;All Kills;harbor;92;136;5;6;3;0,83;0,89;90;0,33;1;0;1;attack;LEVIATÁN;1;2;LEVIATÁN won;6;2;5;0;5;3;0;0
Champions Tour 2024: Americas Stage 1;Regular Season;Week 3;G2 Esports vs LEVIATÁN;Icebox;G2 Esports;trent;LEVIATÁN;aspas;0;1;-1;First Kills;sova;58;116;5;10;0;0,5;0,58;86;0,44;0;1;-1;defend;LEVIATÁN;1;2;LEVIATÁN won;6;2;5;0;5;3;0;0
Champions Tour 2024: Americas Stage 1;Regular Season;Week 3;G2 Esports vs LEVIATÁN;Icebox;G2 Esports;JonahP;LEVIATÁN;Mazino;1;0;1;First Kills;viper;107;209;16;14;6;1,14;0,76;119;0,21;2;1;1;both;LEVIATÁN;1;2;LEVIATÁN won;6;2;5;0;5;3;0;0
Champions Tour 2024: Americas Stage 1;Regular Season;Week 3;G2 Esports vs LEVIATÁN;Icebox;G2 Esports;valyn;LEVIATÁN;Mazino;1;1;0;First Kills;harbor;92;136;5;6;3;0,83;0,89;90;0,33;1;0;1;attack;LEVIATÁN;1;2;LEVIATÁN won;6;2;5;0;5;3;0;0
Champions Tour 2024: Americas Stage 1;Regular Season;Week 3;G2 Esports vs LEVIATÁN;Lotus;G2 Esports;leaf;LEVIATÁN;kiNgg;1;2;-1;All Kills;killjoy;127;232;10;7;2;1,43;0,67;167;0,23;2;1;1;defend;LEVIATÁN;1;2;LEVIATÁN won;5;2;2;0;11;1;1;0
Champions Tour 2024: Americas Stage 1;Regular Season;Week 3;G2 Esports vs LEVIATÁN;Lotus;G2 Esports;trent;LEVIATÁN;Mazino;2;4;-2;All Kills;fade;5;152;11;18;3;0,61;0,59;103;0,5;0;5;-5;both;LEVIATÁN;1;2;LEVIATÁN won;5;2;2;0;11;1;1;0
Champions Tour 2024: Americas Stage 1;Regular Season;Week 3;G2 Esports vs LEVIATÁN;Lotus;G2 Esports;JonahP;LEVIATÁN;Mazino;2;0;2;All Kills;viper;95;115;4;7;1;0,57;0,8;89;0,33;0;0;0;attack;LEVIATÁN;1;2;LEVIATÁN won;5;2;2;0;11;1;1;0
Champions Tour 2024: Americas Stage 1;Regular Season;Week 3;G2 Esports vs LEVIATÁN;Lotus;G2 Esports;icy;LEVIATÁN;Mazino;1;8;-7;All Kills;raze;43;156;6;11;0;0,55;0,58;105;0,12;1;3;-2;defend;LEVIATÁN;1;2;LEVIATÁN won;5;2;2;0;11;1;1;0
Champions Tour 2024: Americas Stage 1;Regular Season;Week 3;G2 Esports vs LEVIATÁN;Lotus;G2 Esports;valyn;LEVIATÁN;C0M;3;1;2;All Kills;omen;88;154;11;16;9;0,69;0,73;91;0,24;1;3;-2;both;LEVIATÁN;1;2;LEVIATÁN won;5;2;2;0;11;1;1;0
Champions Tour 2024: Americas Stage 1;Regular Season;Week 3;G2 Esports vs LEVIATÁN;Lotus;G2 Esports;trent;LEVIATÁN;C0M;0;3;-3;First Kills;fade;49;168;6;8;0;0,75;0,7;110;0,75;0;4;-4;attack;LEVIATÁN;1;2;LEVIATÁN won;5;2;2;0;11;1;1;0
Champions Tour 2024: Americas Stage 1;Regular Season;Week 3;G2 Esports vs LEVIATÁN;Lotus;G2 Esports;icy;LEVIATÁN;tex;0;1;-1;First Kills;raze;43;156;6;11;0;0,55;0,58;105;0,12;1;3;-2;defend;LEVIATÁN;1;2;LEVIATÁN won;5;2;2;0;11;1;1;0
Champions Tour 2024: Americas Stage 1;Regular Season;Week 4;G2 Esports vs MIBR;Icebox;G2 Esports;icy;MIBR;jzz;3;3;0;All Kills;gekko;93;188;16;16;6;1;0,64;129;0,3;1;3;-2;both;MIBR;2;0;G2 Esports won;4;2;7;0;6;0;3;0
Champions Tour 2024: Americas Stage 1;Regular Season;Week 4;G2 Esports vs MIBR;Icebox;G2 Esports;leaf;MIBR;jzz;2;3;-1;All Kills;killjoy;7;102;3;10;2;0,3;0,4;84;0,31;0;2;-2;attack;MIBR;2;0;G2 Esports won;4;2;7;0;6;0;3;0
Champions Tour 2024: Americas Stage 1;Regular Season;Week 4;G2 Esports vs MIBR;Icebox;G2 Esports;valyn;MIBR;jzz;5;3;2;All Kills;harbor;91;210;9;9;2;1;0,75;133;0,3;1;2;-1;defend;MIBR;2;0;G2 Esports won;4;2;7;0;6;0;3;0
Champions Tour 2024: Americas Stage 1;Regular Season;Week 4;G2 Esports vs MIBR;Icebox;G2 Esports;trent;MIBR;frz;2;2;0;All Kills;sova;136;240;18;13;7;1,38;0,91;162;0,24;3;1;2;both;MIBR;2;0;G2 Esports won;4;2;7;0;6;0;3;0
Champions Tour 2024: Americas Stage 1;Regular Season;Week 4;G2 Esports vs MIBR;Icebox;G2 Esports;JonahP;MIBR;frz;3;6;-3;All Kills;viper;103;225;6;7;10;0,86;0,9;148;0,26;1;1;0;attack;MIBR;2;0;G2 Esports won;4;2;7;0;6;0;3;0
Champions Tour 2024: Americas Stage 1;Regular Season;Week 4;G2 Esports vs MIBR;Icebox;G2 Esports;icy;MIBR;mazin;0;2;-2;First Kills;gekko;58;119;5;9;4;0,56;0,5;89;0,17;0;2;-2;defend;MIBR;2;0;G2 Esports won;4;2;7;0;6;0;3;0
Champions Tour 2024: Americas Stage 1;Regular Season;Week 4;G2 Esports vs MIBR;Icebox;G2 Esports;valyn;MIBR;mazin;0;1;-1;First Kills;harbor;112;282;23;18;3;1,28;0,73;172;0,33;1;4;-3;both;MIBR;2;0;G2 Esports won;4;2;7;0;6;0;3;0
Champions Tour 2024: Americas Stage 1;Regular Season;Week 4;G2 Esports vs MIBR;Icebox;G2 Esports;JonahP;MIBR;frz;0;1;-1;First Kills;viper;103;225;6;7;10;0,86;0,9;148;0,26;1;1;0;attack;MIBR;2;0;G2 Esports won;4;2;7;0;6;0;3;0
Champions Tour 2024: Americas Stage 1;Regular Season;Week 4;G2 Esports vs MIBR;Bind;G2 Esports;icy;MIBR;RgLMeister;4;1;3;All Kills;raze;133;218;3;2;1;1,5;0,75;162;0,36;0;0;0;defend;MIBR;2;0;G2 Esports won;7;5;1;0;1;1;1;0
Champions Tour 2024: Americas Stage 1;Regular Season;Week 4;G2 Esports vs MIBR;Bind;G2 Esports;leaf;MIBR;mazin;2;2;0;All Kills;viper;12;227;12;7;4;1,71;0,94;168;0,32;1;1;0;both;MIBR;2;0;G2 Esports won;7;5;1;0;1;1;1;0
Champions Tour 2024: Americas Stage 1;Regular Season;Week 4;G2 Esports vs MIBR;Bind;G2 Esports;valyn;MIBR;mazin;2;2;0;All Kills;brimstone;126;260;12;8;4;1,5;0,75;192;0,26;2;1;1;attack;MIBR;2;0;G2 Esports won;7;5;1;0;1;1;1;0
Champions Tour 2024: Americas Stage 1;Regular Season;Week 4;G2 Esports vs MIBR;Bind;G2 Esports;trent;MIBR;mazin;3;0;3;All Kills;gekko;57;91;1;3;1;0,33;0,5;51;0,67;1;1;0;defend;MIBR;2;0;G2 Esports won;7;5;1;0;1;1;1;0
Champions Tour 2024: Americas Stage 1;Regular Season;Week 4;G2 Esports vs MIBR;Bind;G2 Esports;icy;MIBR;jzz;1;0;1;First Kills;raze;123;271;14;10;4;1,4;0,81;202;0,26;3;3;0;both;MIBR;2;0;G2 Esports won;7;5;1;0;1;1;1;0
Champions Tour 2024: Americas Stage 1;Regular Season;Week 4;G2 Esports vs MIBR;Bind;G2 Esports;leaf;MIBR;jzz;1;0;1;First Kills;viper;131;255;10;6;3;1,67;1;188;0,3;1;0;1;attack;MIBR;2;0;G2 Esports won;7;5;1;0;1;1;1;0
Champions Tour 2024: Americas Stage 1;Regular Season;Week 4;G2 Esports vs MIBR;Bind;G2 Esports;trent;MIBR;frz;1;1;0;First Kills;gekko;57;91;1;3;1;0,33;0,5;51;0,67;1;1;0;defend;MIBR;2;0;G2 Esports won;7;5;1;0;1;1;1;0
Champions Tour 2024: Americas Stage 1;Regular Season;Week 4;Sentinels vs LOUD;Lotus;Sentinels;TenZ;LOUD;cauanzin;2;3;-1;All Kills;omen;75;158;9;15;6;-6;0,65;100;0,24;2;1;1;both;LOUD;0;2;LOUD won;1;4;2;0;9;2;1;1
Champions Tour 2024: Americas Stage 1;Regular Season;Week 4;Sentinels vs LOUD;Lotus;Sentinels;johnqt;LOUD;cauanzin;0;3;-3;All Kills;viper;53;144;4;5;0;-1;1;89;0,36;2;1;1;attack;LOUD;0;2;LOUD won;1;4;2;0;9;2;1;1
Champions Tour 2024: Americas Stage 1;Regular Season;Week 4;Sentinels vs LOUD;Lotus;Sentinels;Sacy;LOUD;cauanzin;0;7;-7;All Kills;fade;33;76;3;10;4;-7;0,42;43;0,17;0;2;-2;defend;LOUD;0;2;LOUD won;1;4;2;0;9;2;1;1
Champions Tour 2024: Americas Stage 1;Regular Season;Week 4;Sentinels vs LOUD;Lotus;Sentinels;Zellsis;LOUD;tuyz;1;4;-3;All Kills;killjoy;86;146;10;13;1;-3;0,6;118;0,17;0;1;-1;both;LOUD;0;2;LOUD won;1;4;2;0;9;2;1;1
Champions Tour 2024: Americas Stage 1;Regular Season;Week 4;Sentinels vs LOUD;Lotus;Sentinels;TenZ;LOUD;Quick;0;1;-1;First Kills;omen;69;88;2;4;4;-2;0,88;51;0;0;0;0;attack;LOUD;0;2;LOUD won;1;4;2;0;9;2;1;1
Champions Tour 2024: Americas Stage 1;Regular Season;Week 4;Sentinels vs LOUD;Lotus;Sentinels;johnqt;LOUD;cauanzin;0;1;-1;First Kills;viper;71;170;6;11;4;-5;0,67;107;0,22;1;2;-1;defend;LOUD;0;2;LOUD won;1;4;2;0;9;2;1;1
Champions Tour 2024: Americas Stage 1;Regular Season;Week 4;Sentinels vs LOUD;Lotus;Sentinels;zekken;LOUD;saadhak;2;0;2;First Kills;raze;113;184;13;12;4;1;0,75;120;0,15;3;3;0;both;LOUD;0;2;LOUD won;1;4;2;0;9;2;1;1
Champions Tour 2024: Americas Stage 1;Regular Season;Week 4;Sentinels vs LOUD;Icebox;Sentinels;TenZ;LOUD;tuyz;3;3;0;All Kills;kayo;44;131;3;8;7;-5;0,78;78;0,13;0;1;-1;attack;LOUD;0;2;LOUD won;4;1;2;1;6;2;4;1
Champions Tour 2024: Americas Stage 1;Regular Season;Week 4;Sentinels vs LOUD;Icebox;Sentinels;johnqt;LOUD;tuyz;4;1;3;All Kills;viper;138;214;9;6;4;3;0,83;154;0,19;2;0;2;defend;LOUD;0;2;LOUD won;4;1;2;1;6;2;4;1
Champions Tour 2024: Americas Stage 1;Regular Season;Week 4;Sentinels vs LOUD;Icebox;Sentinels;Sacy;LOUD;Quick;3;3;0;All Kills;gekko;117;224;18;13;2;5;0,67;144;0,29;1;1;0;both;LOUD;0;2;LOUD won;4;1;2;1;6;2;4;1
Champions Tour 2024: Americas Stage 1;Regular Season;Week 4;Sentinels vs LOUD;Icebox;Sentinels;zekken;LOUD;Quick;5;2;3;All Kills;jett;16;89;3;8;0;-5;0,33;52;0,33;2;4;-2;attack;LOUD;0;2;LOUD won;4;1;2;1;6;2;4;1
Champions Tour 2024: Americas Stage 1;Regular Season;Week 4;Sentinels vs LOUD;Icebox;Sentinels;Zellsis;LOUD;Quick;1;4;-3;All Kills;killjoy;14;65;2;10;1;-8;0,58;45;0,18;1;1;0;defend;LOUD;0;2;LOUD won;4;1;2;1;6;2;4;1
Champions Tour 2024: Americas Stage 1;Regular Season;Week 4;Sentinels vs LOUD;Icebox;Sentinels;TenZ;LOUD;saadhak;1;1;0;First Kills;kayo;64;158;11;16;9;-5;0,76;102;0,18;1;3;-2;both;LOUD;0;2;LOUD won;4;1;2;1;6;2;4;1
Champions Tour 2024: Americas Stage 1;Regular Season;Week 4;Sentinels vs LOUD;Icebox;Sentinels;zekken;LOUD;Quick;3;1;2;First Kills;jett;16;89;3;8;0;-5;0,33;52;0,33;2;4;-2;attack;LOUD;0;2;LOUD won;4;1;2;1;6;2;4;1
Champions Tour 2024: Americas Stage 1;Regular Season;Week 4;Sentinels vs LOUD;Icebox;Sentinels;TenZ;LOUD;Quick;0;1;-1;Op Kills;kayo;78;180;8;8;2;0;0,75;120;0,22;1;2;-1;defend;LOUD;0;2;LOUD won;4;1;2;1;6;2;4;1
Champions Tour 2024: Americas Stage 1;Regular Season;Week 5;Sentinels vs FURIA;Split;Sentinels;zekken;FURIA;kon4n;1;3;-2;All Kills;raze;148;304;19;12;5;7;0,89;198;0,14;5;2;3;both;FURIA;2;0;Sentinels won;5;4;2;2;4;1;0;0
Champions Tour 2024: Americas Stage 1;Regular Season;Week 5;Sentinels vs FURIA;Split;Sentinels;Zellsis;FURIA;kon4n;4;2;2;All Kills;viper;104;198;4;4;3;0;0,83;140;0,19;0;0;0;attack;FURIA;2;0;Sentinels won;5;4;2;2;4;1;0;0
Champions Tour 2024: Americas Stage 1;Regular Season;Week 5;Sentinels vs FURIA;Split;Sentinels;Sacy;FURIA;kon4n;1;2;-1;All Kills;skye;107;159;7;7;4;0;0,67;117;0,35;0;1;-1;defend;FURIA;2;0;Sentinels won;5;4;2;2;4;1;0;0
Champions Tour 2024: Americas Stage 1;Regular Season;Week 5;Sentinels vs FURIA;Split;Sentinels;TenZ;FURIA;mwzera;1;4;-3;All Kills;omen;139;258;17;11;6;6;0,83;155;0,32;5;1;4;both;FURIA;2;0;Sentinels won;5;4;2;2;4;1;0;0
Champions Tour 2024: Americas Stage 1;Regular Season;Week 5;Sentinels vs FURIA;Split;Sentinels;johnqt;FURIA;mwzera;5;1;4;All Kills;cypher;77;83;2;3;1;-1;0,83;66;0,33;1;1;0;attack;FURIA;2;0;Sentinels won;5;4;2;2;4;1;0;0
Champions Tour 2024: Americas Stage 1;Regular Season;Week 5;Sentinels vs FURIA;Split;Sentinels;zekken;FURIA;mwzera;1;0;1;First Kills;raze;159;305;11;8;5;3;0,92;218;0,16;4;1;3;defend;FURIA;2;0;Sentinels won;5;4;2;2;4;1;0;0
Champions Tour 2024: Americas Stage 1;Regular Season;Week 5;Sentinels vs FURIA;Split;Sentinels;TenZ;FURIA;kon4n;1;0;1;First Kills;omen;139;258;17;11;6;6;0,83;155;0,32;5;1;4;both;FURIA;2;0;Sentinels won;5;4;2;2;4;1;0;0
Champions Tour 2024: Americas Stage 1;Regular Season;Week 5;Sentinels vs FURIA;Split;Sentinels;zekken;FURIA;mwzera;0;1;-1;Op Kills;raze;124;302;8;4;0;4;0,83;157;0,1;1;1;0;attack;FURIA;2;0;Sentinels won;5;4;2;2;4;1;0;0
Champions Tour 2024: Americas Stage 1;Regular Season;Week 5;Sentinels vs FURIA;Icebox;Sentinels;zekken;FURIA;havoc;4;2;2;All Kills;jett;164;299;12;5;2;7;0,83;204;0,32;6;0;6;defend;FURIA;2;0;Sentinels won;8;2;1;2;4;2;3;0
Champions Tour 2024: Americas Stage 1;Regular Season;Week 5;Sentinels vs FURIA;Icebox;Sentinels;Zellsis;FURIA;kon4n;2;5;-3;All Kills;killjoy;119;187;18;13;1;5;0,82;142;0,25;2;0;2;both;FURIA;2;0;Sentinels won;8;2;1;2;4;2;3;0
Champions Tour 2024: Americas Stage 1;Regular Season;Week 5;Sentinels vs FURIA;Icebox;Sentinels;Sacy;FURIA;kon4n;3;1;2;All Kills;gekko;63;127;4;7;2;-3;0,6;96;0,33;1;0;1;attack;FURIA;2;0;Sentinels won;8;2;1;2;4;2;3;0
Champions Tour 2024: Americas Stage 1;Regular Season;Week 5;Sentinels vs FURIA;Icebox;Sentinels;TenZ;FURIA;kon4n;5;0;5;All Kills;kayo;22;419;18;5;10;13;0,83;273;0,27;3;1;2;defend;FURIA;2;0;Sentinels won;8;2;1;2;4;2;3;0
Champions Tour 2024: Americas Stage 1;Regular Season;Week 5;Sentinels vs FURIA;Icebox;Sentinels;johnqt;FURIA;mwzera;1;0;1;All Kills;viper;98;136;10;11;11;-1;0,82;86;0,21;1;2;-1;both;FURIA;2;0;Sentinels won;8;2;1;2;4;2;3;0
Champions Tour 2024: Americas Stage 1;Regular Season;Week 5;Sentinels vs FURIA;Icebox;Sentinels;zekken;FURIA;Khalil;1;0;1;First Kills;jett;51;210;7;10;0;-3;0,6;147;0,32;3;1;2;attack;FURIA;2;0;Sentinels won;8;2;1;2;4;2;3;0
Champions Tour 2024: Americas Stage 1;Regular Season;Week 5;Sentinels vs FURIA;Icebox;Sentinels;TenZ;FURIA;kon4n;1;0;1;First Kills;kayo;22;419;18;5;10;13;0,83;273;0,27;3;1;2;defend;FURIA;2;0;Sentinels won;8;2;1;2;4;2;3;0
Champions Tour 2024: Americas Stage 1;Regular Season;Week 5;Sentinels vs FURIA;Icebox;Sentinels;zekken;FURIA;havoc;2;0;2;Op Kills;jett;113;258;19;15;2;4;0,73;178;0,32;9;1;8;both;FURIA;2;0;Sentinels won;8;2;1;2;4;2;3;0
Champions Tour 2024: Americas Stage 1;Regular Season;Week 5;G2 Esports vs LOUD;Bind;G2 Esports;trent;LOUD;tuyz;2;4;-2;All Kills;gekko;124;222;10;7;3;1,43;0,75;132;0,16;1;0;1;attack;LOUD;0;2;LOUD won;3;4;3;1;7;2;4;0
Champions Tour 2024: Americas Stage 1;Regular Season;Week 5;G2 Esports vs LOUD;Bind;G2 Esports;JonahP;LOUD;tuyz;0;4;-4;All Kills;skye;54;97;3;8;3;0,38;0,75;71;0,2;1;3;-2;defend;LOUD;0;2;LOUD won;3;4;3;1;7;2;4;0
Champions Tour 2024: Americas Stage 1;Regular Season;Week 5;G2 Esports vs LOUD;Bind;G2 Esports;icy;LOUD;saadhak;2;4;-2;All Kills;raze;75;164;13;18;2;0,72;0,5;118;0,16;5;4;1;both;LOUD;0;2;LOUD won;3;4;3;1;7;2;4;0
Champions Tour 2024: Americas Stage 1;Regular Season;Week 5;G2 Esports vs LOUD;Bind;G2 Esports;leaf;LOUD;saadhak;2;2;0;All Kills;viper;88;165;5;8;7;0,63;0,92;125;0,1;1;3;-2;attack;LOUD;0;2;LOUD won;3;4;3;1;7;2;4;0
Champions Tour 2024: Americas Stage 1;Regular Season;Week 5;G2 Esports vs LOUD;Bind;G2 Esports;valyn;LOUD;saadhak;5;3;2;All Kills;brimstone;12;174;8;6;3;1,33;0,92;108;0,22;1;1;0;defend;LOUD;0;2;LOUD won;3;4;3;1;7;2;4;0
Champions Tour 2024: Americas Stage 1;Regular Season;Week 5;G2 Esports vs LOUD;Bind;G2 Esports;JonahP;LOUD;Less;0;1;-1;First Kills;skye;53;87;6;16;9;0,38;0,67;61;0,18;1;3;-2;both;LOUD;0;2;LOUD won;3;4;3;1;7;2;4;0
Champions Tour 2024: Americas Stage 1;Regular Season;Week 5;G2 Esports vs LOUD;Bind;G2 Esports;leaf;LOUD;tuyz;3;1;2;First Kills;viper;88;165;5;8;7;0,63;0,92;125;0,1;1;3;-2;attack;LOUD;0;2;LOUD won;3;4;3;1;7;2;4;0
Champions Tour 2024: Americas Stage 1;Regular Season;Week 5;G2 Esports vs LOUD;Bind;G2 Esports;leaf;LOUD;Quick;0;2;-2;Op Kills;viper;109;248;10;9;4;1,11;0,67;161;0,21;3;1;2;defend;LOUD;0;2;LOUD won;3;4;3;1;7;2;4;0
Champions Tour 2024: Americas Stage 1;Regular Season;Week 5;G2 Esports vs LOUD;Icebox;G2 Esports;JonahP;LOUD;tuyz;2;2;0;All Kills;viper;82;171;8;15;5;0,53;0,59;129;0,43;0;2;-2;both;LOUD;0;2;LOUD won;2;2;0;0;9;0;4;0
Champions Tour 2024: Americas Stage 1;Regular Season;Week 5;G2 Esports vs LOUD;Icebox;G2 Esports;icy;LOUD;tuyz;2;1;1;All Kills;gekko;7;134;6;10;3;0,6;0,42;85;0,43;0;3;-3;attack;LOUD;0;2;LOUD won;2;2;0;0;9;0;4;0
Champions Tour 2024: Americas Stage 1;Regular Season;Week 5;G2 Esports vs LOUD;Icebox;G2 Esports;leaf;LOUD;tuyz;3;7;-4;All Kills;killjoy;113;255;5;4;0;1,25;0,6;189;0,14;0;1;-1;defend;LOUD;0;2;LOUD won;2;2;0;0;9;0;4;0
Champions Tour 2024: Americas Stage 1;Regular Season;Week 5;G2 Esports vs LOUD;Icebox;G2 Esports;valyn;LOUD;Less;1;4;-3;All Kills;harbor;95;206;13;14;5;0,93;0,82;124;0,33;2;2;0;both;LOUD;0;2;LOUD won;2;2;0;0;9;0;4;0
Champions Tour 2024: Americas Stage 1;Regular Season;Week 5;G2 Esports vs LOUD;Icebox;G2 Esports;JonahP;LOUD;tuyz;0;1;-1;First Kills;viper;89;176;6;11;3;0,55;0,58;132;0,44;0;1;-1;attack;LOUD;0;2;LOUD won;2;2;0;0;9;0;4;0
Champions Tour 2024: Americas Stage 1;Regular Season;Week 5;G2 Esports vs LOUD;Icebox;G2 Esports;valyn;LOUD;cauanzin;1;1;0;First Kills;harbor;119;282;6;4;1;1,5;1;153;0,45;1;0;1;defend;LOUD;0;2;LOUD won;2;2;0;0;9;0;4;0
Champions Tour 2024: Americas Stage 1;Playoffs;Knockout Round;100 Thieves vs LOUD;Bind;100 Thieves;Cryocells;LOUD;cauanzin;6;2;4;All Kills;brimstone;194;319;25;8;4;17;0,95;203;0,28;2;0;2;both;LOUD;2;0;100 Thieves won;9;2;1;1;4;1;1;0
Champions Tour 2024: Americas Stage 1;Playoffs;Knockout Round;100 Thieves vs LOUD;Bind;100 Thieves;Asuna;LOUD;cauanzin;2;6;-4;All Kills;raze;173;349;9;5;2;4;1;245;0,38;1;1;0;attack;LOUD;2;0;100 Thieves won;9;2;1;1;4;1;1;0
Champions Tour 2024: Americas Stage 1;Playoffs;Knockout Round;100 Thieves vs LOUD;Bind;100 Thieves;eeiu;LOUD;cauanzin;2;1;1;All Kills;fade;87;132;5;6;7;-1;0,83;77;0,36;0;0;0;defend;LOUD;2;0;100 Thieves won;9;2;1;1;4;1;1;0
Champions Tour 2024: Americas Stage 1;Playoffs;Knockout Round;100 Thieves vs LOUD;Bind;100 Thieves;bang;LOUD;saadhak;1;3;-2;All Kills;viper;84;163;11;12;5;-1;0,74;108;0,19;2;4;-2;both;LOUD;2;0;100 Thieves won;9;2;1;1;4;1;1;0
Champions Tour 2024: Americas Stage 1;Playoffs;Knockout Round;100 Thieves vs LOUD;Bind;100 Thieves;Boostio;LOUD;saadhak;3;2;1;All Kills;gekko;7;102;2;6;1;-4;0,43;70;0,29;0;1;-1;attack;LOUD;2;0;100 Thieves won;9;2;1;1;4;1;1;0
Champions Tour 2024: Americas Stage 1;Playoffs;Knockout Round;100 Thieves vs LOUD;Bind;100 Thieves;Asuna;LOUD;Quick;2;1;1;First Kills;raze;115;346;14;11;1;3;0,83;215;0,26;4;0;4;defend;LOUD;2;0;100 Thieves won;9;2;1;1;4;1;1;0
Champions Tour 2024: Americas Stage 1;Playoffs;Knockout Round;100 Thieves vs LOUD;Bind;100 Thieves;bang;LOUD;saadhak;0;1;-1;First Kills;viper;84;163;11;12;5;-1;0,74;108;0,19;2;4;-2;both;LOUD;2;0;100 Thieves won;9;2;1;1;4;1;1;0
Champions Tour 2024: Americas Stage 1;Playoffs;Knockout Round;100 Thieves vs LOUD;Icebox;100 Thieves;Cryocells;LOUD;cauanzin;5;3;2;All Kills;jett;74;157;3;3;0;0;0,4;125;0,2;0;1;-1;attack;LOUD;2;0;100 Thieves won;6;2;4;1;3;0;1;0
Champions Tour 2024: Americas Stage 1;Playoffs;Knockout Round;100 Thieves vs LOUD;Icebox;100 Thieves;Asuna;LOUD;cauanzin;1;1;0;All Kills;gekko;123;172;9;5;3;4;0,83;110;0,09;0;0;0;defend;LOUD;2;0;100 Thieves won;6;2;4;1;3;0;1;0
Champions Tour 2024: Americas Stage 1;Playoffs;Knockout Round;100 Thieves vs LOUD;Icebox;100 Thieves;eeiu;LOUD;saadhak;1;2;-1;All Kills;sova;107;132;7;6;9;1;0,94;103;0,24;0;0;0;both;LOUD;2;0;100 Thieves won;6;2;4;1;3;0;1;0
Champions Tour 2024: Americas Stage 1;Playoffs;Knockout Round;100 Thieves vs LOUD;Icebox;100 Thieves;bang;LOUD;saadhak;4;3;1;All Kills;viper;181;267;6;2;1;4;1;169;0,71;2;0;2;attack;LOUD;2;0;100 Thieves won;6;2;4;1;3;0;1;0
Champions Tour 2024: Americas Stage 1;Playoffs;Knockout Round;100 Thieves vs LOUD;Icebox;100 Thieves;Boostio;LOUD;saadhak;1;2;-1;All Kills;killjoy;91;222;10;8;0;2;0,75;138;0,3;2;1;1;defend;LOUD;2;0;100 Thieves won;6;2;4;1;3;0;1;0
Champions Tour 2024: Americas Stage 1;Playoffs;Knockout Round;100 Thieves vs LOUD;Icebox;100 Thieves;Cryocells;LOUD;tuyz;0;2;-2;First Kills;jett;175;355;22;7;1;15;0,71;211;0,17;6;2;4;both;LOUD;2;0;100 Thieves won;6;2;4;1;3;0;1;0
Champions Tour 2024: Americas Stage 1;Playoffs;Knockout Round;100 Thieves vs LOUD;Icebox;100 Thieves;Boostio;LOUD;cauanzin;1;2;-1;First Kills;killjoy;131;217;3;3;2;0;1;185;0,17;1;1;0;attack;LOUD;2;0;100 Thieves won;6;2;4;1;3;0;1;0
Champions Tour 2024: Americas Stage 1;Playoffs;Knockout Round;100 Thieves vs LOUD;Icebox;100 Thieves;Cryocells;LOUD;Less;4;0;4;Op Kills;jett;217;438;19;4;1;15;0,83;247;0,16;6;1;5;defend;LOUD;2;0;100 Thieves won;6;2;4;1;3;0;1;0
Champions Tour 2024: Americas Stage 1;Playoffs;Upper Final;G2 Esports vs 100 Thieves;Ascent;G2 Esports;leaf;100 Thieves;Boostio;3;4;-1;All Kills;killjoy;36;118;8;16;0;0,5;0,33;73;0,23;0;3;-3;both;100 Thieves;1;2;100 Thieves won;5;0;0;0;10;2;0;1
Champions Tour 2024: Americas Stage 1;Playoffs;Upper Final;G2 Esports vs 100 Thieves;Ascent;G2 Esports;valyn;100 Thieves;Boostio;1;1;0;All Kills;omen;82;104;5;7;5;0,71;0,58;60;0,36;0;0;0;attack;100 Thieves;1;2;100 Thieves won;5;0;0;0;10;2;0;1
Champions Tour 2024: Americas Stage 1;Playoffs;Upper Final;G2 Esports vs 100 Thieves;Ascent;G2 Esports;icy;100 Thieves;Boostio;3;2;1;All Kills;jett;64;173;3;6;0;0,5;0,33;117;0,44;0;0;0;defend;100 Thieves;1;2;100 Thieves won;5;0;0;0;10;2;0;1
Champions Tour 2024: Americas Stage 1;Playoffs;Upper Final;G2 Esports vs 100 Thieves;Ascent;G2 Esports;JonahP;100 Thieves;eeiu;2;4;-2;All Kills;kayo;77;167;7;15;12;0,47;0,67;99;0,25;0;3;-3;both;100 Thieves;1;2;100 Thieves won;5;0;0;0;10;2;0;1
Champions Tour 2024: Americas Stage 1;Playoffs;Upper Final;G2 Esports vs 100 Thieves;Ascent;G2 Esports;leaf;100 Thieves;Boostio;0;1;-1;First Kills;killjoy;57;147;7;10;0;0,7;0,42;87;0,25;0;2;-2;attack;100 Thieves;1;2;100 Thieves won;5;0;0;0;10;2;0;1
Champions Tour 2024: Americas Stage 1;Playoffs;Upper Final;G2 Esports vs 100 Thieves;Ascent;G2 Esports;icy;100 Thieves;Cryocells;0;1;-1;First Kills;jett;64;173;3;6;0;0,5;0,33;117;0,44;0;0;0;defend;100 Thieves;1;2;100 Thieves won;5;0;0;0;10;2;0;1
Champions Tour 2024: Americas Stage 1;Playoffs;Upper Final;G2 Esports vs 100 Thieves;Ascent;G2 Esports;JonahP;100 Thieves;Cryocells;0;2;-2;First Kills;kayo;77;167;7;15;12;0,47;0,67;99;0,25;0;3;-3;both;100 Thieves;1;2;100 Thieves won;5;0;0;0;10;2;0;1
Champions Tour 2024: Americas Stage 1;Playoffs;Upper Final;G2 Esports vs 100 Thieves;Bind;G2 Esports;leaf;100 Thieves;eeiu;2;4;-2;All Kills;viper;21;329;11;5;4;2,2;0,89;233;0,21;0;0;0;attack;100 Thieves;1;2;100 Thieves won;9;0;4;0;8;0;0;0
Champions Tour 2024: Americas Stage 1;Playoffs;Upper Final;G2 Esports vs 100 Thieves;Bind;G2 Esports;valyn;100 Thieves;eeiu;7;3;4;All Kills;brimstone;11;183;8;8;5;1;0,83;119;0,19;0;0;0;defend;100 Thieves;1;2;100 Thieves won;9;0;4;0;8;0;0;0
Champions Tour 2024: Americas Stage 1;Playoffs;Upper Final;G2 Esports vs 100 Thieves;Bind;G2 Esports;icy;100 Thieves;Cryocells;3;3;0;All Kills;raze;36;167;11;21;5;0,52;0,62;113;0,22;4;6;-2;both;100 Thieves;1;2;100 Thieves won;9;0;4;0;8;0;0;0
Champions Tour 2024: Americas Stage 1;Playoffs;Upper Final;G2 Esports vs 100 Thieves;Bind;G2 Esports;trent;100 Thieves;Cryocells;3;3;0;All Kills;gekko;36;82;2;7;1;0,29;0,67;69;0,27;0;1;-1;attack;100 Thieves;1;2;100 Thieves won;9;0;4;0;8;0;0;0
Champions Tour 2024: Americas Stage 1;Playoffs;Upper Final;G2 Esports vs 100 Thieves;Bind;G2 Esports;JonahP;100 Thieves;Cryocells;2;6;-4;All Kills;skye;9;75;2;12;6;0,17;0,5;59;0,13;0;2;-2;defend;100 Thieves;1;2;100 Thieves won;9;0;4;0;8;0;0;0
Champions Tour 2024: Americas Stage 1;Playoffs;Upper Final;G2 Esports vs 100 Thieves;Bind;G2 Esports;valyn;100 Thieves;bang;1;0;1;First Kills;brimstone;168;287;22;12;11;1,83;0,81;174;0,2;1;0;1;both;100 Thieves;1;2;100 Thieves won;9;0;4;0;8;0;0;0
Champions Tour 2024: Americas Stage 1;Playoffs;Upper Final;G2 Esports vs 100 Thieves;Bind;G2 Esports;trent;100 Thieves;Cryocells;0;1;-1;First Kills;gekko;36;82;2;7;1;0,29;0,67;69;0,27;0;1;-1;attack;100 Thieves;1;2;100 Thieves won;9;0;4;0;8;0;0;0
Champions Tour 2024: Americas Stage 1;Playoffs;Upper Final;G2 Esports vs 100 Thieves;Split;G2 Esports;leaf;100 Thieves;Cryocells;3;1;2;All Kills;viper;134;199;9;6;5;1,5;0,75;132;0,12;2;0;2;defend;100 Thieves;1;2;100 Thieves won;5;1;4;1;11;0;1;1
Champions Tour 2024: Americas Stage 1;Playoffs;Upper Final;G2 Esports vs 100 Thieves;Split;G2 Esports;valyn;100 Thieves;bang;4;1;3;All Kills;omen;128;252;21;17;7;1,24;0,75;162;0,18;5;0;5;both;100 Thieves;1;2;100 Thieves won;5;1;4;1;11;0;1;1
Champions Tour 2024: Americas Stage 1;Playoffs;Upper Final;G2 Esports vs 100 Thieves;Split;G2 Esports;icy;100 Thieves;bang;2;4;-2;All Kills;raze;34;89;3;10;2;0,3;0,67;71;0,14;0;5;-5;attack;100 Thieves;1;2;100 Thieves won;5;1;4;1;11;0;1;1
Champions Tour 2024: Americas Stage 1;Playoffs;Upper Final;G2 Esports vs 100 Thieves;Split;G2 Esports;trent;100 Thieves;bang;5;5;0;All Kills;fade;126;205;8;6;9;1,33;0,83;113;0,21;1;2;-1;defend;100 Thieves;1;2;100 Thieves won;5;1;4;1;11;0;1;1
Champions Tour 2024: Americas Stage 1;Playoffs;Upper Final;G2 Esports vs 100 Thieves;Split;G2 Esports;JonahP;100 Thieves;Asuna;2;6;-4;All Kills;breach;73;116;7;16;13;0,44;0,63;75;0,21;1;3;-2;both;100 Thieves;1;2;100 Thieves won;5;1;4;1;11;0;1;1
Champions Tour 2024: Americas Stage 1;Playoffs;Upper Final;G2 Esports vs 100 Thieves;Split;G2 Esports;valyn;100 Thieves;Cryocells;1;0;1;First Kills;omen;76;188;8;11;2;0,73;0,67;107;0,17;1;0;1;attack;100 Thieves;1;2;100 Thieves won;5;1;4;1;11;0;1;1
Champions Tour 2024: Americas Stage 1;Playoffs;Upper Final;G2 Esports vs 100 Thieves;Split;G2 Esports;icy;100 Thieves;bang;0;1;-1;First Kills;raze;149;294;14;5;1;2,8;0,83;187;0,41;2;0;2;defend;100 Thieves;1;2;100 Thieves won;5;1;4;1;11;0;1;1
Champions Tour 2024: Americas Stage 1;Playoffs;Upper Final;G2 Esports vs 100 Thieves;Split;G2 Esports;JonahP;100 Thieves;Cryocells;1;1;0;First Kills;breach;73;116;7;16;13;0,44;0,63;75;0,21;1;3;-2;both;100 Thieves;1;2;100 Thieves won;5;1;4;1;11;0;1;1
Champions Tour 2024: Americas Stage 1;Playoffs;Lower Final;G2 Esports vs LEVIATÁN;Bind;G2 Esports;leaf;LEVIATÁN;tex;4;5;-1;All Kills;viper;132;282;14;11;3;1,27;0,62;201;0,31;1;2;-1;attack;LEVIATÁN;3;2;G2 Esports won;8;1;2;1;7;2;5;0
Champions Tour 2024: Americas Stage 1;Playoffs;Lower Final;G2 Esports vs LEVIATÁN;Bind;G2 Esports;valyn;LEVIATÁN;tex;4;4;0;All Kills;brimstone;102;179;9;8;0;1,13;0,62;127;0,35;1;2;-1;defend;LEVIATÁN;3;2;G2 Esports won;8;1;2;1;7;2;5;0
Champions Tour 2024: Americas Stage 1;Playoffs;Lower Final;G2 Esports vs LEVIATÁN;Bind;G2 Esports;icy;LEVIATÁN;aspas;3;9;-6;All Kills;raze;61;160;14;22;3;0,64;0,62;107;0,32;5;2;3;both;LEVIATÁN;3;2;G2 Esports won;8;1;2;1;7;2;5;0
Champions Tour 2024: Americas Stage 1;Playoffs;Lower Final;G2 Esports vs LEVIATÁN;Bind;G2 Esports;trent;LEVIATÁN;aspas;4;3;1;All Kills;gekko;74;160;7;10;3;0,7;0,62;100;0,24;1;0;1;attack;LEVIATÁN;3;2;G2 Esports won;8;1;2;1;7;2;5;0
Champions Tour 2024: Americas Stage 1;Playoffs;Lower Final;G2 Esports vs LEVIATÁN;Bind;G2 Esports;JonahP;LEVIATÁN;aspas;1;5;-4;All Kills;skye;96;215;10;10;5;1;0,69;132;0,45;0;2;-2;defend;LEVIATÁN;3;2;G2 Esports won;8;1;2;1;7;2;5;0
Champions Tour 2024: Americas Stage 1;Playoffs;Lower Final;G2 Esports vs LEVIATÁN;Bind;G2 Esports;valyn;LEVIATÁN;kiNgg;0;2;-2;First Kills;brimstone;9;178;16;18;9;0,89;0,73;119;0,3;2;4;-2;both;LEVIATÁN;3;2;G2 Esports won;8;1;2;1;7;2;5;0
Champions Tour 2024: Americas Stage 1;Playoffs;Lower Final;G2 Esports vs LEVIATÁN;Bind;G2 Esports;icy;LEVIATÁN;tex;3;0;3;First Kills;raze;52;149;6;11;0;0,55;0,62;99;0,38;2;2;0;attack;LEVIATÁN;3;2;G2 Esports won;8;1;2;1;7;2;5;0
Champions Tour 2024: Americas Stage 1;Playoffs;Lower Final;G2 Esports vs LEVIATÁN;Bind;G2 Esports;trent;LEVIATÁN;C0M;0;1;-1;First Kills;gekko;121;229;11;9;5;1,22;0,69;146;0,18;2;1;1;defend;LEVIATÁN;3;2;G2 Esports won;8;1;2;1;7;2;5;0
Champions Tour 2024: Americas Stage 1;Playoffs;Lower Final;G2 Esports vs LEVIATÁN;Breeze;G2 Esports;leaf;LEVIATÁN;tex;2;4;-2;All Kills;cypher;102;173;13;12;1;1,08;0,75;103;0,16;3;1;2;both;LEVIATÁN;3;2;G2 Esports won;8;2;3;0;7;0;0;0
Champions Tour 2024: Americas Stage 1;Playoffs;Lower Final;G2 Esports vs LEVIATÁN;Breeze;G2 Esports;valyn;LEVIATÁN;tex;3;2;1;All Kills;astra;51;68;2;6;1;0,33;0,38;42;0,43;0;1;-1;attack;LEVIATÁN;3;2;G2 Esports won;8;2;3;0;7;0;0;0
Champions Tour 2024: Americas Stage 1;Playoffs;Lower Final;G2 Esports vs LEVIATÁN;Breeze;G2 Esports;icy;LEVIATÁN;tex;1;2;-1;All Kills;yoru;1;175;9;7;1;1,29;0,75;116;0,17;2;1;1;defend;LEVIATÁN;3;2;G2 Esports won;8;2;3;0;7;0;0;0
Champions Tour 2024: Americas Stage 1;Playoffs;Lower Final;G2 Esports vs LEVIATÁN;Breeze;G2 Esports;trent;LEVIATÁN;aspas;2;1;1;All Kills;sova;119;212;15;13;6;1,15;0,6;133;0,24;2;2;0;both;LEVIATÁN;3;2;G2 Esports won;8;2;3;0;7;0;0;0
Champions Tour 2024: Americas Stage 1;Playoffs;Lower Final;G2 Esports vs LEVIATÁN;Breeze;G2 Esports;JonahP;LEVIATÁN;aspas;2;4;-2;All Kills;viper;113;190;4;6;3;0,67;0,5;132;0,14;0;0;0;attack;LEVIATÁN;3;2;G2 Esports won;8;2;3;0;7;0;0;0
Champions Tour 2024: Americas Stage 1;Playoffs;Lower Final;G2 Esports vs LEVIATÁN;Breeze;G2 Esports;valyn;LEVIATÁN;Mazino;2;1;1;First Kills;astra;154;267;13;6;7;2,17;0,83;165;0,26;3;0;3;defend;LEVIATÁN;3;2;G2 Esports won;8;2;3;0;7;0;0;0
Champions Tour 2024: Americas Stage 1;Playoffs;Lower Final;G2 Esports vs LEVIATÁN;Breeze;G2 Esports;trent;LEVIATÁN;kiNgg;1;1;0;First Kills;sova;119;212;15;13;6;1,15;0,6;133;0,24;2;2;0;both;LEVIATÁN;3;2;G2 Esports won;8;2;3;0;7;0;0;0
Champions Tour 2024: Americas Stage 1;Playoffs;Lower Final;G2 Esports vs LEVIATÁN;Breeze;G2 Esports;icy;LEVIATÁN;aspas;0;1;-1;Op Kills;yoru;46;102;3;7;0;0,43;0,38;56;0,57;1;2;-1;attack;LEVIATÁN;3;2;G2 Esports won;8;2;3;0;7;0;0;0
Champions Tour 2024: Americas Stage 1;Playoffs;Lower Final;G2 Esports vs LEVIATÁN;Icebox;G2 Esports;leaf;LEVIATÁN;aspas;1;9;-8;All Kills;killjoy;89;198;8;11;5;0,73;0,62;150;0,19;3;0;3;defend;LEVIATÁN;3;2;G2 Esports won;5;2;5;0;9;1;4;0
Champions Tour 2024: Americas Stage 1;Playoffs;Lower Final;G2 Esports vs LEVIATÁN;Icebox;G2 Esports;valyn;LEVIATÁN;C0M;5;3;2;All Kills;harbor;136;252;25;18;7;1,39;0,81;146;0,4;4;0;4;both;LEVIATÁN;3;2;G2 Esports won;5;2;5;0;9;1;4;0
Champions Tour 2024: Americas Stage 1;Playoffs;Lower Final;G2 Esports vs LEVIATÁN;Icebox;G2 Esports;icy;LEVIATÁN;C0M;3;5;-2;All Kills;gekko;62;154;6;10;3;0,6;0,54;131;0,28;0;3;-3;attack;LEVIATÁN;3;2;G2 Esports won;5;2;5;0;9;1;4;0
Champions Tour 2024: Americas Stage 1;Playoffs;Lower Final;G2 Esports vs LEVIATÁN;Icebox;G2 Esports;trent;LEVIATÁN;C0M;7;4;3;All Kills;sova;219;369;18;7;4;2,57;1;257;0,45;2;0;2;defend;LEVIATÁN;3;2;G2 Esports won;5;2;5;0;9;1;4;0
Champions Tour 2024: Americas Stage 1;Playoffs;Lower Final;G2 Esports vs LEVIATÁN;Icebox;G2 Esports;leaf;LEVIATÁN;kiNgg;2;0;2;First Kills;killjoy;79;188;16;23;6;0,7;0,62;132;0,19;4;4;0;both;LEVIATÁN;3;2;G2 Esports won;5;2;5;0;9;1;4;0
Champions Tour 2024: Americas Stage 1;Playoffs;Lower Final;G2 Esports vs LEVIATÁN;Icebox;G2 Esports;valyn;LEVIATÁN;tex;2;0;2;First Kills;harbor;18;282;14;7;3;2;0,85;180;0,39;1;0;1;attack;LEVIATÁN;3;2;G2 Esports won;5;2;5;0;9;1;4;0
Champions Tour 2024: Americas Stage 1;Playoffs;Lower Final;G2 Esports vs LEVIATÁN;Icebox;G2 Esports;icy;LEVIATÁN;C0M;0;2;-2;First Kills;gekko;62;132;6;11;6;0,55;0,62;94;0,25;1;0;1;defend;LEVIATÁN;3;2;G2 Esports won;5;2;5;0;9;1;4;0
Champions Tour 2024: Americas Stage 1;Playoffs;Lower Final;G2 Esports vs LEVIATÁN;Icebox;G2 Esports;JonahP;LEVIATÁN;C0M;0;2;-2;First Kills;viper;92;189;16;19;12;0,84;0,81;122;0,22;1;5;-4;both;LEVIATÁN;3;2;G2 Esports won;5;2;5;0;9;1;4;0
Champions Tour 2024: Americas Stage 1;Playoffs;Lower Final;G2 Esports vs LEVIATÁN;Lotus;G2 Esports;leaf;LEVIATÁN;C0M;2;2;0;All Kills;killjoy;68;193;9;9;2;1;0,67;124;0,29;2;2;0;attack;LEVIATÁN;3;2;G2 Esports won;5;3;5;0;6;1;3;0
Champions Tour 2024: Americas Stage 1;Playoffs;Lower Final;G2 Esports vs LEVIATÁN;Lotus;G2 Esports;valyn;LEVIATÁN;C0M;3;3;0;All Kills;omen;148;308;13;9;3;1,44;0,82;184;0,22;3;1;2;defend;LEVIATÁN;3;2;G2 Esports won;5;3;5;0;6;1;3;0
Champions Tour 2024: Americas Stage 1;Playoffs;Lower Final;G2 Esports vs LEVIATÁN;Lotus;G2 Esports;trent;LEVIATÁN;kiNgg;1;3;-2;All Kills;fade;6;113;8;15;6;0,53;0,74;71;0,38;1;2;-1;both;LEVIATÁN;3;2;G2 Esports won;5;3;5;0;6;1;3;0
Champions Tour 2024: Americas Stage 1;Playoffs;Lower Final;G2 Esports vs LEVIATÁN;Lotus;G2 Esports;JonahP;LEVIATÁN;kiNgg;3;3;0;All Kills;viper;9;199;8;8;2;1;0,67;134;0,45;0;2;-2;attack;LEVIATÁN;3;2;G2 Esports won;5;3;5;0;6;1;3;0
Champions Tour 2024: Americas Stage 1;Playoffs;Lower Final;G2 Esports vs LEVIATÁN;Lotus;G2 Esports;leaf;LEVIATÁN;kiNgg;0;1;-1;First Kills;killjoy;122;229;8;8;5;1;0,82;156;0,19;0;1;-1;defend;LEVIATÁN;3;2;G2 Esports won;5;3;5;0;6;1;3;0
Champions Tour 2024: Americas Stage 1;Playoffs;Lower Final;G2 Esports vs LEVIATÁN;Lotus;G2 Esports;icy;LEVIATÁN;Mazino;2;1;1;First Kills;raze;133;224;20;15;4;1,33;0,83;145;0,28;2;1;1;both;LEVIATÁN;3;2;G2 Esports won;5;3;5;0;6;1;3;0
Champions Tour 2024: Americas Stage 1;Playoffs;Lower Final;G2 Esports vs LEVIATÁN;Lotus;G2 Esports;JonahP;LEVIATÁN;Mazino;0;1;-1;First Kills;viper;9;199;8;8;2;1;0,67;134;0,45;0;2;-2;attack;LEVIATÁN;3;2;G2 Esports won;5;3;5;0;6;1;3;0
Champions Tour 2024: Americas Stage 1;Playoffs;Lower Final;G2 Esports vs LEVIATÁN;Ascent;G2 Esports;leaf;LEVIATÁN;Mazino;3;3;0;All Kills;killjoy;108;270;10;11;5;0,91;1;178;0,21;3;0;3;defend;LEVIATÁN;3;2;G2 Esports won;7;1;5;0;10;0;1;0
Champions Tour 2024: Americas Stage 1;Playoffs;Lower Final;G2 Esports vs LEVIATÁN;Ascent;G2 Esports;valyn;LEVIATÁN;tex;4;3;1;All Kills;omen;11;221;19;15;9;1,27;0,71;152;0,29;2;4;-2;both;LEVIATÁN;3;2;G2 Esports won;7;1;5;0;10;0;1;0
Champions Tour 2024: Americas Stage 1;Playoffs;Lower Final;G2 Esports vs LEVIATÁN;Ascent;G2 Esports;icy;LEVIATÁN;tex;2;2;0;All Kills;jett;28;95;4;10;1;0,4;0,5;71;0,33;2;2;0;attack;LEVIATÁN;3;2;G2 Esports won;7;1;5;0;10;0;1;0
Champions Tour 2024: Americas Stage 1;Playoffs;Lower Final;G2 Esports vs LEVIATÁN;Ascent;G2 Esports;trent;LEVIATÁN;tex;5;2;3;All Kills;sova;67;164;5;8;4;0,63;0,67;121;0,15;1;0;1;defend;LEVIATÁN;3;2;G2 Esports won;7;1;5;0;10;0;1;0
Champions Tour 2024: Americas Stage 1;Playoffs;Lower Final;G2 Esports vs LEVIATÁN;Ascent;G2 Esports;JonahP;LEVIATÁN;aspas;2;3;-1;All Kills;kayo;96;174;14;17;18;0,82;0,71;116;0,36;1;1;0;both;LEVIATÁN;3;2;G2 Esports won;7;1;5;0;10;0;1;0
Champions Tour 2024: Americas Stage 1;Playoffs;Lower Final;G2 Esports vs LEVIATÁN;Ascent;G2 Esports;leaf;LEVIATÁN;C0M;0;1;-1;First Kills;killjoy;78;177;8;9;1;0,89;0,67;116;0,39;0;1;-1;attack;LEVIATÁN;3;2;G2 Esports won;7;1;5;0;10;0;1;0
Champions Tour 2024: Americas Stage 1;Playoffs;Lower Final;G2 Esports vs LEVIATÁN;Ascent;G2 Esports;icy;LEVIATÁN;tex;1;1;0;First Kills;jett;139;217;12;8;0;1,5;0,92;177;0,47;3;1;2;defend;LEVIATÁN;3;2;G2 Esports won;7;1;5;0;10;0;1;0
Champions Tour 2024: Americas Stage 1;Playoffs;Lower Final;G2 Esports vs LEVIATÁN;Ascent;G2 Esports;JonahP;LEVIATÁN;aspas;0;1;-1;First Kills;kayo;96;174;14;17;18;0,82;0,71;116;0,36;1;1;0;both;LEVIATÁN;3;2;G2 Esports won;7;1;5;0;10;0;1;0
Champions Tour 2024: Americas Stage 1;Playoffs;Grand Final;100 Thieves vs G2 Esports;Bind;100 Thieves;Boostio;G2 Esports;leaf;6;2;4;All Kills;gekko;58;148;5;11;5;-6;0,67;105;0,14;0;1;-1;attack;G2 Esports;3;0;100 Thieves won;7;0;5;1;5;1;3;0
Champions Tour 2024: Americas Stage 1;Playoffs;Grand Final;100 Thieves vs G2 Esports;Bind;100 Thieves;Asuna;G2 Esports;leaf;3;4;-1;All Kills;raze;138;264;10;5;3;5;0,7;184;0,26;1;2;-1;defend;G2 Esports;3;0;100 Thieves won;7;0;5;1;5;1;3;0
Champions Tour 2024: Americas Stage 1;Playoffs;Grand Final;100 Thieves vs G2 Esports;Bind;100 Thieves;bang;G2 Esports;trent;5;1;4;All Kills;viper;142;240;21;13;2;8;0,77;163;0,48;4;3;1;both;G2 Esports;3;0;100 Thieves won;7;0;5;1;5;1;3;0
Champions Tour 2024: Americas Stage 1;Playoffs;Grand Final;100 Thieves vs G2 Esports;Bind;100 Thieves;Cryocells;G2 Esports;trent;2;1;1;All Kills;brimstone;24;82;2;12;3;-10;0,42;61;0,07;0;1;-1;attack;G2 Esports;3;0;100 Thieves won;7;0;5;1;5;1;3;0
Champions Tour 2024: Americas Stage 1;Playoffs;Grand Final;100 Thieves vs G2 Esports;Bind;100 Thieves;eeiu;G2 Esports;trent;4;2;2;All Kills;fade;117;196;7;5;3;2;0,8;132;0,44;0;0;0;defend;G2 Esports;3;0;100 Thieves won;7;0;5;1;5;1;3;0
Champions Tour 2024: Americas Stage 1;Playoffs;Grand Final;100 Thieves vs G2 Esports;Bind;100 Thieves;Asuna;G2 Esports;leaf;0;1;-1;First Kills;raze;78;189;14;17;6;-3;0,59;129;0,16;3;6;-3;both;G2 Esports;3;0;100 Thieves won;7;0;5;1;5;1;3;0
Champions Tour 2024: Americas Stage 1;Playoffs;Grand Final;100 Thieves vs G2 Esports;Bind;100 Thieves;bang;G2 Esports;leaf;0;1;-1;First Kills;viper;94;185;9;9;0;0;0,58;111;0,47;0;2;-2;attack;G2 Esports;3;0;100 Thieves won;7;0;5;1;5;1;3;0
Champions Tour 2024: Americas Stage 1;Playoffs;Grand Final;100 Thieves vs G2 Esports;Bind;100 Thieves;Boostio;G2 Esports;leaf;1;0;1;Op Kills;gekko;113;215;8;5;3;3;0,9;130;0,19;0;1;-1;defend;G2 Esports;3;0;100 Thieves won;7;0;5;1;5;1;3;0
Champions Tour 2024: Americas Stage 1;Playoffs;Grand Final;100 Thieves vs G2 Esports;Breeze;100 Thieves;Boostio;G2 Esports;icy;4;3;1;All Kills;cypher;149;269;22;10;2;12;0,8;174;0,43;4;1;3;both;G2 Esports;3;0;100 Thieves won;9;1;2;1;5;1;1;0
Champions Tour 2024: Americas Stage 1;Playoffs;Grand Final;100 Thieves vs G2 Esports;Breeze;100 Thieves;Asuna;G2 Esports;icy;3;4;-1;All Kills;kayo;1;105;2;3;6;-1;1;84;0,14;0;0;0;attack;G2 Esports;3;0;100 Thieves won;9;1;2;1;5;1;1;0
Champions Tour 2024: Americas Stage 1;Playoffs;Grand Final;100 Thieves vs G2 Esports;Breeze;100 Thieves;bang;G2 Esports;icy;5;3;2;All Kills;viper;98;218;9;9;4;0;0,83;147;0,38;3;2;1;defend;G2 Esports;3;0;100 Thieves won;9;1;2;1;5;1;1;0
Champions Tour 2024: Americas Stage 1;Playoffs;Grand Final;100 Thieves vs G2 Esports;Breeze;100 Thieves;Cryocells;G2 Esports;JonahP;4;4;0;All Kills;jett;104;183;14;12;2;2;0,8;122;0,21;2;0;2;both;G2 Esports;3;0;100 Thieves won;9;1;2;1;5;1;1;0
Champions Tour 2024: Americas Stage 1;Playoffs;Grand Final;100 Thieves vs G2 Esports;Breeze;100 Thieves;eeiu;G2 Esports;JonahP;3;2;1;All Kills;sova;163;249;7;2;5;5;1;145;0,23;3;0;3;attack;G2 Esports;3;0;100 Thieves won;9;1;2;1;5;1;1;0
Champions Tour 2024: Americas Stage 1;Playoffs;Grand Final;100 Thieves vs G2 Esports;Breeze;100 Thieves;Boostio;G2 Esports;JonahP;1;0;1;First Kills;cypher;82;124;7;8;1;-1;0,75;90;0,6;1;1;0;defend;G2 Esports;3;0;100 Thieves won;9;1;2;1;5;1;1;0
Champions Tour 2024: Americas Stage 1;Playoffs;Grand Final;100 Thieves vs G2 Esports;Breeze;100 Thieves;Cryocells;G2 Esports;trent;1;0;1;First Kills;jett;104;183;14;12;2;2;0,8;122;0,21;2;0;2;both;G2 Esports;3;0;100 Thieves won;9;1;2;1;5;1;1;0
Champions Tour 2024: Americas Stage 1;Playoffs;Grand Final;100 Thieves vs G2 Esports;Breeze;100 Thieves;Cryocells;G2 Esports;valyn;2;0;2;Op Kills;jett;104;168;5;4;2;1;0,88;119;0,19;0;0;0;attack;G2 Esports;3;0;100 Thieves won;9;1;2;1;5;1;1;0
Champions Tour 2024: Americas Stage 1;Playoffs;Grand Final;100 Thieves vs G2 Esports;Sunset;100 Thieves;Boostio;G2 Esports;leaf;4;3;1;All Kills;cypher;115;181;9;6;0;3;0,75;129;0,47;2;0;2;defend;G2 Esports;3;0;100 Thieves won;11;0;2;0;5;1;2;0
Champions Tour 2024: Americas Stage 1;Playoffs;Grand Final;100 Thieves vs G2 Esports;Sunset;100 Thieves;Asuna;G2 Esports;trent;5;2;3;All Kills;raze;142;299;21;14;5;7;0,71;196;0,19;4;5;-1;both;G2 Esports;3;0;100 Thieves won;11;0;2;0;5;1;2;0
Champions Tour 2024: Americas Stage 1;Playoffs;Grand Final;100 Thieves vs G2 Esports;Sunset;100 Thieves;bang;G2 Esports;trent;2;5;-3;All Kills;omen;108;217;6;6;3;0;0,89;137;0,64;0;0;0;attack;G2 Esports;3;0;100 Thieves won;11;0;2;0;5;1;2;0
Champions Tour 2024: Americas Stage 1;Playoffs;Grand Final;100 Thieves vs G2 Esports;Sunset;100 Thieves;Cryocells;G2 Esports;trent;3;1;2;All Kills;gekko;124;209;10;7;3;3;0,83;158;0,26;1;0;1;defend;G2 Esports;3;0;100 Thieves won;11;0;2;0;5;1;2;0
Champions Tour 2024: Americas Stage 1;Playoffs;Grand Final;100 Thieves vs G2 Esports;Sunset;100 Thieves;eeiu;G2 Esports;icy;0;1;-1;All Kills;sova;58;108;8;14;4;-6;0,76;85;0,21;0;2;-2;both;G2 Esports;3;0;100 Thieves won;11;0;2;0;5;1;2;0
Champions Tour 2024: Americas Stage 1;Playoffs;Grand Final;100 Thieves vs G2 Esports;Sunset;100 Thieves;Boostio;G2 Esports;JonahP;0;1;-1;First Kills;cypher;103;216;7;7;3;0;0,67;136;0,5;2;2;0;attack;G2 Esports;3;0;100 Thieves won;11;0;2;0;5;1;2;0
Champions Tour 2024: Americas Stage 1;Playoffs;Grand Final;100 Thieves vs G2 Esports;Sunset;100 Thieves;bang;G2 Esports;valyn;1;0;1;First Kills;omen;144;260;12;6;5;6;1;141;0,61;2;0;2;defend;G2 Esports;3;0;100 Thieves won;11;0;2;0;5;1;2;0
Champions Tour 2024: EMEA Stage 1;Regular Season;Week 1;FNATIC vs Team Heretics;Icebox;FNATIC;Alfajer;Team Heretics;RieNs;2;1;1;All Kills;killjoy;61;153;9;15;2;-6;0,65;107;0,41;0;1;-1;both;Team Heretics;0;2;Team Heretics won;2;1;1;0;8;3;2;0
Champions Tour 2024: EMEA Stage 1;Regular Season;Week 1;FNATIC vs Team Heretics;Icebox;FNATIC;Boaster;Team Heretics;RieNs;2;2;0;All Kills;harbor;54;164;2;5;3;-3;0,8;106;0,06;1;1;0;attack;Team Heretics;0;2;Team Heretics won;2;1;1;0;8;3;2;0
Champions Tour 2024: EMEA Stage 1;Regular Season;Week 1;FNATIC vs Team Heretics;Icebox;FNATIC;Leo;Team Heretics;RieNs;2;1;1;All Kills;sova;131;287;12;8;2;4;0,75;175;0,28;0;1;-1;defend;Team Heretics;0;2;Team Heretics won;2;1;1;0;8;3;2;0
Champions Tour 2024: EMEA Stage 1;Regular Season;Week 1;FNATIC vs Team Heretics;Icebox;FNATIC;Derke;Team Heretics;benjyfishy;3;2;1;All Kills;jett;96;225;13;15;2;-2;0,53;143;0,24;2;6;-4;both;Team Heretics;0;2;Team Heretics won;2;1;1;0;8;3;2;0
Champions Tour 2024: EMEA Stage 1;Regular Season;Week 1;FNATIC vs Team Heretics;Icebox;FNATIC;Chronicle;Team Heretics;benjyfishy;1;3;-2;All Kills;viper;117;246;4;4;0;0;0,6;174;0,25;0;0;0;attack;Team Heretics;0;2;Team Heretics won;2;1;1;0;8;3;2;0
Champions Tour 2024: EMEA Stage 1;Regular Season;Week 1;FNATIC vs Team Heretics;Icebox;FNATIC;Boaster;Team Heretics;RieNs;0;1;-1;First Kills;harbor;39;87;3;10;4;-7;0,58;64;0,29;0;1;-1;defend;Team Heretics;0;2;Team Heretics won;2;1;1;0;8;3;2;0
Champions Tour 2024: EMEA Stage 1;Regular Season;Week 1;FNATIC vs Team Heretics;Icebox;FNATIC;Chronicle;Team Heretics;MiniBoo;0;2;-2;First Kills;viper;79;176;9;15;4;-6;0,59;119;0,14;2;2;0;both;Team Heretics;0;2;Team Heretics won;2;1;1;0;8;3;2;0
Champions Tour 2024: EMEA Stage 1;Regular Season;Week 1;FNATIC vs Team Heretics;Icebox;FNATIC;Derke;Team Heretics;Boo;2;0;2;Op Kills;jett;75;162;3;4;0;-1;0,4;129;0,43;0;3;-3;attack;Team Heretics;0;2;Team Heretics won;2;1;1;0;8;3;2;0
Champions Tour 2024: EMEA Stage 1;Regular Season;Week 1;FNATIC vs Team Heretics;Lotus;FNATIC;Alfajer;Team Heretics;Boo;6;5;1;All Kills;killjoy;115;268;14;11;4;3;0,81;167;0,15;1;0;1;defend;Team Heretics;0;2;Team Heretics won;7;3;5;0;13;1;1;2
Champions Tour 2024: EMEA Stage 1;Regular Season;Week 1;FNATIC vs Team Heretics;Lotus;FNATIC;Leo;Team Heretics;RieNs;8;4;4;All Kills;fade;129;226;26;17;9;9;0,78;144;0,25;4;0;4;both;Team Heretics;0;2;Team Heretics won;7;3;5;0;13;1;1;2
Champions Tour 2024: EMEA Stage 1;Regular Season;Week 1;FNATIC vs Team Heretics;Lotus;FNATIC;Derke;Team Heretics;RieNs;4;3;1;All Kills;raze;117;240;13;10;3;3;0,75;162;0,46;5;4;1;attack;Team Heretics;0;2;Team Heretics won;7;3;5;0;13;1;1;2
Champions Tour 2024: EMEA Stage 1;Regular Season;Week 1;FNATIC vs Team Heretics;Lotus;FNATIC;Chronicle;Team Heretics;RieNs;5;4;1;All Kills;viper;105;246;14;14;4;0;0,88;178;0,2;2;0;2;defend;Team Heretics;0;2;Team Heretics won;7;3;5;0;13;1;1;2
Champions Tour 2024: EMEA Stage 1;Regular Season;Week 1;FNATIC vs Team Heretics;Lotus;FNATIC;Alfajer;Team Heretics;Boo;1;1;0;First Kills;killjoy;103;206;24;21;6;3;0,75;130;0,18;2;1;1;both;Team Heretics;0;2;Team Heretics won;7;3;5;0;13;1;1;2
Champions Tour 2024: EMEA Stage 1;Regular Season;Week 1;FNATIC vs Team Heretics;Lotus;FNATIC;Leo;Team Heretics;MiniBoo;3;0;3;First Kills;fade;98;144;9;8;4;1;0,75;89;0,17;1;0;1;attack;Team Heretics;0;2;Team Heretics won;7;3;5;0;13;1;1;2
Champions Tour 2024: EMEA Stage 1;Regular Season;Week 1;FNATIC vs Team Heretics;Lotus;FNATIC;Chronicle;Team Heretics;benjyfishy;1;0;1;First Kills;viper;105;246;14;14;4;0;0,88;178;0,2;2;0;2;defend;Team Heretics;0;2;Team Heretics won;7;3;5;0;13;1;1;2
Champions Tour 2024: EMEA Stage 1;Regular Season;Week 1;Team Liquid vs FUT Esports;Split;Team Liquid;Jamppi;FUT Esports;cNed;1;5;-4;All Kills;viper;72;180;10;14;5;-4;0,78;112;0,23;3;2;1;both;FUT Esports;0;2;FUT Esports won;4;1;0;0;8;3;2;0
Champions Tour 2024: EMEA Stage 1;Regular Season;Week 1;Team Liquid vs FUT Esports;Split;Team Liquid;Enzo;FUT Esports;cNed;1;4;-3;All Kills;skye;26;62;1;5;2;-4;0,5;48;0;0;0;0;attack;FUT Esports;0;2;FUT Esports won;4;1;0;0;8;3;2;0
Champions Tour 2024: EMEA Stage 1;Regular Season;Week 1;Team Liquid vs FUT Esports;Split;Team Liquid;nAts;FUT Esports;cNed;4;3;1;All Kills;cypher;61;176;7;9;2;-2;0,58;115;0,21;1;1;0;defend;FUT Esports;0;2;FUT Esports won;4;1;0;0;8;3;2;0
Champions Tour 2024: EMEA Stage 1;Regular Season;Week 1;Team Liquid vs FUT Esports;Split;Team Liquid;Keiko;FUT Esports;qRaxs;4;3;1;All Kills;raze;87;196;12;13;3;-1;0,67;122;0,19;3;3;0;both;FUT Esports;0;2;FUT Esports won;4;1;0;0;8;3;2;0
Champions Tour 2024: EMEA Stage 1;Regular Season;Week 1;Team Liquid vs FUT Esports;Split;Team Liquid;Mistic;FUT Esports;qRaxs;3;0;3;All Kills;omen;127;205;4;3;1;1;0,67;164;0,6;0;0;0;attack;FUT Esports;0;2;FUT Esports won;4;1;0;0;8;3;2;0
Champions Tour 2024: EMEA Stage 1;Regular Season;Week 1;Team Liquid vs FUT Esports;Split;Team Liquid;Jamppi;FUT Esports;AtaKaptan;1;0;1;First Kills;viper;38;101;3;10;5;-7;0,83;62;0,09;2;2;0;defend;FUT Esports;0;2;FUT Esports won;4;1;0;0;8;3;2;0
Champions Tour 2024: EMEA Stage 1;Regular Season;Week 1;Team Liquid vs FUT Esports;Split;Team Liquid;Keiko;FUT Esports;yetujey;1;0;1;First Kills;raze;87;196;12;13;3;-1;0,67;122;0,19;3;3;0;both;FUT Esports;0;2;FUT Esports won;4;1;0;0;8;3;2;0
Champions Tour 2024: EMEA Stage 1;Regular Season;Week 1;Team Liquid vs FUT Esports;Split;Team Liquid;Enzo;FUT Esports;cNed;0;1;-1;Op Kills;skye;26;62;1;5;2;-4;0,5;48;0;0;0;0;attack;FUT Esports;0;2;FUT Esports won;4;1;0;0;8;3;2;0
Champions Tour 2024: EMEA Stage 1;Regular Season;Week 1;Team Liquid vs FUT Esports;Split;Team Liquid;Mistic;FUT Esports;MrFaliN;1;0;1;Op Kills;omen;55;153;6;10;4;-4;0,75;102;0,28;0;1;-1;defend;FUT Esports;0;2;FUT Esports won;4;1;0;0;8;3;2;0
Champions Tour 2024: EMEA Stage 1;Regular Season;Week 1;Team Liquid vs FUT Esports;Icebox;Team Liquid;Jamppi;FUT Esports;AtaKaptan;1;3;-2;All Kills;killjoy;95;197;14;15;5;-1;0,71;122;0,3;1;5;-4;both;FUT Esports;0;2;FUT Esports won;7;0;1;0;10;1;2;0
Champions Tour 2024: EMEA Stage 1;Regular Season;Week 1;Team Liquid vs FUT Esports;Icebox;Team Liquid;Enzo;FUT Esports;AtaKaptan;5;1;4;All Kills;gekko;63;165;7;11;5;-4;0,67;123;0,17;0;3;-3;attack;FUT Esports;0;2;FUT Esports won;7;0;1;0;10;1;2;0
Champions Tour 2024: EMEA Stage 1;Regular Season;Week 1;Team Liquid vs FUT Esports;Icebox;Team Liquid;nAts;FUT Esports;AtaKaptan;3;2;1;All Kills;viper;39;78;2;6;3;-4;0,78;49;0,13;0;1;-1;defend;FUT Esports;0;2;FUT Esports won;7;0;1;0;10;1;2;0
Champions Tour 2024: EMEA Stage 1;Regular Season;Week 1;Team Liquid vs FUT Esports;Icebox;Team Liquid;Mistic;FUT Esports;MrFaliN;3;3;0;All Kills;harbor;6;128;10;16;3;-6;0,62;79;0,26;3;0;3;both;FUT Esports;0;2;FUT Esports won;7;0;1;0;10;1;2;0
Champions Tour 2024: EMEA Stage 1;Regular Season;Week 1;Team Liquid vs FUT Esports;Icebox;Team Liquid;Jamppi;FUT Esports;yetujey;0;4;-4;First Kills;killjoy;89;194;8;9;2;-1;0,67;116;0,24;0;2;-2;attack;FUT Esports;0;2;FUT Esports won;7;0;1;0;10;1;2;0
Champions Tour 2024: EMEA Stage 1;Regular Season;Week 1;Team Liquid vs FUT Esports;Icebox;Team Liquid;Enzo;FUT Esports;qRaxs;1;1;0;First Kills;gekko;135;254;8;6;5;2;0,78;174;0,29;1;0;1;defend;FUT Esports;0;2;FUT Esports won;7;0;1;0;10;1;2;0
Champions Tour 2024: EMEA Stage 1;Regular Season;Week 1;Team Liquid vs FUT Esports;Icebox;Team Liquid;Mistic;FUT Esports;MrFaliN;1;0;1;First Kills;harbor;6;128;10;16;3;-6;0,62;79;0,26;3;0;3;both;FUT Esports;0;2;FUT Esports won;7;0;1;0;10;1;2;0
Champions Tour 2024: EMEA Stage 1;Regular Season;Week 1;Team Liquid vs FUT Esports;Icebox;Team Liquid;nAts;FUT Esports;cNed;0;1;-1;Op Kills;viper;127;267;12;10;3;2;0,58;155;0,53;1;1;0;attack;FUT Esports;0;2;FUT Esports won;7;0;1;0;10;1;2;0
Champions Tour 2024: EMEA Stage 1;Regular Season;Week 2;Team Liquid vs Natus Vincere;Lotus;Team Liquid;Mistic;Natus Vincere;SUYGETSU;4;2;2;All Kills;omen;176;313;13;6;7;7;1;240;0,37;3;0;3;defend;Natus Vincere;1;2;Natus Vincere won;6;2;4;1;2;2;5;1
Champions Tour 2024: EMEA Stage 1;Regular Season;Week 2;Team Liquid vs Natus Vincere;Lotus;Team Liquid;Enzo;Natus Vincere;Zyppan;1;3;-2;All Kills;sova;89;172;12;14;7;-2;0,78;107;0,12;4;1;3;both;Natus Vincere;1;2;Natus Vincere won;6;2;4;1;2;2;5;1
Champions Tour 2024: EMEA Stage 1;Regular Season;Week 2;Team Liquid vs Natus Vincere;Lotus;Team Liquid;Keiko;Natus Vincere;Zyppan;5;3;2;All Kills;raze;121;239;10;8;2;2;0,73;167;0,45;1;1;0;attack;Natus Vincere;1;2;Natus Vincere won;6;2;4;1;2;2;5;1
Champions Tour 2024: EMEA Stage 1;Regular Season;Week 2;Team Liquid vs Natus Vincere;Lotus;Team Liquid;Jamppi;Natus Vincere;Zyppan;1;3;-2;All Kills;breach;149;301;13;9;6;4;0,92;192;0,52;2;0;2;defend;Natus Vincere;1;2;Natus Vincere won;6;2;4;1;2;2;5;1
Champions Tour 2024: EMEA Stage 1;Regular Season;Week 2;Team Liquid vs Natus Vincere;Lotus;Team Liquid;Mistic;Natus Vincere;ANGE1;0;1;-1;First Kills;omen;116;202;16;14;12;2;0,83;150;0,32;3;2;1;both;Natus Vincere;1;2;Natus Vincere won;6;2;4;1;2;2;5;1
Champions Tour 2024: EMEA Stage 1;Regular Season;Week 2;Team Liquid vs Natus Vincere;Lotus;Team Liquid;Enzo;Natus Vincere;SUYGETSU;0;1;-1;First Kills;sova;113;229;8;8;2;0;0,73;134;0,1;3;0;3;attack;Natus Vincere;1;2;Natus Vincere won;6;2;4;1;2;2;5;1
Champions Tour 2024: EMEA Stage 1;Regular Season;Week 2;Team Liquid vs Natus Vincere;Lotus;Team Liquid;Jamppi;Natus Vincere;ardiis;1;0;1;First Kills;breach;149;301;13;9;6;4;0,92;192;0,52;2;0;2;defend;Natus Vincere;1;2;Natus Vincere won;6;2;4;1;2;2;5;1
Champions Tour 2024: EMEA Stage 1;Regular Season;Week 2;Team Liquid vs Natus Vincere;Lotus;Team Liquid;Keiko;Natus Vincere;Zyppan;1;0;1;Op Kills;raze;114;215;17;15;6;2;0,74;152;0,3;2;4;-2;both;Natus Vincere;1;2;Natus Vincere won;6;2;4;1;2;2;5;1
Champions Tour 2024: EMEA Stage 1;Regular Season;Week 2;Team Liquid vs Natus Vincere;Split;Team Liquid;Mistic;Natus Vincere;Zyppan;4;4;0;All Kills;omen;143;339;14;8;6;6;0,83;223;0,36;1;0;1;attack;Natus Vincere;1;2;Natus Vincere won;7;3;0;1;9;4;0;0
Champions Tour 2024: EMEA Stage 1;Regular Season;Week 2;Team Liquid vs Natus Vincere;Split;Team Liquid;Enzo;Natus Vincere;Zyppan;2;1;1;All Kills;cypher;44;147;5;11;1;-6;0,42;111;0,23;1;2;-1;defend;Natus Vincere;1;2;Natus Vincere won;7;3;0;1;9;4;0;0
Champions Tour 2024: EMEA Stage 1;Regular Season;Week 2;Team Liquid vs Natus Vincere;Split;Team Liquid;Jamppi;Natus Vincere;ardiis;1;2;-1;All Kills;skye;66;131;11;18;4;-7;0,75;92;0,23;1;1;0;both;Natus Vincere;1;2;Natus Vincere won;7;3;0;1;9;4;0;0
Champions Tour 2024: EMEA Stage 1;Regular Season;Week 2;Team Liquid vs Natus Vincere;Split;Team Liquid;nAts;Natus Vincere;ardiis;5;3;2;All Kills;viper;148;291;13;7;3;6;0,83;179;0,26;2;1;1;attack;Natus Vincere;1;2;Natus Vincere won;7;3;0;1;9;4;0;0
Champions Tour 2024: EMEA Stage 1;Regular Season;Week 2;Team Liquid vs Natus Vincere;Split;Team Liquid;Mistic;Natus Vincere;Shao;0;1;-1;First Kills;omen;32;87;3;11;7;-8;0,67;50;0,15;0;4;-4;defend;Natus Vincere;1;2;Natus Vincere won;7;3;0;1;9;4;0;0
Champions Tour 2024: EMEA Stage 1;Regular Season;Week 2;Team Liquid vs Natus Vincere;Split;Team Liquid;Keiko;Natus Vincere;Shao;2;1;1;First Kills;raze;124;256;22;16;4;6;0,79;171;0,27;5;3;2;both;Natus Vincere;1;2;Natus Vincere won;7;3;0;1;9;4;0;0
Champions Tour 2024: EMEA Stage 1;Regular Season;Week 2;Team Liquid vs Natus Vincere;Split;Team Liquid;Jamppi;Natus Vincere;Zyppan;0;1;-1;First Kills;skye;63;109;5;7;2;-2;0,83;70;0,2;1;1;0;attack;Natus Vincere;1;2;Natus Vincere won;7;3;0;1;9;4;0;0
Champions Tour 2024: EMEA Stage 1;Regular Season;Week 2;Team Liquid vs Natus Vincere;Ascent;Team Liquid;Mistic;Natus Vincere;ardiis;3;3;0;All Kills;omen;42;158;6;12;3;-6;0,67;99;0,26;2;0;2;defend;Natus Vincere;1;2;Natus Vincere won;4;0;1;0;11;2;0;0
Champions Tour 2024: EMEA Stage 1;Regular Season;Week 2;Team Liquid vs Natus Vincere;Ascent;Team Liquid;Enzo;Natus Vincere;Shao;4;3;1;All Kills;sova;127;301;17;15;5;2;0,67;195;0,23;4;2;2;both;Natus Vincere;1;2;Natus Vincere won;4;0;1;0;11;2;0;0
Champions Tour 2024: EMEA Stage 1;Regular Season;Week 2;Team Liquid vs Natus Vincere;Ascent;Team Liquid;Keiko;Natus Vincere;Shao;0;2;-2;All Kills;yoru;27;99;2;5;0;-3;0,33;60;0,22;0;2;-2;attack;Natus Vincere;1;2;Natus Vincere won;4;0;1;0;11;2;0;0
Champions Tour 2024: EMEA Stage 1;Regular Season;Week 2;Team Liquid vs Natus Vincere;Ascent;Team Liquid;Jamppi;Natus Vincere;Shao;3;1;2;All Kills;viper;89;218;9;10;5;-1;0,67;149;0,5;0;2;-2;defend;Natus Vincere;1;2;Natus Vincere won;4;0;1;0;11;2;0;0
Champions Tour 2024: EMEA Stage 1;Regular Season;Week 2;Team Liquid vs Natus Vincere;Ascent;Team Liquid;nAts;Natus Vincere;ANGE1;2;2;0;All Kills;cypher;73;152;10;13;1;-3;0,56;100;0,37;1;1;0;both;Natus Vincere;1;2;Natus Vincere won;4;0;1;0;11;2;0;0
Champions Tour 2024: EMEA Stage 1;Regular Season;Week 2;Team Liquid vs Natus Vincere;Ascent;Team Liquid;Enzo;Natus Vincere;ardiis;2;1;1;First Kills;sova;62;163;4;5;0;-1;0,5;102;0,14;0;2;-2;attack;Natus Vincere;1;2;Natus Vincere won;4;0;1;0;11;2;0;0
Champions Tour 2024: EMEA Stage 1;Regular Season;Week 2;Team Liquid vs Natus Vincere;Ascent;Team Liquid;Keiko;Natus Vincere;SUYGETSU;0;1;-1;First Kills;yoru;89;197;8;10;3;-2;0,58;125;0,33;2;1;1;defend;Natus Vincere;1;2;Natus Vincere won;4;0;1;0;11;2;0;0
Champions Tour 2024: EMEA Stage 1;Regular Season;Week 2;FNATIC vs GIANTX;Bind;FNATIC;Alfajer;GIANTX;Redgar;4;2;2;All Kills;viper;144;231;15;9;10;6;0,83;165;0,41;0;1;-1;both;GIANTX;2;1;FNATIC won;10;2;1;0;3;0;2;0
Champions Tour 2024: EMEA Stage 1;Regular Season;Week 2;FNATIC vs GIANTX;Bind;FNATIC;Derke;GIANTX;Redgar;3;3;0;All Kills;raze;84;280;11;10;1;1;0,67;174;0,19;3;4;-1;attack;GIANTX;2;1;FNATIC won;10;2;1;0;3;0;2;0
Champions Tour 2024: EMEA Stage 1;Regular Season;Week 2;FNATIC vs GIANTX;Bind;FNATIC;Chronicle;GIANTX;Redgar;2;1;1;All Kills;skye;153;283;6;3;2;3;1;184;0,21;2;0;2;defend;GIANTX;2;1;FNATIC won;10;2;1;0;3;0;2;0
Champions Tour 2024: EMEA Stage 1;Regular Season;Week 2;FNATIC vs GIANTX;Bind;FNATIC;Boaster;GIANTX;Cloud;3;1;2;All Kills;brimstone;165;240;16;6;8;10;0,94;135;0,32;1;1;0;both;GIANTX;2;1;FNATIC won;10;2;1;0;3;0;2;0
Champions Tour 2024: EMEA Stage 1;Regular Season;Week 2;FNATIC vs GIANTX;Bind;FNATIC;Leo;GIANTX;Cloud;5;0;5;All Kills;gekko;91;175;7;8;5;-1;0,67;109;0,12;0;1;-1;attack;GIANTX;2;1;FNATIC won;10;2;1;0;3;0;2;0
Champions Tour 2024: EMEA Stage 1;Regular Season;Week 2;FNATIC vs GIANTX;Bind;FNATIC;Derke;GIANTX;Redgar;0;2;-2;First Kills;raze;102;131;4;2;0;2;1;89;0,08;1;0;1;defend;GIANTX;2;1;FNATIC won;10;2;1;0;3;0;2;0
Champions Tour 2024: EMEA Stage 1;Regular Season;Week 2;FNATIC vs GIANTX;Bind;FNATIC;Chronicle;GIANTX;purp0;0;1;-1;First Kills;skye;109;201;12;11;7;1;0,94;131;0,28;2;2;0;both;GIANTX;2;1;FNATIC won;10;2;1;0;3;0;2;0
Champions Tour 2024: EMEA Stage 1;Regular Season;Week 2;FNATIC vs GIANTX;Bind;FNATIC;Leo;GIANTX;hoody;0;1;-1;First Kills;gekko;91;175;7;8;5;-1;0,67;109;0,12;0;1;-1;attack;GIANTX;2;1;FNATIC won;10;2;1;0;3;0;2;0
Champions Tour 2024: EMEA Stage 1;Regular Season;Week 2;FNATIC vs GIANTX;Breeze;FNATIC;Alfajer;GIANTX;hoody;3;3;0;All Kills;cypher;107;179;4;4;0;0;0,67;140;0,57;0;0;0;defend;GIANTX;2;1;FNATIC won;3;1;1;0;9;1;3;0
Champions Tour 2024: EMEA Stage 1;Regular Season;Week 2;FNATIC vs GIANTX;Breeze;FNATIC;Chronicle;GIANTX;Redgar;1;2;-1;All Kills;kayo;69;186;11;15;3;-4;0,61;111;0,24;2;2;0;both;GIANTX;2;1;FNATIC won;3;1;1;0;9;1;3;0
Champions Tour 2024: EMEA Stage 1;Regular Season;Week 2;FNATIC vs GIANTX;Breeze;FNATIC;Boaster;GIANTX;Redgar;1;6;-5;All Kills;viper;28;91;1;10;5;-9;0,5;77;0,15;0;2;-2;attack;GIANTX;2;1;FNATIC won;3;1;1;0;9;1;3;0
Champions Tour 2024: EMEA Stage 1;Regular Season;Week 2;FNATIC vs GIANTX;Breeze;FNATIC;Leo;GIANTX;Redgar;1;1;0;All Kills;sova;35;146;3;5;1;-2;0,67;112;0,25;0;1;-1;defend;GIANTX;2;1;FNATIC won;3;1;1;0;9;1;3;0
Champions Tour 2024: EMEA Stage 1;Regular Season;Week 2;FNATIC vs GIANTX;Breeze;FNATIC;Alfajer;GIANTX;hoody;0;1;-1;First Kills;cypher;11;243;15;15;1;0;0,61;155;0,35;2;2;0;both;GIANTX;2;1;FNATIC won;3;1;1;0;9;1;3;0
Champions Tour 2024: EMEA Stage 1;Regular Season;Week 2;FNATIC vs GIANTX;Breeze;FNATIC;Chronicle;GIANTX;Fit1nho;2;0;2;First Kills;kayo;93;236;10;10;1;0;0,67;134;0,3;2;1;1;attack;GIANTX;2;1;FNATIC won;3;1;1;0;9;1;3;0
Champions Tour 2024: EMEA Stage 1;Regular Season;Week 2;FNATIC vs GIANTX;Breeze;FNATIC;Leo;GIANTX;Cloud;0;1;-1;First Kills;sova;35;146;3;5;1;-2;0,67;112;0,25;0;1;-1;defend;GIANTX;2;1;FNATIC won;3;1;1;0;9;1;3;0
Champions Tour 2024: EMEA Stage 1;Regular Season;Week 2;FNATIC vs GIANTX;Split;FNATIC;Alfajer;GIANTX;hoody;2;3;-1;All Kills;raze;151;281;21;11;1;10;0,75;183;0,35;4;6;-2;both;GIANTX;2;1;FNATIC won;8;3;1;1;3;2;1;1
Champions Tour 2024: EMEA Stage 1;Regular Season;Week 2;FNATIC vs GIANTX;Split;FNATIC;Derke;GIANTX;hoody;1;4;-3;All Kills;yoru;63;158;7;8;0;-1;0,67;108;0,1;0;3;-3;attack;GIANTX;2;1;FNATIC won;8;3;1;1;3;2;1;1
Champions Tour 2024: EMEA Stage 1;Regular Season;Week 2;FNATIC vs GIANTX;Split;FNATIC;Chronicle;GIANTX;hoody;4;1;3;All Kills;cypher;115;277;7;5;2;2;0,75;160;0,22;1;0;1;defend;GIANTX;2;1;FNATIC won;8;3;1;1;3;2;1;1
Champions Tour 2024: EMEA Stage 1;Regular Season;Week 2;FNATIC vs GIANTX;Split;FNATIC;Leo;GIANTX;Redgar;1;1;0;All Kills;breach;14;196;13;6;9;7;0,95;130;0,4;1;0;1;both;GIANTX;2;1;FNATIC won;8;3;1;1;3;2;1;1
Champions Tour 2024: EMEA Stage 1;Regular Season;Week 2;FNATIC vs GIANTX;Split;FNATIC;Alfajer;GIANTX;Redgar;1;0;1;First Kills;raze;175;306;14;6;1;8;0,75;199;0,33;1;4;-3;attack;GIANTX;2;1;FNATIC won;8;3;1;1;3;2;1;1
Champions Tour 2024: EMEA Stage 1;Regular Season;Week 2;FNATIC vs GIANTX;Split;FNATIC;Derke;GIANTX;purp0;1;1;0;First Kills;yoru;86;165;5;4;0;1;0,63;116;0,31;1;0;1;defend;GIANTX;2;1;FNATIC won;8;3;1;1;3;2;1;1
Champions Tour 2024: EMEA Stage 1;Regular Season;Week 3;Team Liquid vs GIANTX;Lotus;Team Liquid;Enzo;GIANTX;purp0;5;4;1;All Kills;sova;101;200;18;19;9;-1;0,67;135;0,16;3;3;0;both;GIANTX;2;1;Team Liquid won;9;1;3;1;11;3;2;0
Champions Tour 2024: EMEA Stage 1;Regular Season;Week 3;Team Liquid vs GIANTX;Lotus;Team Liquid;Jamppi;GIANTX;purp0;4;3;1;All Kills;breach;96;168;8;11;10;-3;0,8;113;0,22;2;1;1;attack;GIANTX;2;1;Team Liquid won;9;1;3;1;11;3;2;0
Champions Tour 2024: EMEA Stage 1;Regular Season;Week 3;Team Liquid vs GIANTX;Lotus;Team Liquid;Keiko;GIANTX;purp0;5;3;2;All Kills;raze;117;277;15;10;2;5;0,67;170;0,32;3;3;0;defend;GIANTX;2;1;Team Liquid won;9;1;3;1;11;3;2;0
Champions Tour 2024: EMEA Stage 1;Regular Season;Week 3;Team Liquid vs GIANTX;Lotus;Team Liquid;Mistic;GIANTX;Redgar;3;3;0;All Kills;omen;106;206;23;18;5;5;0,63;135;0,43;2;3;-1;both;GIANTX;2;1;Team Liquid won;9;1;3;1;11;3;2;0
Champions Tour 2024: EMEA Stage 1;Regular Season;Week 3;Team Liquid vs GIANTX;Lotus;Team Liquid;nAts;GIANTX;Redgar;5;0;5;All Kills;cypher;81;154;8;12;4;-4;0,87;123;0,19;0;1;-1;attack;GIANTX;2;1;Team Liquid won;9;1;3;1;11;3;2;0
Champions Tour 2024: EMEA Stage 1;Regular Season;Week 3;Team Liquid vs GIANTX;Lotus;Team Liquid;Enzo;GIANTX;Fit1nho;1;0;1;First Kills;sova;99;233;9;9;6;0;0,8;154;0,07;2;1;1;defend;GIANTX;2;1;Team Liquid won;9;1;3;1;11;3;2;0
Champions Tour 2024: EMEA Stage 1;Regular Season;Week 3;Team Liquid vs GIANTX;Lotus;Team Liquid;Keiko;GIANTX;purp0;3;0;3;First Kills;raze;101;235;25;22;6;3;0,63;156;0,31;6;6;0;both;GIANTX;2;1;Team Liquid won;9;1;3;1;11;3;2;0
Champions Tour 2024: EMEA Stage 1;Regular Season;Week 3;Team Liquid vs GIANTX;Lotus;Team Liquid;Mistic;GIANTX;Fit1nho;0;1;-1;First Kills;omen;114;221;13;11;5;2;0,6;134;0,33;1;1;0;attack;GIANTX;2;1;Team Liquid won;9;1;3;1;11;3;2;0
Champions Tour 2024: EMEA Stage 1;Regular Season;Week 3;Team Liquid vs GIANTX;Lotus;Team Liquid;Keiko;GIANTX;Fit1nho;1;0;1;Op Kills;raze;117;277;15;10;2;5;0,67;170;0,32;3;3;0;defend;GIANTX;2;1;Team Liquid won;9;1;3;1;11;3;2;0
Champions Tour 2024: EMEA Stage 1;Regular Season;Week 3;Team Liquid vs GIANTX;Icebox;Team Liquid;Enzo;GIANTX;Cloud;3;2;1;All Kills;killjoy;82;130;10;11;3;-1;0,8;86;0,3;1;3;-2;both;GIANTX;2;1;Team Liquid won;10;2;1;0;5;2;0;0
Champions Tour 2024: EMEA Stage 1;Regular Season;Week 3;Team Liquid vs GIANTX;Icebox;Team Liquid;Jamppi;GIANTX;Cloud;3;1;2;All Kills;sova;24;80;3;9;2;-6;0,5;48;0,08;0;1;-1;attack;GIANTX;2;1;Team Liquid won;10;2;1;0;5;2;0;0
Champions Tour 2024: EMEA Stage 1;Regular Season;Week 3;Team Liquid vs GIANTX;Icebox;Team Liquid;Keiko;GIANTX;Cloud;3;2;1;All Kills;jett;9;204;6;5;0;1;0,63;132;0,5;1;1;0;defend;GIANTX;2;1;Team Liquid won;10;2;1;0;5;2;0;0
Champions Tour 2024: EMEA Stage 1;Regular Season;Week 3;Team Liquid vs GIANTX;Icebox;Team Liquid;nAts;GIANTX;hoody;3;5;-2;All Kills;viper;152;278;19;11;11;8;0,9;199;0,21;2;1;1;both;GIANTX;2;1;Team Liquid won;10;2;1;0;5;2;0;0
Champions Tour 2024: EMEA Stage 1;Regular Season;Week 3;Team Liquid vs GIANTX;Icebox;Team Liquid;Enzo;GIANTX;hoody;1;1;0;First Kills;killjoy;9;129;6;6;2;0;0,75;88;0,31;1;2;-1;attack;GIANTX;2;1;Team Liquid won;10;2;1;0;5;2;0;0
Champions Tour 2024: EMEA Stage 1;Regular Season;Week 3;Team Liquid vs GIANTX;Icebox;Team Liquid;Keiko;GIANTX;purp0;2;1;1;First Kills;jett;9;204;6;5;0;1;0,63;132;0,5;1;1;0;defend;GIANTX;2;1;Team Liquid won;10;2;1;0;5;2;0;0
Champions Tour 2024: EMEA Stage 1;Regular Season;Week 3;Team Liquid vs GIANTX;Icebox;Team Liquid;nAts;GIANTX;Redgar;1;1;0;First Kills;viper;152;278;19;11;11;8;0,9;199;0,21;2;1;1;both;GIANTX;2;1;Team Liquid won;10;2;1;0;5;2;0;0
Champions Tour 2024: EMEA Stage 1;Regular Season;Week 3;Team Liquid vs GIANTX;Ascent;Team Liquid;Enzo;GIANTX;hoody;2;3;-1;All Kills;sova;109;219;9;9;3;0;0,5;144;0,29;0;0;0;attack;GIANTX;2;1;Team Liquid won;12;0;1;0;9;1;0;1
Champions Tour 2024: EMEA Stage 1;Regular Season;Week 3;Team Liquid vs GIANTX;Ascent;Team Liquid;Jamppi;GIANTX;hoody;3;0;3;All Kills;viper;202;353;16;4;2;12;1;231;0,28;1;0;1;defend;GIANTX;2;1;Team Liquid won;12;0;1;0;9;1;0;1
Champions Tour 2024: EMEA Stage 1;Regular Season;Week 3;Team Liquid vs GIANTX;Ascent;Team Liquid;Keiko;GIANTX;purp0;0;2;-2;All Kills;yoru;97;176;16;16;10;0;0,71;113;0,23;5;6;-1;both;GIANTX;2;1;Team Liquid won;12;0;1;0;9;1;0;1
Champions Tour 2024: EMEA Stage 1;Regular Season;Week 3;Team Liquid vs GIANTX;Ascent;Team Liquid;Mistic;GIANTX;purp0;3;4;-1;All Kills;omen;79;160;6;10;5;-4;0,67;107;0,18;0;1;-1;attack;GIANTX;2;1;Team Liquid won;12;0;1;0;9;1;0;1
Champions Tour 2024: EMEA Stage 1;Regular Season;Week 3;Team Liquid vs GIANTX;Ascent;Team Liquid;nAts;GIANTX;purp0;5;4;1;All Kills;cypher;96;222;10;8;4;2;0,83;129;0,25;2;1;1;defend;GIANTX;2;1;Team Liquid won;12;0;1;0;9;1;0;1
Champions Tour 2024: EMEA Stage 1;Regular Season;Week 3;Team Liquid vs GIANTX;Ascent;Team Liquid;Keiko;GIANTX;hoody;1;1;0;First Kills;yoru;97;176;16;16;10;0;0,71;113;0,23;5;6;-1;both;GIANTX;2;1;Team Liquid won;12;0;1;0;9;1;0;1
Champions Tour 2024: EMEA Stage 1;Regular Season;Week 3;Team Liquid vs GIANTX;Ascent;Team Liquid;Mistic;GIANTX;purp0;0;1;-1;First Kills;omen;79;160;6;10;5;-4;0,67;107;0,18;0;1;-1;attack;GIANTX;2;1;Team Liquid won;12;0;1;0;9;1;0;1
Champions Tour 2024: EMEA Stage 1;Regular Season;Week 3;Team Liquid vs GIANTX;Ascent;Team Liquid;Enzo;GIANTX;purp0;0;2;-2;Op Kills;sova;184;247;11;3;12;8;0,75;140;0,09;0;0;0;defend;GIANTX;2;1;Team Liquid won;12;0;1;0;9;1;0;1
Champions Tour 2024: EMEA Stage 1;Regular Season;Week 3;Team Liquid vs GIANTX;Ascent;Team Liquid;nAts;GIANTX;purp0;0;2;-2;Op Kills;cypher;61;147;13;18;8;-5;0,75;93;0,26;2;4;-2;both;GIANTX;2;1;Team Liquid won;12;0;1;0;9;1;0;1
Champions Tour 2024: EMEA Stage 1;Regular Season;Week 3;FNATIC vs KOI;Bind;FNATIC;Alfajer;KOI;ShadoW;3;3;0;All Kills;viper;135;239;12;5;0;7;0,92;163;0,42;0;0;0;attack;KOI;2;0;FNATIC won;10;1;2;0;8;2;1;0
Champions Tour 2024: EMEA Stage 1;Regular Season;Week 3;FNATIC vs KOI;Bind;FNATIC;Chronicle;KOI;ShadoW;4;0;4;All Kills;skye;89;208;8;10;3;-2;0,67;143;0,31;1;1;0;defend;KOI;2;0;FNATIC won;10;1;2;0;8;2;1;0
Champions Tour 2024: EMEA Stage 1;Regular Season;Week 3;FNATIC vs KOI;Bind;FNATIC;Leo;KOI;starxo;3;2;1;All Kills;gekko;118;188;17;12;6;5;0,75;127;0,28;0;1;-1;both;KOI;2;0;FNATIC won;10;1;2;0;8;2;1;0
Champions Tour 2024: EMEA Stage 1;Regular Season;Week 3;FNATIC vs KOI;Bind;FNATIC;Derke;KOI;starxo;4;3;1;All Kills;raze;182;430;18;8;4;10;0,92;281;0,31;7;3;4;attack;KOI;2;0;FNATIC won;10;1;2;0;8;2;1;0
Champions Tour 2024: EMEA Stage 1;Regular Season;Week 3;FNATIC vs KOI;Bind;FNATIC;Alfajer;KOI;starxo;0;1;-1;First Kills;viper;28;120;3;12;1;-9;0,42;83;0,5;0;1;-1;defend;KOI;2;0;FNATIC won;10;1;2;0;8;2;1;0
Champions Tour 2024: EMEA Stage 1;Regular Season;Week 3;FNATIC vs KOI;Bind;FNATIC;Boaster;KOI;ShadoW;1;1;0;First Kills;brimstone;85;107;7;13;10;-6;0,71;69;0,08;3;3;0;both;KOI;2;0;FNATIC won;10;1;2;0;8;2;1;0
Champions Tour 2024: EMEA Stage 1;Regular Season;Week 3;FNATIC vs KOI;Bind;FNATIC;Derke;KOI;grubinho;1;0;1;First Kills;raze;182;430;18;8;4;10;0,92;281;0,31;7;3;4;attack;KOI;2;0;FNATIC won;10;1;2;0;8;2;1;0
Champions Tour 2024: EMEA Stage 1;Regular Season;Week 3;FNATIC vs KOI;Icebox;FNATIC;Alfajer;KOI;kamo;4;2;2;All Kills;killjoy;243;400;8;2;1;6;1;218;0,47;0;0;0;defend;KOI;2;0;FNATIC won;7;2;3;1;2;0;2;0
Champions Tour 2024: EMEA Stage 1;Regular Season;Week 3;FNATIC vs KOI;Icebox;FNATIC;Chronicle;KOI;grubinho;3;1;2;All Kills;sage;139;191;14;6;6;8;0,82;117;0,16;1;1;0;both;KOI;2;0;FNATIC won;7;2;3;1;2;0;2;0
Champions Tour 2024: EMEA Stage 1;Regular Season;Week 3;FNATIC vs KOI;Icebox;FNATIC;Boaster;KOI;grubinho;0;5;-5;All Kills;viper;76;120;4;8;8;-4;0,75;68;0;0;0;0;attack;KOI;2;0;FNATIC won;7;2;3;1;2;0;2;0
Champions Tour 2024: EMEA Stage 1;Regular Season;Week 3;FNATIC vs KOI;Icebox;FNATIC;Leo;KOI;grubinho;6;1;5;All Kills;sova;104;76;1;1;3;0;1;64;0,67;0;0;0;defend;KOI;2;0;FNATIC won;7;2;3;1;2;0;2;0
Champions Tour 2024: EMEA Stage 1;Regular Season;Week 3;FNATIC vs KOI;Icebox;FNATIC;Derke;KOI;ShadoW;6;2;4;All Kills;jett;128;328;20;14;4;6;0,76;229;0,37;6;4;2;both;KOI;2;0;FNATIC won;7;2;3;1;2;0;2;0
Champions Tour 2024: EMEA Stage 1;Regular Season;Week 3;FNATIC vs KOI;Icebox;FNATIC;Chronicle;KOI;kamo;0;1;-1;First Kills;sage;146;185;9;4;5;5;0,83;119;0,14;1;0;1;attack;KOI;2;0;FNATIC won;7;2;3;1;2;0;2;0
Champions Tour 2024: EMEA Stage 1;Regular Season;Week 3;FNATIC vs KOI;Icebox;FNATIC;Derke;KOI;grubinho;0;1;-1;First Kills;jett;23;599;11;4;0;7;0,8;333;0,28;4;0;4;defend;KOI;2;0;FNATIC won;7;2;3;1;2;0;2;0
Champions Tour 2024: EMEA Stage 1;Regular Season;Week 4;Team Liquid vs Team Heretics;Sunset;Team Liquid;Enzo;Team Heretics;benjyfishy;1;1;0;All Kills;gekko;74;166;6;11;7;-5;0,67;130;0,16;1;0;1;both;Team Heretics;0;2;Team Heretics won;0;0;1;1;7;4;2;0
Champions Tour 2024: EMEA Stage 1;Regular Season;Week 4;Team Liquid vs Team Heretics;Sunset;Team Liquid;Keiko;Team Heretics;benjyfishy;1;1;0;All Kills;yoru;2;9;0;3;0;-3;0,33;9;0;0;1;-1;attack;Team Heretics;0;2;Team Heretics won;0;0;1;1;7;4;2;0
Champions Tour 2024: EMEA Stage 1;Regular Season;Week 4;Team Liquid vs Team Heretics;Sunset;Team Liquid;Jamppi;Team Heretics;benjyfishy;0;4;-4;All Kills;sova;83;200;8;10;3;-2;0,75;155;0,32;0;0;0;defend;Team Heretics;0;2;Team Heretics won;0;0;1;1;7;4;2;0
Champions Tour 2024: EMEA Stage 1;Regular Season;Week 4;Team Liquid vs Team Heretics;Sunset;Team Liquid;nAts;Team Heretics;RieNs;1;3;-2;All Kills;cypher;53;155;7;12;2;-5;0,67;110;0,38;1;2;-1;both;Team Heretics;0;2;Team Heretics won;0;0;1;1;7;4;2;0
Champions Tour 2024: EMEA Stage 1;Regular Season;Week 4;Team Liquid vs Team Heretics;Sunset;Team Liquid;Keiko;Team Heretics;Wo0t;0;1;-1;First Kills;yoru;2;9;0;3;0;-3;0,33;9;0;0;1;-1;attack;Team Heretics;0;2;Team Heretics won;0;0;1;1;7;4;2;0
Champions Tour 2024: EMEA Stage 1;Regular Season;Week 4;Team Liquid vs Team Heretics;Sunset;Team Liquid;Mistic;Team Heretics;MiniBoo;1;1;0;First Kills;omen;45;105;4;8;3;-4;0,58;65;0,25;1;1;0;defend;Team Heretics;0;2;Team Heretics won;0;0;1;1;7;4;2;0
Champions Tour 2024: EMEA Stage 1;Regular Season;Week 4;Team Liquid vs Team Heretics;Bind;Team Liquid;Enzo;Team Heretics;MiniBoo;1;5;-4;All Kills;gekko;33;70;5;16;4;-11;0,4;60;0,12;0;5;-5;both;Team Heretics;0;2;Team Heretics won;5;1;1;0;8;1;3;1
Champions Tour 2024: EMEA Stage 1;Regular Season;Week 4;Team Liquid vs Team Heretics;Bind;Team Liquid;Keiko;Team Heretics;MiniBoo;2;3;-1;All Kills;raze;94;210;8;10;2;-2;0,58;118;0,21;2;2;0;attack;Team Heretics;0;2;Team Heretics won;5;1;1;0;8;1;3;1
Champions Tour 2024: EMEA Stage 1;Regular Season;Week 4;Team Liquid vs Team Heretics;Bind;Team Liquid;Jamppi;Team Heretics;MiniBoo;0;5;-5;All Kills;kayo;38;99;2;6;3;-4;0,63;76;0,06;0;1;-1;defend;Team Heretics;0;2;Team Heretics won;5;1;1;0;8;1;3;1
Champions Tour 2024: EMEA Stage 1;Regular Season;Week 4;Team Liquid vs Team Heretics;Bind;Team Liquid;Mistic;Team Heretics;benjyfishy;2;3;-1;All Kills;harbor;93;181;11;15;10;-4;0,8;116;0,25;0;1;-1;both;Team Heretics;0;2;Team Heretics won;5;1;1;0;8;1;3;1
Champions Tour 2024: EMEA Stage 1;Regular Season;Week 4;Team Liquid vs Team Heretics;Bind;Team Liquid;nAts;Team Heretics;benjyfishy;2;5;-3;All Kills;viper;166;265;12;6;2;6;0,67;164;0,39;1;2;-1;attack;Team Heretics;0;2;Team Heretics won;5;1;1;0;8;1;3;1
Champions Tour 2024: EMEA Stage 1;Regular Season;Week 4;Team Liquid vs Team Heretics;Bind;Team Liquid;Keiko;Team Heretics;RieNs;3;0;3;First Kills;raze;155;393;10;7;3;3;1;247;0,25;3;0;3;defend;Team Heretics;0;2;Team Heretics won;5;1;1;0;8;1;3;1
Champions Tour 2024: EMEA Stage 1;Regular Season;Week 4;Team Liquid vs Team Heretics;Bind;Team Liquid;Mistic;Team Heretics;benjyfishy;0;1;-1;First Kills;harbor;93;181;11;15;10;-4;0,8;116;0,25;0;1;-1;both;Team Heretics;0;2;Team Heretics won;5;1;1;0;8;1;3;1
Champions Tour 2024: EMEA Stage 1;Regular Season;Week 4;FNATIC vs FUT Esports;Split;FNATIC;Chronicle;FUT Esports;qRaxs;4;4;0;All Kills;cypher;155;276;12;7;2;5;0,67;187;0,2;0;0;0;attack;FUT Esports;0;2;FUT Esports won;6;0;0;1;11;0;2;0
Champions Tour 2024: EMEA Stage 1;Regular Season;Week 4;FNATIC vs FUT Esports;Split;FNATIC;Boaster;FUT Esports;qRaxs;5;4;1;All Kills;omen;96;239;6;7;2;-1;0,75;194;0,36;0;1;-1;defend;FUT Esports;0;2;FUT Esports won;6;0;0;1;11;0;2;0
Champions Tour 2024: EMEA Stage 1;Regular Season;Week 4;FNATIC vs FUT Esports;Split;FNATIC;Alfajer;FUT Esports;cNed;3;5;-2;All Kills;raze;94;242;15;17;3;-2;0,7;154;0,23;6;4;2;both;FUT Esports;0;2;FUT Esports won;6;0;0;1;11;0;2;0
Champions Tour 2024: EMEA Stage 1;Regular Season;Week 4;FNATIC vs FUT Esports;Split;FNATIC;Derke;FUT Esports;cNed;5;1;4;All Kills;yoru;86;223;9;10;2;-1;0,58;127;0,3;2;1;1;attack;FUT Esports;0;2;FUT Esports won;6;0;0;1;11;0;2;0
Champions Tour 2024: EMEA Stage 1;Regular Season;Week 4;FNATIC vs FUT Esports;Split;FNATIC;Leo;FUT Esports;cNed;2;6;-4;All Kills;breach;94;217;6;7;3;-1;0,75;115;0,31;0;0;0;defend;FUT Esports;0;2;FUT Esports won;6;0;0;1;11;0;2;0
Champions Tour 2024: EMEA Stage 1;Regular Season;Week 4;FNATIC vs FUT Esports;Split;FNATIC;Boaster;FUT Esports;qRaxs;1;1;0;First Kills;omen;77;164;11;17;9;-6;0,7;116;0,32;1;2;-1;both;FUT Esports;0;2;FUT Esports won;6;0;0;1;11;0;2;0
Champions Tour 2024: EMEA Stage 1;Regular Season;Week 4;FNATIC vs FUT Esports;Split;FNATIC;Alfajer;FUT Esports;AtaKaptan;1;0;1;First Kills;raze;78;223;8;11;2;-3;0,67;146;0,26;4;3;1;attack;FUT Esports;0;2;FUT Esports won;6;0;0;1;11;0;2;0
Champions Tour 2024: EMEA Stage 1;Regular Season;Week 4;FNATIC vs FUT Esports;Split;FNATIC;Boaster;FUT Esports;cNed;0;1;-1;Op Kills;omen;96;239;6;7;2;-1;0,75;194;0,36;0;1;-1;defend;FUT Esports;0;2;FUT Esports won;6;0;0;1;11;0;2;0
Champions Tour 2024: EMEA Stage 1;Regular Season;Week 4;FNATIC vs FUT Esports;Lotus;FNATIC;Chronicle;FUT Esports;MrFaliN;0;6;-6;All Kills;viper;106;222;20;19;9;1;0,68;143;0,21;4;2;2;both;FUT Esports;0;2;FUT Esports won;8;0;4;1;7;3;4;1
Champions Tour 2024: EMEA Stage 1;Regular Season;Week 4;FNATIC vs FUT Esports;Lotus;FNATIC;Boaster;FUT Esports;MrFaliN;3;6;-3;All Kills;omen;158;281;13;9;12;4;0,86;183;0,25;1;0;1;attack;FUT Esports;0;2;FUT Esports won;8;0;4;1;7;3;4;1
Champions Tour 2024: EMEA Stage 1;Regular Season;Week 4;FNATIC vs FUT Esports;Lotus;FNATIC;Alfajer;FUT Esports;MrFaliN;3;2;1;All Kills;killjoy;13;247;12;9;2;3;0,71;157;0,32;3;1;2;defend;FUT Esports;0;2;FUT Esports won;8;0;4;1;7;3;4;1
Champions Tour 2024: EMEA Stage 1;Regular Season;Week 4;FNATIC vs FUT Esports;Lotus;FNATIC;Leo;FUT Esports;yetujey;4;4;0;All Kills;fade;114;217;22;17;7;5;0,89;147;0,42;1;2;-1;both;FUT Esports;0;2;FUT Esports won;8;0;4;1;7;3;4;1
Champions Tour 2024: EMEA Stage 1;Regular Season;Week 4;FNATIC vs FUT Esports;Lotus;FNATIC;Chronicle;FUT Esports;yetujey;1;0;1;First Kills;viper;88;150;7;9;4;-2;0,64;100;0,44;1;1;0;attack;FUT Esports;0;2;FUT Esports won;8;0;4;1;7;3;4;1
Champions Tour 2024: EMEA Stage 1;Regular Season;Week 4;FNATIC vs FUT Esports;Lotus;FNATIC;Boaster;FUT Esports;cNed;0;1;-1;First Kills;omen;43;105;4;11;6;-7;0,71;55;0,04;1;1;0;defend;FUT Esports;0;2;FUT Esports won;8;0;4;1;7;3;4;1
Champions Tour 2024: EMEA Stage 1;Regular Season;Week 4;FNATIC vs FUT Esports;Lotus;FNATIC;Derke;FUT Esports;yetujey;2;1;1;First Kills;raze;111;259;24;21;5;3;0,79;178;0,23;4;7;-3;both;FUT Esports;0;2;FUT Esports won;8;0;4;1;7;3;4;1
Champions Tour 2024: EMEA Stage 1;Regular Season;Week 4;FNATIC vs FUT Esports;Lotus;FNATIC;Alfajer;FUT Esports;qRaxs;1;0;1;Op Kills;killjoy;57;144;7;11;1;-4;0,71;107;0,31;0;1;-1;attack;FUT Esports;0;2;FUT Esports won;8;0;4;1;7;3;4;1
Champions Tour 2024: EMEA Stage 1;Regular Season;Week 5;Team Liquid vs Gentle Mates;Lotus;Team Liquid;nAts;Gentle Mates;beyAz;4;0;4;All Kills;cypher;14;233;5;2;1;3;1;133;0,27;0;0;0;defend;Gentle Mates;2;0;Team Liquid won;5;5;3;0;2;0;2;0
Champions Tour 2024: EMEA Stage 1;Regular Season;Week 5;Team Liquid vs Gentle Mates;Lotus;Team Liquid;Jamppi;Gentle Mates;nataNk;1;2;-1;All Kills;breach;94;201;13;12;8;1;0,88;131;0,34;1;3;-2;both;Gentle Mates;2;0;Team Liquid won;5;5;3;0;2;0;2;0
Champions Tour 2024: EMEA Stage 1;Regular Season;Week 5;Team Liquid vs Gentle Mates;Lotus;Team Liquid;Mistic;Gentle Mates;nataNk;1;1;0;All Kills;omen;34;85;3;10;5;-7;0,58;58;0,33;0;0;0;attack;Gentle Mates;2;0;Team Liquid won;5;5;3;0;2;0;2;0
Champions Tour 2024: EMEA Stage 1;Regular Season;Week 5;Team Liquid vs Gentle Mates;Lotus;Team Liquid;Keiko;Gentle Mates;nataNk;8;2;6;All Kills;raze;216;399;8;3;3;5;0,8;233;0,06;1;0;1;defend;Gentle Mates;2;0;Team Liquid won;5;5;3;0;2;0;2;0
Champions Tour 2024: EMEA Stage 1;Regular Season;Week 5;Team Liquid vs Gentle Mates;Lotus;Team Liquid;Enzo;Gentle Mates;Wailers;3;2;1;All Kills;sova;129;206;11;8;8;3;0,82;152;0,16;1;3;-2;both;Gentle Mates;2;0;Team Liquid won;5;5;3;0;2;0;2;0
Champions Tour 2024: EMEA Stage 1;Regular Season;Week 5;Team Liquid vs Gentle Mates;Lotus;Team Liquid;Mistic;Gentle Mates;TakaS;0;1;-1;First Kills;omen;34;85;3;10;5;-7;0,58;58;0,33;0;0;0;attack;Gentle Mates;2;0;Team Liquid won;5;5;3;0;2;0;2;0
Champions Tour 2024: EMEA Stage 1;Regular Season;Week 5;Team Liquid vs Gentle Mates;Lotus;Team Liquid;Enzo;Gentle Mates;TakaS;0;2;-2;First Kills;sova;155;253;4;2;4;2;0,8;203;0,15;0;1;-1;defend;Gentle Mates;2;0;Team Liquid won;5;5;3;0;2;0;2;0
Champions Tour 2024: EMEA Stage 1;Regular Season;Week 5;Team Liquid vs Gentle Mates;Lotus;Team Liquid;Keiko;Gentle Mates;TakaS;0;1;-1;Op Kills;raze;144;318;20;13;3;7;0,82;198;0,24;6;1;5;both;Gentle Mates;2;0;Team Liquid won;5;5;3;0;2;0;2;0
Champions Tour 2024: EMEA Stage 1;Regular Season;Week 5;Team Liquid vs Gentle Mates;Icebox;Team Liquid;nAts;Gentle Mates;Wailers;5;1;4;All Kills;viper;155;286;16;5;1;11;0,75;165;0,2;0;2;-2;attack;Gentle Mates;2;0;Team Liquid won;11;2;0;0;0;0;2;0
Champions Tour 2024: EMEA Stage 1;Regular Season;Week 5;Team Liquid vs Gentle Mates;Icebox;Team Liquid;Jamppi;Gentle Mates;Wailers;4;1;3;All Kills;chamber;101;228;2;2;2;0;1;145;0;1;1;0;defend;Gentle Mates;2;0;Team Liquid won;11;2;0;0;0;0;2;0
Champions Tour 2024: EMEA Stage 1;Regular Season;Week 5;Team Liquid vs Gentle Mates;Icebox;Team Liquid;Keiko;Gentle Mates;TakaS;2;0;2;All Kills;reyna;109;269;14;10;7;4;0,87;185;0,29;3;4;-1;both;Gentle Mates;2;0;Team Liquid won;11;2;0;0;0;0;2;0
Champions Tour 2024: EMEA Stage 1;Regular Season;Week 5;Team Liquid vs Gentle Mates;Icebox;Team Liquid;Enzo;Gentle Mates;TakaS;3;1;2;All Kills;sova;116;155;6;5;6;1;0,92;130;0,28;0;0;0;attack;Gentle Mates;2;0;Team Liquid won;11;2;0;0;0;0;2;0
Champions Tour 2024: EMEA Stage 1;Regular Season;Week 5;Team Liquid vs Gentle Mates;Icebox;Team Liquid;nAts;Gentle Mates;beyAz;0;1;-1;First Kills;viper;333;409;4;0;5;4;1;310;0,31;0;0;0;defend;Gentle Mates;2;0;Team Liquid won;11;2;0;0;0;0;2;0
Champions Tour 2024: EMEA Stage 1;Regular Season;Week 5;Team Liquid vs Gentle Mates;Icebox;Team Liquid;Keiko;Gentle Mates;TakaS;1;0;1;First Kills;reyna;109;269;14;10;7;4;0,87;185;0,29;3;4;-1;both;Gentle Mates;2;0;Team Liquid won;11;2;0;0;0;0;2;0
Champions Tour 2024: EMEA Stage 1;Regular Season;Week 5;Team Liquid vs Gentle Mates;Icebox;Team Liquid;nAts;Gentle Mates;TakaS;0;1;-1;Op Kills;viper;155;286;16;5;1;11;0,75;165;0,2;0;2;-2;attack;Gentle Mates;2;0;Team Liquid won;11;2;0;0;0;0;2;0
Champions Tour 2024: EMEA Stage 1;Regular Season;Week 5;Team Liquid vs Gentle Mates;Icebox;Team Liquid;Enzo;Gentle Mates;TakaS;1;0;1;Op Kills;sova;21;246;3;0;0;3;1;150;0,5;0;0;0;defend;Gentle Mates;2;0;Team Liquid won;11;2;0;0;0;0;2;0
Champions Tour 2024: EMEA Stage 1;Playoffs;Knockout Round;FNATIC vs Team Liquid;Ascent;FNATIC;Leo;Team Liquid;Jamppi;4;2;2;All Kills;sova;164;323;26;15;12;11;0,88;215;0,29;1;0;1;both;Team Liquid;2;1;FNATIC won;6;0;6;1;9;0;2;0
Champions Tour 2024: EMEA Stage 1;Playoffs;Knockout Round;FNATIC vs Team Liquid;Ascent;FNATIC;Chronicle;Team Liquid;Jamppi;3;3;0;All Kills;kayo;71;151;4;11;11;-7;0,92;94;0,14;1;1;0;attack;Team Liquid;2;1;FNATIC won;6;0;6;1;9;0;2;0
Champions Tour 2024: EMEA Stage 1;Playoffs;Knockout Round;FNATIC vs Team Liquid;Ascent;FNATIC;Alfajer;Team Liquid;Jamppi;6;4;2;All Kills;killjoy;189;259;12;3;3;9;1;172;0,37;2;0;2;defend;Team Liquid;2;1;FNATIC won;6;0;6;1;9;0;2;0
Champions Tour 2024: EMEA Stage 1;Playoffs;Knockout Round;FNATIC vs Team Liquid;Ascent;FNATIC;Boaster;Team Liquid;Mistic;2;3;-1;All Kills;omen;23;80;6;22;10;-16;0,75;55;0,15;0;5;-5;both;Team Liquid;2;1;FNATIC won;6;0;6;1;9;0;2;0
Champions Tour 2024: EMEA Stage 1;Playoffs;Knockout Round;FNATIC vs Team Liquid;Ascent;FNATIC;Leo;Team Liquid;Keiko;1;0;1;First Kills;sova;177;375;15;9;4;6;0,83;249;0,37;1;0;1;attack;Team Liquid;2;1;FNATIC won;6;0;6;1;9;0;2;0
Champions Tour 2024: EMEA Stage 1;Playoffs;Knockout Round;FNATIC vs Team Liquid;Ascent;FNATIC;Alfajer;Team Liquid;Keiko;2;0;2;First Kills;killjoy;189;259;12;3;3;9;1;172;0,37;2;0;2;defend;Team Liquid;2;1;FNATIC won;6;0;6;1;9;0;2;0
Champions Tour 2024: EMEA Stage 1;Playoffs;Knockout Round;FNATIC vs Team Liquid;Ascent;FNATIC;Boaster;Team Liquid;Enzo;0;1;-1;First Kills;omen;23;80;6;22;10;-16;0,75;55;0,15;0;5;-5;both;Team Liquid;2;1;FNATIC won;6;0;6;1;9;0;2;0
Champions Tour 2024: EMEA Stage 1;Playoffs;Knockout Round;FNATIC vs Team Liquid;Ascent;FNATIC;Boaster;Team Liquid;Keiko;0;1;-1;Op Kills;omen;13;71;4;12;2;-8;0,5;39;0,33;0;2;-2;attack;Team Liquid;2;1;FNATIC won;6;0;6;1;9;0;2;0
Champions Tour 2024: EMEA Stage 1;Playoffs;Knockout Round;FNATIC vs Team Liquid;Icebox;FNATIC;Leo;Team Liquid;Jamppi;6;2;4;All Kills;sova;88;215;11;10;1;1;0,77;149;0,26;0;0;0;defend;Team Liquid;2;1;FNATIC won;5;1;5;1;11;0;2;1
Champions Tour 2024: EMEA Stage 1;Playoffs;Knockout Round;FNATIC vs Team Liquid;Icebox;FNATIC;Alfajer;Team Liquid;Mistic;6;0;6;All Kills;killjoy;138;314;28;19;3;9;0,81;212;0,34;8;4;4;both;Team Liquid;2;1;FNATIC won;5;1;5;1;11;0;2;1
Champions Tour 2024: EMEA Stage 1;Playoffs;Knockout Round;FNATIC vs Team Liquid;Icebox;FNATIC;Derke;Team Liquid;Mistic;0;1;-1;All Kills;jett;48;135;5;12;5;-7;0,69;112;0,16;0;3;-3;attack;Team Liquid;2;1;FNATIC won;5;1;5;1;11;0;2;1
Champions Tour 2024: EMEA Stage 1;Playoffs;Knockout Round;FNATIC vs Team Liquid;Icebox;FNATIC;Boaster;Team Liquid;Mistic;6;2;4;All Kills;viper;117;189;8;7;8;1;0,85;130;0,15;0;1;-1;defend;Team Liquid;2;1;FNATIC won;5;1;5;1;11;0;2;1
Champions Tour 2024: EMEA Stage 1;Playoffs;Knockout Round;FNATIC vs Team Liquid;Icebox;FNATIC;Chronicle;Team Liquid;Keiko;1;1;0;First Kills;sage;9;165;14;19;14;-5;0,77;114;0,33;3;2;1;both;Team Liquid;2;1;FNATIC won;5;1;5;1;11;0;2;1
Champions Tour 2024: EMEA Stage 1;Playoffs;Knockout Round;FNATIC vs Team Liquid;Icebox;FNATIC;Alfajer;Team Liquid;Keiko;2;0;2;First Kills;killjoy;168;400;18;10;1;8;0,85;251;0,36;5;3;2;attack;Team Liquid;2;1;FNATIC won;5;1;5;1;11;0;2;1
Champions Tour 2024: EMEA Stage 1;Playoffs;Knockout Round;FNATIC vs Team Liquid;Icebox;FNATIC;Boaster;Team Liquid;nAts;0;1;-1;First Kills;viper;117;189;8;7;8;1;0,85;130;0,15;0;1;-1;defend;Team Liquid;2;1;FNATIC won;5;1;5;1;11;0;2;1
Champions Tour 2024: EMEA Stage 1;Playoffs;Knockout Round;FNATIC vs Team Liquid;Icebox;FNATIC;Boaster;Team Liquid;Mistic;1;0;1;Op Kills;viper;12;208;19;15;10;4;0,77;126;0,1;0;2;-2;both;Team Liquid;2;1;FNATIC won;5;1;5;1;11;0;2;1
Champions Tour 2024: EMEA Stage 1;Playoffs;Knockout Round;FNATIC vs Team Liquid;Lotus;FNATIC;Leo;Team Liquid;Keiko;2;2;0;All Kills;fade;13;196;4;4;3;0;0,67;127;0,11;0;0;0;attack;Team Liquid;2;1;FNATIC won;5;0;7;1;4;0;0;1
Champions Tour 2024: EMEA Stage 1;Playoffs;Knockout Round;FNATIC vs Team Liquid;Lotus;FNATIC;Chronicle;Team Liquid;Keiko;2;4;-2;All Kills;viper;173;300;14;5;5;9;0,92;182;0,24;4;2;2;defend;Team Liquid;2;1;FNATIC won;5;0;7;1;4;0;0;1
Champions Tour 2024: EMEA Stage 1;Playoffs;Knockout Round;FNATIC vs Team Liquid;Lotus;FNATIC;Alfajer;Team Liquid;Jamppi;0;2;-2;All Kills;killjoy;116;218;13;11;2;2;0,72;148;0,24;2;1;1;both;Team Liquid;2;1;FNATIC won;5;0;7;1;4;0;0;1
Champions Tour 2024: EMEA Stage 1;Playoffs;Knockout Round;FNATIC vs Team Liquid;Lotus;FNATIC;Derke;Team Liquid;Jamppi;2;0;2;All Kills;raze;2;31;0;6;2;-6;0,33;31;0,2;0;3;-3;attack;Team Liquid;2;1;FNATIC won;5;0;7;1;4;0;0;1
Champions Tour 2024: EMEA Stage 1;Playoffs;Knockout Round;FNATIC vs Team Liquid;Lotus;FNATIC;Boaster;Team Liquid;Jamppi;0;2;-2;All Kills;omen;57;107;3;8;9;-5;0,75;69;0,05;0;1;-1;defend;Team Liquid;2;1;FNATIC won;5;0;7;1;4;0;0;1
Champions Tour 2024: EMEA Stage 1;Playoffs;Knockout Round;FNATIC vs Team Liquid;Lotus;FNATIC;Alfajer;Team Liquid;Keiko;2;1;1;First Kills;killjoy;116;218;13;11;2;2;0,72;148;0,24;2;1;1;both;Team Liquid;2;1;FNATIC won;5;0;7;1;4;0;0;1
Champions Tour 2024: EMEA Stage 1;Playoffs;Knockout Round;FNATIC vs Team Liquid;Lotus;FNATIC;Boaster;Team Liquid;Keiko;0;1;-1;First Kills;omen;127;185;4;4;1;0;0,33;95;0,3;1;0;1;attack;Team Liquid;2;1;FNATIC won;5;0;7;1;4;0;0;1
Champions Tour 2024: EMEA Stage 1;Playoffs;Upper Final;FNATIC vs Team Heretics;Lotus;FNATIC;Derke;Team Heretics;RieNs;6;2;4;All Kills;raze;105;274;12;11;5;1;0,86;165;0,25;5;1;4;defend;Team Heretics;0;2;Team Heretics won;9;1;3;0;11;2;2;0
Champions Tour 2024: EMEA Stage 1;Playoffs;Upper Final;FNATIC vs Team Heretics;Lotus;FNATIC;Boaster;Team Heretics;Boo;2;4;-2;All Kills;omen;48;94;9;18;9;-9;0,5;53;0,14;1;8;-7;both;Team Heretics;0;2;Team Heretics won;9;1;3;0;11;2;2;0
Champions Tour 2024: EMEA Stage 1;Playoffs;Upper Final;FNATIC vs Team Heretics;Lotus;FNATIC;Alfajer;Team Heretics;Boo;5;2;3;All Kills;killjoy;79;132;7;9;0;-2;0,43;90;0,28;1;0;1;attack;Team Heretics;0;2;Team Heretics won;9;1;3;0;11;2;2;0
Champions Tour 2024: EMEA Stage 1;Playoffs;Upper Final;FNATIC vs Team Heretics;Lotus;FNATIC;Chronicle;Team Heretics;Boo;2;3;-1;All Kills;viper;146;244;13;7;5;6;0,71;155;0,14;3;0;3;defend;Team Heretics;0;2;Team Heretics won;9;1;3;0;11;2;2;0
Champions Tour 2024: EMEA Stage 1;Playoffs;Upper Final;FNATIC vs Team Heretics;Lotus;FNATIC;Leo;Team Heretics;Wo0t;5;4;1;All Kills;fade;95;167;16;17;7;-1;0,79;115;0,22;0;0;0;both;Team Heretics;0;2;Team Heretics won;9;1;3;0;11;2;2;0
Champions Tour 2024: EMEA Stage 1;Playoffs;Upper Final;FNATIC vs Team Heretics;Lotus;FNATIC;Derke;Team Heretics;Wo0t;1;1;0;First Kills;raze;108;262;13;10;1;3;0,5;173;0,21;3;2;1;attack;Team Heretics;0;2;Team Heretics won;9;1;3;0;11;2;2;0
Champions Tour 2024: EMEA Stage 1;Playoffs;Upper Final;FNATIC vs Team Heretics;Lotus;FNATIC;Alfajer;Team Heretics;Boo;3;0;3;First Kills;killjoy;89;185;8;10;2;-2;0,64;133;0,23;2;0;2;defend;Team Heretics;0;2;Team Heretics won;9;1;3;0;11;2;2;0
Champions Tour 2024: EMEA Stage 1;Playoffs;Upper Final;FNATIC vs Team Heretics;Lotus;FNATIC;Chronicle;Team Heretics;MiniBoo;0;1;-1;Op Kills;viper;129;262;26;19;9;7;0,71;179;0,19;5;0;5;both;Team Heretics;0;2;Team Heretics won;9;1;3;0;11;2;2;0
Champions Tour 2024: EMEA Stage 1;Playoffs;Upper Final;FNATIC vs Team Heretics;Breeze;FNATIC;Derke;Team Heretics;Boo;1;2;-1;All Kills;yoru;4;120;5;10;0;-5;0,42;94;0,46;1;3;-2;attack;Team Heretics;0;2;Team Heretics won;2;2;0;0;8;0;4;1
Champions Tour 2024: EMEA Stage 1;Playoffs;Upper Final;FNATIC vs Team Heretics;Breeze;FNATIC;Boaster;Team Heretics;Boo;3;1;2;All Kills;viper;48;140;3;5;1;-2;0,6;61;0,13;1;0;1;defend;Team Heretics;0;2;Team Heretics won;2;2;0;0;8;0;4;1
Champions Tour 2024: EMEA Stage 1;Playoffs;Upper Final;FNATIC vs Team Heretics;Breeze;FNATIC;Alfajer;Team Heretics;Wo0t;2;4;-2;All Kills;cypher;37;140;7;16;3;-9;0,59;109;0,22;3;3;0;both;Team Heretics;0;2;Team Heretics won;2;2;0;0;8;0;4;1
Champions Tour 2024: EMEA Stage 1;Playoffs;Upper Final;FNATIC vs Team Heretics;Breeze;FNATIC;Chronicle;Team Heretics;Wo0t;3;4;-1;All Kills;kayo;74;159;6;10;8;-4;0,67;118;0,22;1;1;0;attack;Team Heretics;0;2;Team Heretics won;2;2;0;0;8;0;4;1
Champions Tour 2024: EMEA Stage 1;Playoffs;Upper Final;FNATIC vs Team Heretics;Breeze;FNATIC;Leo;Team Heretics;Wo0t;2;3;-1;All Kills;sova;129;290;5;5;3;0;1;197;0,21;0;0;0;defend;Team Heretics;0;2;Team Heretics won;2;2;0;0;8;0;4;1
Champions Tour 2024: EMEA Stage 1;Playoffs;Upper Final;FNATIC vs Team Heretics;Breeze;FNATIC;Boaster;Team Heretics;MiniBoo;1;0;1;First Kills;viper;91;231;14;16;5;-2;0,76;132;0,29;2;0;2;both;Team Heretics;0;2;Team Heretics won;2;2;0;0;8;0;4;1
Champions Tour 2024: EMEA Stage 1;Playoffs;Upper Final;FNATIC vs Team Heretics;Breeze;FNATIC;Alfajer;Team Heretics;Wo0t;1;1;0;First Kills;cypher;18;110;4;11;1;-7;0,42;78;0,18;2;3;-1;attack;Team Heretics;0;2;Team Heretics won;2;2;0;0;8;0;4;1
Champions Tour 2024: EMEA Stage 1;Playoffs;Lower Final;FNATIC vs FUT Esports;Icebox;FNATIC;Derke;FUT Esports;qRaxs;7;5;2;All Kills;jett;117;299;12;11;4;1;0,83;194;0,17;2;2;0;defend;FUT Esports;3;1;FNATIC won;7;2;2;0;5;4;4;0
Champions Tour 2024: EMEA Stage 1;Playoffs;Lower Final;FNATIC vs FUT Esports;Icebox;FNATIC;Boaster;FUT Esports;yetujey;3;3;0;All Kills;viper;63;143;10;17;6;-7;0,63;103;0,26;0;1;-1;both;FUT Esports;3;1;FNATIC won;7;2;2;0;5;4;4;0
Champions Tour 2024: EMEA Stage 1;Playoffs;Lower Final;FNATIC vs FUT Esports;Icebox;FNATIC;Leo;FUT Esports;yetujey;3;3;0;All Kills;sova;14;214;10;5;4;5;0,83;154;0,64;0;0;0;attack;FUT Esports;3;1;FNATIC won;7;2;2;0;5;4;4;0
Champions Tour 2024: EMEA Stage 1;Playoffs;Lower Final;FNATIC vs FUT Esports;Icebox;FNATIC;Chronicle;FUT Esports;yetujey;2;1;1;All Kills;sage;104;182;7;8;12;-1;0,75;115;0,2;0;2;-2;defend;FUT Esports;3;1;FNATIC won;7;2;2;0;5;4;4;0
Champions Tour 2024: EMEA Stage 1;Playoffs;Lower Final;FNATIC vs FUT Esports;Icebox;FNATIC;Alfajer;FUT Esports;cNed;6;2;4;All Kills;killjoy;143;256;23;16;2;7;0,92;170;0,41;4;1;3;both;FUT Esports;3;1;FNATIC won;7;2;2;0;5;4;4;0
Champions Tour 2024: EMEA Stage 1;Playoffs;Lower Final;FNATIC vs FUT Esports;Icebox;FNATIC;Derke;FUT Esports;cNed;3;3;0;First Kills;jett;103;393;17;10;2;7;0,67;228;0,37;4;4;0;attack;FUT Esports;3;1;FNATIC won;7;2;2;0;5;4;4;0
Champions Tour 2024: EMEA Stage 1;Playoffs;Lower Final;FNATIC vs FUT Esports;Icebox;FNATIC;Chronicle;FUT Esports;cNed;0;2;-2;First Kills;sage;104;182;7;8;12;-1;0,75;115;0,2;0;2;-2;defend;FUT Esports;3;1;FNATIC won;7;2;2;0;5;4;4;0
Champions Tour 2024: EMEA Stage 1;Playoffs;Lower Final;FNATIC vs FUT Esports;Icebox;FNATIC;Chronicle;FUT Esports;cNed;0;1;-1;Op Kills;sage;1;165;14;14;15;0;0,79;111;0,2;2;3;-1;both;FUT Esports;3;1;FNATIC won;7;2;2;0;5;4;4;0
Champions Tour 2024: EMEA Stage 1;Playoffs;Lower Final;FNATIC vs FUT Esports;Bind;FNATIC;Derke;FUT Esports;MrFaliN;2;3;-1;All Kills;raze;124;214;5;3;2;2;1;167;0,47;2;0;2;attack;FUT Esports;3;1;FNATIC won;7;1;5;0;3;3;0;0
Champions Tour 2024: EMEA Stage 1;Playoffs;Lower Final;FNATIC vs FUT Esports;Bind;FNATIC;Boaster;FUT Esports;MrFaliN;7;1;6;All Kills;brimstone;15;268;13;6;1;7;0,67;159;0,21;1;3;-2;defend;FUT Esports;3;1;FNATIC won;7;1;5;0;3;3;0;0
Champions Tour 2024: EMEA Stage 1;Playoffs;Lower Final;FNATIC vs FUT Esports;Bind;FNATIC;Leo;FUT Esports;AtaKaptan;5;0;5;All Kills;gekko;99;173;12;10;3;2;0,79;109;0,27;3;0;3;both;FUT Esports;3;1;FNATIC won;7;1;5;0;3;3;0;0
Champions Tour 2024: EMEA Stage 1;Playoffs;Lower Final;FNATIC vs FUT Esports;Bind;FNATIC;Chronicle;FUT Esports;AtaKaptan;3;5;-2;All Kills;skye;144;344;10;5;4;5;1;231;0,15;0;0;0;attack;FUT Esports;3;1;FNATIC won;7;1;5;0;3;3;0;0
Champions Tour 2024: EMEA Stage 1;Playoffs;Lower Final;FNATIC vs FUT Esports;Bind;FNATIC;Alfajer;FUT Esports;AtaKaptan;2;3;-1;All Kills;viper;96;232;9;9;5;0;0,75;144;0,24;2;1;1;defend;FUT Esports;3;1;FNATIC won;7;1;5;0;3;3;0;0
Champions Tour 2024: EMEA Stage 1;Playoffs;Lower Final;FNATIC vs FUT Esports;Bind;FNATIC;Leo;FUT Esports;yetujey;3;0;3;First Kills;gekko;99;173;12;10;3;2;0,79;109;0,27;3;0;3;both;FUT Esports;3;1;FNATIC won;7;1;5;0;3;3;0;0
Champions Tour 2024: EMEA Stage 1;Playoffs;Lower Final;FNATIC vs FUT Esports;Bind;FNATIC;Alfajer;FUT Esports;AtaKaptan;0;1;-1;First Kills;viper;219;291;8;1;5;7;1;177;0,58;2;0;2;attack;FUT Esports;3;1;FNATIC won;7;1;5;0;3;3;0;0
Champions Tour 2024: EMEA Stage 1;Playoffs;Lower Final;FNATIC vs FUT Esports;Breeze;FNATIC;Derke;FUT Esports;AtaKaptan;4;4;0;All Kills;yoru;113;236;10;9;3;1;0,75;159;0,43;4;3;1;defend;FUT Esports;3;1;FNATIC won;6;3;2;2;7;3;1;0
Champions Tour 2024: EMEA Stage 1;Playoffs;Lower Final;FNATIC vs FUT Esports;Breeze;FNATIC;Leo;FUT Esports;qRaxs;3;2;1;All Kills;sova;11;183;15;14;6;1;0,79;130;0,37;1;0;1;both;FUT Esports;3;1;FNATIC won;6;3;2;2;7;3;1;0
Champions Tour 2024: EMEA Stage 1;Playoffs;Lower Final;FNATIC vs FUT Esports;Breeze;FNATIC;Chronicle;FUT Esports;qRaxs;3;5;-2;All Kills;kayo;74;174;6;10;6;-4;0,75;117;0,28;1;2;-1;attack;FUT Esports;3;1;FNATIC won;6;3;2;2;7;3;1;0
Champions Tour 2024: EMEA Stage 1;Playoffs;Lower Final;FNATIC vs FUT Esports;Breeze;FNATIC;Alfajer;FUT Esports;qRaxs;3;9;-6;All Kills;cypher;148;265;11;7;5;4;0,75;185;0,39;1;0;1;defend;FUT Esports;3;1;FNATIC won;6;3;2;2;7;3;1;0
Champions Tour 2024: EMEA Stage 1;Playoffs;Lower Final;FNATIC vs FUT Esports;Breeze;FNATIC;Derke;FUT Esports;yetujey;0;2;-2;First Kills;yoru;111;203;20;17;3;3;0,75;135;0,43;4;6;-2;both;FUT Esports;3;1;FNATIC won;6;3;2;2;7;3;1;0
Champions Tour 2024: EMEA Stage 1;Playoffs;Lower Final;FNATIC vs FUT Esports;Breeze;FNATIC;Boaster;FUT Esports;AtaKaptan;2;1;1;First Kills;viper;159;277;11;7;7;4;0,83;207;0,33;1;0;1;attack;FUT Esports;3;1;FNATIC won;6;3;2;2;7;3;1;0
Champions Tour 2024: EMEA Stage 1;Playoffs;Lower Final;FNATIC vs FUT Esports;Breeze;FNATIC;Chronicle;FUT Esports;MrFaliN;0;1;-1;First Kills;kayo;148;287;12;8;4;4;0,92;195;0,24;1;0;1;defend;FUT Esports;3;1;FNATIC won;6;3;2;2;7;3;1;0
Champions Tour 2024: EMEA Stage 1;Playoffs;Lower Final;FNATIC vs FUT Esports;Split;FNATIC;Derke;FUT Esports;cNed;7;6;1;All Kills;yoru;106;216;19;19;5;0;0,65;155;0,37;6;2;4;both;FUT Esports;3;1;FNATIC won;9;1;4;0;5;1;5;1
Champions Tour 2024: EMEA Stage 1;Playoffs;Lower Final;FNATIC vs FUT Esports;Split;FNATIC;Boaster;FUT Esports;cNed;4;2;2;All Kills;omen;9;154;7;9;6;-2;0,77;94;0,41;0;2;-2;attack;FUT Esports;3;1;FNATIC won;9;1;4;0;5;1;5;1
Champions Tour 2024: EMEA Stage 1;Playoffs;Lower Final;FNATIC vs FUT Esports;Split;FNATIC;Leo;FUT Esports;cNed;2;3;-1;All Kills;breach;116;226;9;8;12;1;0,85;148;0,13;2;0;2;defend;FUT Esports;3;1;FNATIC won;9;1;4;0;5;1;5;1
Champions Tour 2024: EMEA Stage 1;Playoffs;Lower Final;FNATIC vs FUT Esports;Split;FNATIC;Chronicle;FUT Esports;MrFaliN;3;3;0;All Kills;cypher;1;143;15;14;8;1;0,73;97;0,21;0;1;-1;both;FUT Esports;3;1;FNATIC won;9;1;4;0;5;1;5;1
Champions Tour 2024: EMEA Stage 1;Playoffs;Lower Final;FNATIC vs FUT Esports;Split;FNATIC;Alfajer;FUT Esports;MrFaliN;4;4;0;All Kills;raze;136;336;14;11;3;3;0,77;220;0,26;5;1;4;attack;FUT Esports;3;1;FNATIC won;9;1;4;0;5;1;5;1
Champions Tour 2024: EMEA Stage 1;Playoffs;Lower Final;FNATIC vs FUT Esports;Split;FNATIC;Boaster;FUT Esports;qRaxs;1;2;-1;First Kills;omen;98;173;8;7;4;1;0,77;115;0,08;1;1;0;defend;FUT Esports;3;1;FNATIC won;9;1;4;0;5;1;5;1
Champions Tour 2024: EMEA Stage 1;Playoffs;Lower Final;FNATIC vs FUT Esports;Split;FNATIC;Alfajer;FUT Esports;yetujey;0;1;-1;First Kills;raze;127;302;25;21;10;4;0,88;204;0,26;7;3;4;both;FUT Esports;3;1;FNATIC won;9;1;4;0;5;1;5;1
Champions Tour 2024: EMEA Stage 1;Playoffs;Lower Final;FNATIC vs FUT Esports;Split;FNATIC;Alfajer;FUT Esports;cNed;0;1;-1;Op Kills;raze;136;336;14;11;3;3;0,77;220;0,26;5;1;4;attack;FUT Esports;3;1;FNATIC won;9;1;4;0;5;1;5;1
Champions Tour 2024: EMEA Stage 1;Playoffs;Grand Final;Team Heretics vs FNATIC;Sunset;Team Heretics;benjyfishy;FNATIC;Alfajer;4;5;-1;All Kills;cypher;144;245;12;5;2;7;0,83;160;0,39;0;0;0;defend;FNATIC;2;3;FNATIC won;8;0;4;1;4;2;0;1
Champions Tour 2024: EMEA Stage 1;Playoffs;Grand Final;Team Heretics vs FNATIC;Sunset;Team Heretics;Wo0t;FNATIC;Boaster;3;2;1;All Kills;kayo;124;202;15;13;11;2;0,75;131;0,38;5;1;4;both;FNATIC;2;3;FNATIC won;8;0;4;1;4;2;0;1
Champions Tour 2024: EMEA Stage 1;Playoffs;Grand Final;Team Heretics vs FNATIC;Sunset;Team Heretics;Boo;FNATIC;Boaster;2;2;0;All Kills;omen;141;269;8;6;3;2;0,75;186;0,36;1;1;0;attack;FNATIC;2;3;FNATIC won;8;0;4;1;4;2;0;1
Champions Tour 2024: EMEA Stage 1;Playoffs;Grand Final;Team Heretics vs FNATIC;Sunset;Team Heretics;RieNs;FNATIC;Boaster;3;1;2;All Kills;sova;109;216;8;7;6;1;0,75;151;0,41;2;0;2;defend;FNATIC;2;3;FNATIC won;8;0;4;1;4;2;0;1
Champions Tour 2024: EMEA Stage 1;Playoffs;Grand Final;Team Heretics vs FNATIC;Sunset;Team Heretics;benjyfishy;FNATIC;Alfajer;1;0;1;First Kills;cypher;12;220;17;12;2;5;0,7;149;0,45;2;0;2;both;FNATIC;2;3;FNATIC won;8;0;4;1;4;2;0;1
Champions Tour 2024: EMEA Stage 1;Playoffs;Grand Final;Team Heretics vs FNATIC;Sunset;Team Heretics;Wo0t;FNATIC;Alfajer;2;1;1;First Kills;kayo;93;190;6;7;1;-1;0,63;119;0,45;1;0;1;attack;FNATIC;2;3;FNATIC won;8;0;4;1;4;2;0;1
Champions Tour 2024: EMEA Stage 1;Playoffs;Grand Final;Team Heretics vs FNATIC;Sunset;Team Heretics;RieNs;FNATIC;Chronicle;1;0;1;First Kills;sova;109;216;8;7;6;1;0,75;151;0,41;2;0;2;defend;FNATIC;2;3;FNATIC won;8;0;4;1;4;2;0;1
Champions Tour 2024: EMEA Stage 1;Playoffs;Grand Final;Team Heretics vs FNATIC;Bind;Team Heretics;benjyfishy;FNATIC;Chronicle;2;3;-1;All Kills;viper;118;208;21;16;8;5;0,79;143;0,36;1;2;-1;both;FNATIC;2;3;FNATIC won;8;0;3;4;9;2;2;0
Champions Tour 2024: EMEA Stage 1;Playoffs;Grand Final;Team Heretics vs FNATIC;Bind;Team Heretics;MiniBoo;FNATIC;Chronicle;4;5;-1;All Kills;yoru;63;146;7;10;4;-3;0,71;110;0,27;1;6;-5;attack;FNATIC;2;3;FNATIC won;8;0;3;4;9;2;2;0
Champions Tour 2024: EMEA Stage 1;Playoffs;Grand Final;Team Heretics vs FNATIC;Bind;Team Heretics;Wo0t;FNATIC;Chronicle;2;4;-2;All Kills;skye;42;78;3;10;4;-7;0,5;50;0,18;2;1;1;defend;FNATIC;2;3;FNATIC won;8;0;3;4;9;2;2;0
Champions Tour 2024: EMEA Stage 1;Playoffs;Grand Final;Team Heretics vs FNATIC;Bind;Team Heretics;Boo;FNATIC;Alfajer;4;3;1;All Kills;omen;116;215;21;18;10;3;0,75;136;0,46;4;0;4;both;FNATIC;2;3;FNATIC won;8;0;3;4;9;2;2;0
Champions Tour 2024: EMEA Stage 1;Playoffs;Grand Final;Team Heretics vs FNATIC;Bind;Team Heretics;RieNs;FNATIC;Alfajer;3;5;-2;All Kills;sova;149;237;12;7;5;5;0,79;162;0,37;1;1;0;attack;FNATIC;2;3;FNATIC won;8;0;3;4;9;2;2;0
Champions Tour 2024: EMEA Stage 1;Playoffs;Grand Final;Team Heretics vs FNATIC;Bind;Team Heretics;MiniBoo;FNATIC;Alfajer;2;0;2;First Kills;yoru;98;240;12;11;1;1;0,79;144;0,42;4;2;2;defend;FNATIC;2;3;FNATIC won;8;0;3;4;9;2;2;0
Champions Tour 2024: EMEA Stage 1;Playoffs;Grand Final;Team Heretics vs FNATIC;Bind;Team Heretics;Boo;FNATIC;Leo;3;0;3;First Kills;omen;116;215;21;18;10;3;0,75;136;0,46;4;0;4;both;FNATIC;2;3;FNATIC won;8;0;3;4;9;2;2;0
Champions Tour 2024: EMEA Stage 1;Playoffs;Grand Final;Team Heretics vs FNATIC;Lotus;Team Heretics;benjyfishy;FNATIC;Leo;2;7;-5;All Kills;cypher;85;204;9;10;1;-1;0,58;153;0,47;2;1;1;attack;FNATIC;2;3;FNATIC won;7;1;0;0;9;1;3;0
Champions Tour 2024: EMEA Stage 1;Playoffs;Grand Final;Team Heretics vs FNATIC;Lotus;Team Heretics;MiniBoo;FNATIC;Leo;2;5;-3;All Kills;raze;138;255;8;7;1;1;0,89;142;0,21;2;0;2;defend;FNATIC;2;3;FNATIC won;7;1;0;0;9;1;3;0
Champions Tour 2024: EMEA Stage 1;Playoffs;Grand Final;Team Heretics vs FNATIC;Lotus;Team Heretics;Wo0t;FNATIC;Chronicle;3;7;-4;All Kills;fade;86;198;14;18;9;-4;0,71;126;0,3;0;2;-2;both;FNATIC;2;3;FNATIC won;7;1;0;0;9;1;3;0
Champions Tour 2024: EMEA Stage 1;Playoffs;Grand Final;Team Heretics vs FNATIC;Lotus;Team Heretics;Boo;FNATIC;Chronicle;2;2;0;All Kills;omen;29;82;3;10;8;-7;0,58;70;0,24;0;5;-5;attack;FNATIC;2;3;FNATIC won;7;1;0;0;9;1;3;0
Champions Tour 2024: EMEA Stage 1;Playoffs;Grand Final;Team Heretics vs FNATIC;Lotus;Team Heretics;RieNs;FNATIC;Chronicle;0;3;-3;All Kills;breach;47;131;3;9;6;-6;0,56;77;0,13;0;0;0;defend;FNATIC;2;3;FNATIC won;7;1;0;0;9;1;3;0
Champions Tour 2024: EMEA Stage 1;Playoffs;Grand Final;Team Heretics vs FNATIC;Lotus;Team Heretics;MiniBoo;FNATIC;Leo;1;0;1;First Kills;raze;165;333;26;15;4;11;0,81;193;0,29;4;1;3;both;FNATIC;2;3;FNATIC won;7;1;0;0;9;1;3;0
Champions Tour 2024: EMEA Stage 1;Playoffs;Grand Final;Team Heretics vs FNATIC;Lotus;Team Heretics;Boo;FNATIC;Leo;0;2;-2;First Kills;omen;29;82;3;10;8;-7;0,58;70;0,24;0;5;-5;attack;FNATIC;2;3;FNATIC won;7;1;0;0;9;1;3;0
Champions Tour 2024: EMEA Stage 1;Playoffs;Grand Final;Team Heretics vs FNATIC;Lotus;Team Heretics;MiniBoo;FNATIC;Alfajer;1;0;1;Op Kills;raze;138;255;8;7;1;1;0,89;142;0,21;2;0;2;defend;FNATIC;2;3;FNATIC won;7;1;0;0;9;1;3;0
Champions Tour 2024: EMEA Stage 1;Playoffs;Grand Final;Team Heretics vs FNATIC;Split;Team Heretics;MiniBoo;FNATIC;Derke;2;4;-2;All Kills;raze;75;174;9;15;2;-6;0,56;121;0,2;2;4;-2;both;FNATIC;2;3;FNATIC won;2;0;2;1;8;2;2;1
Champions Tour 2024: EMEA Stage 1;Playoffs;Grand Final;Team Heretics vs FNATIC;Split;Team Heretics;Wo0t;FNATIC;Derke;1;4;-3;All Kills;viper;37;95;2;6;1;-4;0,33;58;0,14;1;1;0;attack;FNATIC;2;3;FNATIC won;2;0;2;1;8;2;2;1
Champions Tour 2024: EMEA Stage 1;Playoffs;Grand Final;Team Heretics vs FNATIC;Split;Team Heretics;Boo;FNATIC;Derke;1;3;-2;All Kills;omen;54;98;3;9;3;-6;0,5;68;0,25;1;1;0;defend;FNATIC;2;3;FNATIC won;2;0;2;1;8;2;2;1
Champions Tour 2024: EMEA Stage 1;Playoffs;Grand Final;Team Heretics vs FNATIC;Split;Team Heretics;RieNs;FNATIC;Leo;1;2;-1;All Kills;skye;11;186;13;13;4;0;0,56;129;0,46;0;2;-2;both;FNATIC;2;3;FNATIC won;2;0;2;1;8;2;2;1
Champions Tour 2024: EMEA Stage 1;Playoffs;Grand Final;Team Heretics vs FNATIC;Split;Team Heretics;MiniBoo;FNATIC;Boaster;0;1;-1;First Kills;raze;49;142;2;5;0;-3;0,33;95;0,21;1;1;0;attack;FNATIC;2;3;FNATIC won;2;0;2;1;8;2;2;1
Champions Tour 2024: EMEA Stage 1;Playoffs;Grand Final;Team Heretics vs FNATIC;Split;Team Heretics;Wo0t;FNATIC;Alfajer;1;0;1;First Kills;viper;133;264;10;8;3;2;0,75;164;0,3;1;0;1;defend;FNATIC;2;3;FNATIC won;2;0;2;1;8;2;2;1
Champions Tour 2024: EMEA Stage 1;Playoffs;Grand Final;Team Heretics vs FNATIC;Breeze;Team Heretics;benjyfishy;FNATIC;Derke;1;4;-3;All Kills;cypher;96;174;12;14;2;-2;0,62;127;0,38;1;2;-1;both;FNATIC;2;3;FNATIC won;4;2;2;0;8;1;4;0
Champions Tour 2024: EMEA Stage 1;Playoffs;Grand Final;Team Heretics vs FNATIC;Breeze;Team Heretics;MiniBoo;FNATIC;Derke;2;4;-2;All Kills;yoru;21;102;4;11;3;-7;0,58;56;0,38;3;3;0;attack;FNATIC;2;3;FNATIC won;4;2;2;0;8;1;4;0
Champions Tour 2024: EMEA Stage 1;Playoffs;Grand Final;Team Heretics vs FNATIC;Breeze;Team Heretics;Wo0t;FNATIC;Derke;5;2;3;All Kills;kayo;108;227;7;7;4;0;0,78;137;0,33;2;1;1;defend;FNATIC;2;3;FNATIC won;4;2;2;0;8;1;4;0
Champions Tour 2024: EMEA Stage 1;Playoffs;Grand Final;Team Heretics vs FNATIC;Breeze;Team Heretics;Boo;FNATIC;Leo;2;5;-3;All Kills;viper;83;130;9;13;5;-4;0,57;106;0,43;0;2;-2;both;FNATIC;2;3;FNATIC won;4;2;2;0;8;1;4;0
Champions Tour 2024: EMEA Stage 1;Playoffs;Grand Final;Team Heretics vs FNATIC;Breeze;Team Heretics;RieNs;FNATIC;Leo;4;5;-1;All Kills;sova;119;205;9;9;1;0;0,58;127;0,64;0;0;0;attack;FNATIC;2;3;FNATIC won;4;2;2;0;8;1;4;0
Champions Tour 2024: EMEA Stage 1;Playoffs;Grand Final;Team Heretics vs FNATIC;Breeze;Team Heretics;benjyfishy;FNATIC;Alfajer;1;0;1;First Kills;cypher;7;154;4;6;1;-2;0,67;104;0,31;0;1;-1;defend;FNATIC;2;3;FNATIC won;4;2;2;0;8;1;4;0
Champions Tour 2024: EMEA Stage 1;Playoffs;Grand Final;Team Heretics vs FNATIC;Breeze;Team Heretics;Wo0t;FNATIC;Derke;3;0;3;First Kills;kayo;69;144;9;17;9;-8;0,62;89;0,21;3;3;0;both;FNATIC;2;3;FNATIC won;4;2;2;0;8;1;4;0
Champions Tour 2024: EMEA Stage 1;Playoffs;Grand Final;Team Heretics vs FNATIC;Breeze;Team Heretics;RieNs;FNATIC;Chronicle;1;0;1;First Kills;sova;119;205;9;9;1;0;0,58;127;0,64;0;0;0;attack;FNATIC;2;3;FNATIC won;4;2;2;0;8;1;4;0
Champions Tour 2024: Pacific Stage 1;Regular Season;Week 1;T1 vs Paper Rex;Lotus;T1;Sayaplayer;Paper Rex;something;5;4;1;All Kills;raze;145;289;12;8;3;4;1;203;0,35;2;0;2;defend;Paper Rex;0;2;Paper Rex won;5;0;5;0;9;1;3;0
Champions Tour 2024: Pacific Stage 1;Regular Season;Week 1;T1 vs Paper Rex;Lotus;T1;iZu;Paper Rex;d4v41;2;2;0;All Kills;omen;79;180;14;18;7;-4;0,7;114;0,21;2;6;-4;both;Paper Rex;0;2;Paper Rex won;5;0;5;0;9;1;3;0
Champions Tour 2024: Pacific Stage 1;Regular Season;Week 1;T1 vs Paper Rex;Lotus;T1;Carpe;Paper Rex;d4v41;2;5;-3;All Kills;fade;15;99;4;11;0;-7;0,45;55;0,12;0;1;-1;attack;Paper Rex;0;2;Paper Rex won;5;0;5;0;9;1;3;0
Champions Tour 2024: Pacific Stage 1;Regular Season;Week 1;T1 vs Paper Rex;Lotus;T1;xccurate;Paper Rex;d4v41;5;1;4;All Kills;chamber;147;238;12;6;2;6;0,67;148;0,13;1;0;1;defend;Paper Rex;0;2;Paper Rex won;5;0;5;0;9;1;3;0
Champions Tour 2024: Pacific Stage 1;Regular Season;Week 1;T1 vs Paper Rex;Lotus;T1;Sayaplayer;Paper Rex;mindfreak;1;1;0;First Kills;raze;115;254;19;18;4;1;0,83;171;0,27;4;2;2;both;Paper Rex;0;2;Paper Rex won;5;0;5;0;9;1;3;0
Champions Tour 2024: Pacific Stage 1;Regular Season;Week 1;T1 vs Paper Rex;Lotus;T1;iZu;Paper Rex;mindfreak;0;1;-1;First Kills;omen;61;148;5;9;3;-4;0,64;104;0,19;0;4;-4;attack;Paper Rex;0;2;Paper Rex won;5;0;5;0;9;1;3;0
Champions Tour 2024: Pacific Stage 1;Regular Season;Week 1;T1 vs Paper Rex;Lotus;T1;Carpe;Paper Rex;Jinggg;0;2;-2;First Kills;fade;78;206;8;9;6;-1;0,75;135;0,28;1;3;-2;defend;Paper Rex;0;2;Paper Rex won;5;0;5;0;9;1;3;0
Champions Tour 2024: Pacific Stage 1;Regular Season;Week 1;T1 vs Paper Rex;Lotus;T1;xccurate;Paper Rex;mindfreak;3;0;3;Op Kills;chamber;128;243;21;17;4;4;0,7;148;0,25;1;1;0;both;Paper Rex;0;2;Paper Rex won;5;0;5;0;9;1;3;0
Champions Tour 2024: Pacific Stage 1;Regular Season;Week 1;T1 vs Paper Rex;Bind;T1;Sayaplayer;Paper Rex;f0rsakeN;2;7;-5;All Kills;raze;53;134;6;12;2;-6;0,77;102;0,35;0;3;-3;attack;Paper Rex;0;2;Paper Rex won;7;2;3;0;9;2;2;1
Champions Tour 2024: Pacific Stage 1;Regular Season;Week 1;T1 vs Paper Rex;Bind;T1;Rossy;Paper Rex;f0rsakeN;4;2;2;All Kills;viper;131;207;10;7;5;3;0,77;140;0,18;2;1;1;defend;Paper Rex;0;2;Paper Rex won;7;2;3;0;9;2;2;1
Champions Tour 2024: Pacific Stage 1;Regular Season;Week 1;T1 vs Paper Rex;Bind;T1;iZu;Paper Rex;Jinggg;2;4;-2;All Kills;skye;62;122;10;21;16;-11;0,77;81;0,22;4;4;0;both;Paper Rex;0;2;Paper Rex won;7;2;3;0;9;2;2;1
Champions Tour 2024: Pacific Stage 1;Regular Season;Week 1;T1 vs Paper Rex;Bind;T1;Carpe;Paper Rex;Jinggg;6;3;3;All Kills;gekko;142;306;15;11;3;4;0,77;171;0,22;3;1;2;attack;Paper Rex;0;2;Paper Rex won;7;2;3;0;9;2;2;1
Champions Tour 2024: Pacific Stage 1;Regular Season;Week 1;T1 vs Paper Rex;Bind;T1;xccurate;Paper Rex;Jinggg;2;4;-2;All Kills;harbor;74;206;9;11;2;-2;0,62;153;0,28;0;1;-1;defend;Paper Rex;0;2;Paper Rex won;7;2;3;0;9;2;2;1
Champions Tour 2024: Pacific Stage 1;Regular Season;Week 1;T1 vs Paper Rex;Bind;T1;Rossy;Paper Rex;Jinggg;1;1;0;First Kills;viper;112;192;18;16;9;2;0,73;136;0,25;3;1;2;both;Paper Rex;0;2;Paper Rex won;7;2;3;0;9;2;2;1
Champions Tour 2024: Pacific Stage 1;Regular Season;Week 1;T1 vs Paper Rex;Bind;T1;Carpe;Paper Rex;d4v41;0;1;-1;First Kills;gekko;142;306;15;11;3;4;0,77;171;0,22;3;1;2;attack;Paper Rex;0;2;Paper Rex won;7;2;3;0;9;2;2;1
Champions Tour 2024: Pacific Stage 1;Regular Season;Week 1;T1 vs Paper Rex;Bind;T1;xccurate;Paper Rex;something;0;1;-1;First Kills;harbor;74;206;9;11;2;-2;0,62;153;0,28;0;1;-1;defend;Paper Rex;0;2;Paper Rex won;7;2;3;0;9;2;2;1
Champions Tour 2024: Pacific Stage 1;Regular Season;Week 1;Gen.G vs Talon Esports;Lotus;Gen.G;Meteor;Talon Esports;JitBoyS;5;2;3;All Kills;killjoy;95;200;16;14;4;2;0,86;125;0,26;3;2;1;both;Talon Esports;2;0;Gen.G won;5;2;5;1;5;1;3;0
Champions Tour 2024: Pacific Stage 1;Regular Season;Week 1;Gen.G vs Talon Esports;Lotus;Gen.G;Lakia;Talon Esports;JitBoyS;1;2;-1;All Kills;fade;55;106;3;7;4;-4;0,9;68;0,5;1;0;1;attack;Talon Esports;2;0;Gen.G won;5;2;5;1;5;1;3;0
Champions Tour 2024: Pacific Stage 1;Regular Season;Week 1;Gen.G vs Talon Esports;Lotus;Gen.G;Karon;Talon Esports;JitBoyS;1;2;-1;All Kills;omen;131;176;8;5;4;3;0,83;115;0,3;0;0;0;defend;Talon Esports;2;0;Gen.G won;5;2;5;1;5;1;3;0
Champions Tour 2024: Pacific Stage 1;Regular Season;Week 1;Gen.G vs Talon Esports;Lotus;Gen.G;t3xture;Talon Esports;Governor;5;3;2;All Kills;raze;129;278;20;12;7;8;0,86;174;0,2;4;2;2;both;Talon Esports;2;0;Gen.G won;5;2;5;1;5;1;3;0
Champions Tour 2024: Pacific Stage 1;Regular Season;Week 1;Gen.G vs Talon Esports;Lotus;Gen.G;Munchkin;Talon Esports;Governor;5;4;1;All Kills;viper;68;120;4;7;2;-3;0,7;73;0,08;1;3;-2;attack;Talon Esports;2;0;Gen.G won;5;2;5;1;5;1;3;0
Champions Tour 2024: Pacific Stage 1;Regular Season;Week 1;Gen.G vs Talon Esports;Lotus;Gen.G;Meteor;Talon Esports;ban;1;1;0;First Kills;killjoy;113;194;9;5;2;4;0,83;118;0,12;2;1;1;defend;Talon Esports;2;0;Gen.G won;5;2;5;1;5;1;3;0
Champions Tour 2024: Pacific Stage 1;Regular Season;Week 1;Gen.G vs Talon Esports;Lotus;Gen.G;t3xture;Talon Esports;ban;0;1;-1;First Kills;raze;129;278;20;12;7;8;0,86;174;0,2;4;2;2;both;Talon Esports;2;0;Gen.G won;5;2;5;1;5;1;3;0
Champions Tour 2024: Pacific Stage 1;Regular Season;Week 1;Gen.G vs Talon Esports;Ascent;Gen.G;Meteor;Talon Esports;JitBoyS;3;4;-1;All Kills;killjoy;12;85;1;9;4;-8;0,56;71;0,12;0;1;-1;attack;Talon Esports;2;0;Gen.G won;10;0;3;0;8;0;0;0
Champions Tour 2024: Pacific Stage 1;Regular Season;Week 1;Gen.G vs Talon Esports;Ascent;Gen.G;Lakia;Talon Esports;Governor;2;0;2;All Kills;sova;161;274;11;4;9;7;1;160;0,16;2;2;0;defend;Talon Esports;2;0;Gen.G won;10;0;3;0;8;0;0;0
Champions Tour 2024: Pacific Stage 1;Regular Season;Week 1;Gen.G vs Talon Esports;Ascent;Gen.G;Karon;Talon Esports;ban;3;5;-2;All Kills;omen;125;155;11;11;12;0;0,62;113;0,3;1;1;0;both;Talon Esports;2;0;Gen.G won;10;0;3;0;8;0;0;0
Champions Tour 2024: Pacific Stage 1;Regular Season;Week 1;Gen.G vs Talon Esports;Ascent;Gen.G;Munchkin;Talon Esports;JitBoyS;2;2;0;All Kills;kayo;83;157;4;8;4;-4;0,56;96;0,5;1;1;0;attack;Talon Esports;2;0;Gen.G won;10;0;3;0;8;0;0;0
Champions Tour 2024: Pacific Stage 1;Regular Season;Week 1;Gen.G vs Talon Esports;Ascent;Gen.G;Meteor;Talon Esports;ban;1;0;1;First Kills;killjoy;13;221;10;5;1;5;0,75;112;0,17;1;0;1;defend;Talon Esports;2;0;Gen.G won;10;0;3;0;8;0;0;0
Champions Tour 2024: Pacific Stage 1;Regular Season;Week 1;Gen.G vs Talon Esports;Ascent;Gen.G;t3xture;Talon Esports;Governor;3;1;2;First Kills;jett;147;268;23;10;1;13;0,71;169;0,24;4;5;-1;both;Talon Esports;2;0;Gen.G won;10;0;3;0;8;0;0;0
Champions Tour 2024: Pacific Stage 1;Regular Season;Week 1;Gen.G vs Talon Esports;Ascent;Gen.G;t3xture;Talon Esports;Crws;2;0;2;Op Kills;jett;119;208;7;6;0;1;0,56;136;0,39;1;3;-2;attack;Talon Esports;2;0;Gen.G won;10;0;3;0;8;0;0;0
Champions Tour 2024: Pacific Stage 1;Regular Season;Week 1;T1 vs DetonatioN FocusMe;Ascent;T1;iZu;DetonatioN FocusMe;Anthem;2;4;-2;All Kills;omen;71;190;8;11;5;-3;0,67;119;0,25;1;0;1;defend;DetonatioN FocusMe;1;2;DetonatioN FocusMe won;7;0;1;2;7;1;2;3
Champions Tour 2024: Pacific Stage 1;Regular Season;Week 1;T1 vs DetonatioN FocusMe;Ascent;T1;Sayaplayer;DetonatioN FocusMe;Medusa;6;4;2;All Kills;jett;112;235;19;16;7;3;0,7;165;0,23;5;4;1;both;DetonatioN FocusMe;1;2;DetonatioN FocusMe won;7;0;1;2;7;1;2;3
Champions Tour 2024: Pacific Stage 1;Regular Season;Week 1;T1 vs DetonatioN FocusMe;Ascent;T1;xccurate;DetonatioN FocusMe;Medusa;3;3;0;All Kills;killjoy;71;98;4;7;1;-3;0,82;67;0,19;0;0;0;attack;DetonatioN FocusMe;1;2;DetonatioN FocusMe won;7;0;1;2;7;1;2;3
Champions Tour 2024: Pacific Stage 1;Regular Season;Week 1;T1 vs DetonatioN FocusMe;Ascent;T1;Rossy;DetonatioN FocusMe;Medusa;4;3;1;All Kills;kayo;86;182;6;9;10;-3;0,67;116;0,09;1;2;-1;defend;DetonatioN FocusMe;1;2;DetonatioN FocusMe won;7;0;1;2;7;1;2;3
Champions Tour 2024: Pacific Stage 1;Regular Season;Week 1;T1 vs DetonatioN FocusMe;Ascent;T1;Carpe;DetonatioN FocusMe;Meiy;6;5;1;All Kills;sova;102;175;14;16;10;-2;0,74;119;0,17;1;0;1;both;DetonatioN FocusMe;1;2;DetonatioN FocusMe won;7;0;1;2;7;1;2;3
Champions Tour 2024: Pacific Stage 1;Regular Season;Week 1;T1 vs DetonatioN FocusMe;Ascent;T1;Sayaplayer;DetonatioN FocusMe;SSeeS;0;1;-1;First Kills;jett;8;188;7;9;3;-2;0,64;131;0,3;1;1;0;attack;DetonatioN FocusMe;1;2;DetonatioN FocusMe won;7;0;1;2;7;1;2;3
Champions Tour 2024: Pacific Stage 1;Regular Season;Week 1;T1 vs DetonatioN FocusMe;Ascent;T1;Rossy;DetonatioN FocusMe;Anthem;0;1;-1;First Kills;kayo;86;182;6;9;10;-3;0,67;116;0,09;1;2;-1;defend;DetonatioN FocusMe;1;2;DetonatioN FocusMe won;7;0;1;2;7;1;2;3
Champions Tour 2024: Pacific Stage 1;Regular Season;Week 1;T1 vs DetonatioN FocusMe;Ascent;T1;Sayaplayer;DetonatioN FocusMe;Medusa;1;0;1;Op Kills;jett;112;235;19;16;7;3;0,7;165;0,23;5;4;1;both;DetonatioN FocusMe;1;2;DetonatioN FocusMe won;7;0;1;2;7;1;2;3
Champions Tour 2024: Pacific Stage 1;Regular Season;Week 1;T1 vs DetonatioN FocusMe;Lotus;T1;iZu;DetonatioN FocusMe;Medusa;5;3;2;All Kills;omen;143;205;5;3;2;2;0,67;149;0,21;0;0;0;attack;DetonatioN FocusMe;1;2;DetonatioN FocusMe won;7;1;5;0;4;0;0;1
Champions Tour 2024: Pacific Stage 1;Regular Season;Week 1;T1 vs DetonatioN FocusMe;Lotus;T1;Sayaplayer;DetonatioN FocusMe;Medusa;2;4;-2;All Kills;raze;115;269;12;10;2;2;0,83;171;0,28;5;0;5;defend;DetonatioN FocusMe;1;2;DetonatioN FocusMe won;7;1;5;0;4;0;0;1
Champions Tour 2024: Pacific Stage 1;Regular Season;Week 1;T1 vs DetonatioN FocusMe;Lotus;T1;xccurate;DetonatioN FocusMe;Meiy;2;5;-3;All Kills;chamber;85;178;13;12;1;1;0,67;104;0,05;4;3;1;both;DetonatioN FocusMe;1;2;DetonatioN FocusMe won;7;1;5;0;4;0;0;1
Champions Tour 2024: Pacific Stage 1;Regular Season;Week 1;T1 vs DetonatioN FocusMe;Lotus;T1;Rossy;DetonatioN FocusMe;Meiy;3;1;2;All Kills;viper;41;118;2;5;1;-3;0,5;96;0,14;0;0;0;attack;DetonatioN FocusMe;1;2;DetonatioN FocusMe won;7;1;5;0;4;0;0;1
Champions Tour 2024: Pacific Stage 1;Regular Season;Week 1;T1 vs DetonatioN FocusMe;Lotus;T1;Carpe;DetonatioN FocusMe;Meiy;3;5;-2;All Kills;fade;151;296;11;8;11;3;0,92;220;0,23;0;0;0;defend;DetonatioN FocusMe;1;2;DetonatioN FocusMe won;7;1;5;0;4;0;0;1
Champions Tour 2024: Pacific Stage 1;Regular Season;Week 1;T1 vs DetonatioN FocusMe;Lotus;T1;Sayaplayer;DetonatioN FocusMe;Meiy;2;0;2;First Kills;raze;127;254;17;12;3;5;0,78;163;0,33;7;0;7;both;DetonatioN FocusMe;1;2;DetonatioN FocusMe won;7;1;5;0;4;0;0;1
Champions Tour 2024: Pacific Stage 1;Regular Season;Week 1;T1 vs DetonatioN FocusMe;Lotus;T1;Rossy;DetonatioN FocusMe;Medusa;1;0;1;First Kills;viper;41;118;2;5;1;-3;0,5;96;0,14;0;0;0;attack;DetonatioN FocusMe;1;2;DetonatioN FocusMe won;7;1;5;0;4;0;0;1
Champions Tour 2024: Pacific Stage 1;Regular Season;Week 1;T1 vs DetonatioN FocusMe;Lotus;T1;xccurate;DetonatioN FocusMe;Anthem;1;0;1;Op Kills;chamber;74;184;9;9;1;0;0,67;107;0;2;2;0;defend;DetonatioN FocusMe;1;2;DetonatioN FocusMe won;7;1;5;0;4;0;0;1
Champions Tour 2024: Pacific Stage 1;Regular Season;Week 1;T1 vs DetonatioN FocusMe;Sunset;T1;iZu;DetonatioN FocusMe;Medusa;2;4;-2;All Kills;omen;109;196;16;16;12;0;0,58;127;0,29;5;1;4;both;DetonatioN FocusMe;1;2;DetonatioN FocusMe won;8;0;2;1;7;2;3;1
Champions Tour 2024: Pacific Stage 1;Regular Season;Week 1;T1 vs DetonatioN FocusMe;Sunset;T1;Sayaplayer;DetonatioN FocusMe;Medusa;2;4;-2;All Kills;neon;87;249;10;11;3;-1;0,75;143;0,34;4;2;2;attack;DetonatioN FocusMe;1;2;DetonatioN FocusMe won;8;0;2;1;7;2;3;1
Champions Tour 2024: Pacific Stage 1;Regular Season;Week 1;T1 vs DetonatioN FocusMe;Sunset;T1;xccurate;DetonatioN FocusMe;Medusa;4;2;2;All Kills;cypher;74;138;5;7;3;-2;0,67;86;0,17;1;3;-2;defend;DetonatioN FocusMe;1;2;DetonatioN FocusMe won;8;0;2;1;7;2;3;1
Champions Tour 2024: Pacific Stage 1;Regular Season;Week 1;T1 vs DetonatioN FocusMe;Sunset;T1;Rossy;DetonatioN FocusMe;Meiy;5;4;1;All Kills;kayo;138;272;22;18;16;4;0,75;167;0,15;2;1;1;both;DetonatioN FocusMe;1;2;DetonatioN FocusMe won;8;0;2;1;7;2;3;1
Champions Tour 2024: Pacific Stage 1;Regular Season;Week 1;T1 vs DetonatioN FocusMe;Sunset;T1;Carpe;DetonatioN FocusMe;Meiy;4;3;1;All Kills;sova;49;99;5;10;3;-5;0,83;63;0,25;1;0;1;attack;DetonatioN FocusMe;1;2;DetonatioN FocusMe won;8;0;2;1;7;2;3;1
Champions Tour 2024: Pacific Stage 1;Regular Season;Week 1;T1 vs DetonatioN FocusMe;Sunset;T1;Sayaplayer;DetonatioN FocusMe;Anthem;2;0;2;First Kills;neon;56;92;4;8;4;-4;0,5;66;0,19;0;0;0;defend;DetonatioN FocusMe;1;2;DetonatioN FocusMe won;8;0;2;1;7;2;3;1
Champions Tour 2024: Pacific Stage 1;Regular Season;Week 1;T1 vs DetonatioN FocusMe;Sunset;T1;Rossy;DetonatioN FocusMe;Anthem;1;0;1;First Kills;kayo;138;272;22;18;16;4;0,75;167;0,15;2;1;1;both;DetonatioN FocusMe;1;2;DetonatioN FocusMe won;8;0;2;1;7;2;3;1
Champions Tour 2024: Pacific Stage 1;Regular Season;Week 1;T1 vs DetonatioN FocusMe;Sunset;T1;Carpe;DetonatioN FocusMe;Meiy;1;0;1;First Kills;sova;49;99;5;10;3;-5;0,83;63;0,25;1;0;1;attack;DetonatioN FocusMe;1;2;DetonatioN FocusMe won;8;0;2;1;7;2;3;1
Champions Tour 2024: Pacific Stage 1;Regular Season;Week 2;Gen.G vs Paper Rex;Lotus;Gen.G;t3xture;Paper Rex;Jinggg;7;5;2;All Kills;raze;53;99;4;10;1;-6;0,5;79;0,33;1;1;0;defend;Paper Rex;1;2;Paper Rex won;7;2;4;0;9;2;0;0
Champions Tour 2024: Pacific Stage 1;Regular Season;Week 2;Gen.G vs Paper Rex;Lotus;Gen.G;Meteor;Paper Rex;f0rsakeN;5;1;4;All Kills;killjoy;122;298;24;21;3;3;0,79;204;0,32;6;1;5;both;Paper Rex;1;2;Paper Rex won;7;2;4;0;9;2;0;0
Champions Tour 2024: Pacific Stage 1;Regular Season;Week 2;Gen.G vs Paper Rex;Lotus;Gen.G;Lakia;Paper Rex;f0rsakeN;3;2;1;All Kills;fade;121;206;9;7;8;2;0,92;129;0,4;0;1;-1;attack;Paper Rex;1;2;Paper Rex won;7;2;4;0;9;2;0;0
Champions Tour 2024: Pacific Stage 1;Regular Season;Week 2;Gen.G vs Paper Rex;Lotus;Gen.G;Karon;Paper Rex;f0rsakeN;0;6;-6;All Kills;omen;85;148;6;9;4;-3;0,75;97;0,22;1;2;-1;defend;Paper Rex;1;2;Paper Rex won;7;2;4;0;9;2;0;0
Champions Tour 2024: Pacific Stage 1;Regular Season;Week 2;Gen.G vs Paper Rex;Lotus;Gen.G;Munchkin;Paper Rex;mindfreak;4;6;-2;All Kills;viper;84;145;12;17;12;-5;0,71;88;0,13;2;3;-1;both;Paper Rex;1;2;Paper Rex won;7;2;4;0;9;2;0;0
Champions Tour 2024: Pacific Stage 1;Regular Season;Week 2;Gen.G vs Paper Rex;Lotus;Gen.G;Meteor;Paper Rex;Jinggg;3;1;2;First Kills;killjoy;122;294;12;9;1;3;0,75;184;0,23;3;1;2;attack;Paper Rex;1;2;Paper Rex won;7;2;4;0;9;2;0;0
Champions Tour 2024: Pacific Stage 1;Regular Season;Week 2;Gen.G vs Paper Rex;Lotus;Gen.G;Karon;Paper Rex;Jinggg;1;1;0;First Kills;omen;85;148;6;9;4;-3;0,75;97;0,22;1;2;-1;defend;Paper Rex;1;2;Paper Rex won;7;2;4;0;9;2;0;0
Champions Tour 2024: Pacific Stage 1;Regular Season;Week 2;Gen.G vs Paper Rex;Lotus;Gen.G;t3xture;Paper Rex;something;1;0;1;Op Kills;raze;11;241;20;18;2;2;0,67;158;0,3;3;2;1;both;Paper Rex;1;2;Paper Rex won;7;2;4;0;9;2;0;0
Champions Tour 2024: Pacific Stage 1;Regular Season;Week 2;Gen.G vs Paper Rex;Icebox;Gen.G;t3xture;Paper Rex;mindfreak;5;4;1;All Kills;omen;115;207;9;9;2;0;0,58;132;0,38;1;3;-2;attack;Paper Rex;1;2;Paper Rex won;4;1;5;1;9;0;4;0
Champions Tour 2024: Pacific Stage 1;Regular Season;Week 2;Gen.G vs Paper Rex;Icebox;Gen.G;Meteor;Paper Rex;mindfreak;4;3;1;All Kills;killjoy;101;253;9;10;4;-1;0,67;187;0,19;0;0;0;defend;Paper Rex;1;2;Paper Rex won;4;1;5;1;9;0;4;0
Champions Tour 2024: Pacific Stage 1;Regular Season;Week 2;Gen.G vs Paper Rex;Icebox;Gen.G;Lakia;Paper Rex;d4v41;4;0;4;All Kills;gekko;99;185;16;16;4;0;0,67;127;0,24;1;3;-2;both;Paper Rex;1;2;Paper Rex won;4;1;5;1;9;0;4;0
Champions Tour 2024: Pacific Stage 1;Regular Season;Week 2;Gen.G vs Paper Rex;Icebox;Gen.G;Karon;Paper Rex;d4v41;4;1;3;All Kills;viper;73;205;7;11;5;-4;0,67;144;0,23;0;2;-2;attack;Paper Rex;1;2;Paper Rex won;4;1;5;1;9;0;4;0
Champions Tour 2024: Pacific Stage 1;Regular Season;Week 2;Gen.G vs Paper Rex;Icebox;Gen.G;Munchkin;Paper Rex;d4v41;1;5;-4;All Kills;kayo;186;374;17;8;4;9;0,92;216;0,39;2;2;0;defend;Paper Rex;1;2;Paper Rex won;4;1;5;1;9;0;4;0
Champions Tour 2024: Pacific Stage 1;Regular Season;Week 2;Gen.G vs Paper Rex;Icebox;Gen.G;Lakia;Paper Rex;Jinggg;0;1;-1;First Kills;gekko;99;185;16;16;4;0;0,67;127;0,24;1;3;-2;both;Paper Rex;1;2;Paper Rex won;4;1;5;1;9;0;4;0
Champions Tour 2024: Pacific Stage 1;Regular Season;Week 2;Gen.G vs Paper Rex;Icebox;Gen.G;Munchkin;Paper Rex;something;1;1;0;First Kills;kayo;36;119;4;11;6;-7;0,67;82;0,27;0;3;-3;attack;Paper Rex;1;2;Paper Rex won;4;1;5;1;9;0;4;0
Champions Tour 2024: Pacific Stage 1;Regular Season;Week 2;Gen.G vs Paper Rex;Icebox;Gen.G;t3xture;Paper Rex;something;1;1;0;Op Kills;omen;64;115;6;8;3;-2;0,58;80;0,22;1;1;0;defend;Paper Rex;1;2;Paper Rex won;4;1;5;1;9;0;4;0
Champions Tour 2024: Pacific Stage 1;Regular Season;Week 2;Gen.G vs Paper Rex;Bind;Gen.G;t3xture;Paper Rex;f0rsakeN;3;6;-3;All Kills;raze;72;158;11;16;0;-5;0,53;106;0,46;3;2;1;both;Paper Rex;1;2;Paper Rex won;4;0;2;0;6;1;6;0
Champions Tour 2024: Pacific Stage 1;Regular Season;Week 2;Gen.G vs Paper Rex;Bind;Gen.G;Meteor;Paper Rex;f0rsakeN;3;3;0;All Kills;cypher;54;117;4;10;2;-6;0,58;84;0,46;1;0;1;attack;Paper Rex;1;2;Paper Rex won;4;0;2;0;6;1;6;0
Champions Tour 2024: Pacific Stage 1;Regular Season;Week 2;Gen.G vs Paper Rex;Bind;Gen.G;Lakia;Paper Rex;f0rsakeN;1;3;-2;All Kills;skye;123;235;6;5;2;1;0,86;158;0,3;0;0;0;defend;Paper Rex;1;2;Paper Rex won;4;0;2;0;6;1;6;0
Champions Tour 2024: Pacific Stage 1;Regular Season;Week 2;Gen.G vs Paper Rex;Bind;Gen.G;Karon;Paper Rex;mindfreak;1;4;-3;All Kills;brimstone;101;195;12;14;6;-2;0,74;127;0,34;2;1;1;both;Paper Rex;1;2;Paper Rex won;4;0;2;0;6;1;6;0
Champions Tour 2024: Pacific Stage 1;Regular Season;Week 2;Gen.G vs Paper Rex;Bind;Gen.G;Munchkin;Paper Rex;mindfreak;4;3;1;All Kills;viper;76;165;6;11;4;-5;0,58;105;0,24;1;2;-1;attack;Paper Rex;1;2;Paper Rex won;4;0;2;0;6;1;6;0
Champions Tour 2024: Pacific Stage 1;Regular Season;Week 2;Gen.G vs Paper Rex;Bind;Gen.G;Meteor;Paper Rex;mindfreak;1;0;1;First Kills;cypher;136;271;7;4;1;3;0,57;188;0,38;1;0;1;defend;Paper Rex;1;2;Paper Rex won;4;0;2;0;6;1;6;0
Champions Tour 2024: Pacific Stage 1;Regular Season;Week 2;Gen.G vs Paper Rex;Bind;Gen.G;Karon;Paper Rex;d4v41;1;0;1;First Kills;brimstone;101;195;12;14;6;-2;0,74;127;0,34;2;1;1;both;Paper Rex;1;2;Paper Rex won;4;0;2;0;6;1;6;0
Champions Tour 2024: Pacific Stage 1;Regular Season;Week 2;T1 vs DRX;Breeze;T1;Carpe;DRX;MaKo;1;4;-3;All Kills;sova;79;118;4;6;5;-2;0,8;80;0,25;0;1;-1;attack;DRX;1;2;DRX won;10;1;2;0;7;1;1;0
Champions Tour 2024: Pacific Stage 1;Regular Season;Week 2;T1 vs DRX;Breeze;T1;iZu;DRX;MaKo;8;5;3;All Kills;yoru;142;289;12;10;2;2;0,67;180;0,44;4;0;4;defend;DRX;1;2;DRX won;10;1;2;0;7;1;1;0
Champions Tour 2024: Pacific Stage 1;Regular Season;Week 2;T1 vs DRX;Breeze;T1;Rossy;DRX;stax;2;2;0;All Kills;viper;71;141;9;14;6;-5;0,73;100;0,32;2;3;-1;both;DRX;1;2;DRX won;10;1;2;0;7;1;1;0
Champions Tour 2024: Pacific Stage 1;Regular Season;Week 2;T1 vs DRX;Breeze;T1;xccurate;DRX;stax;4;2;2;All Kills;harbor;145;235;9;4;4;5;0,9;154;0,24;0;0;0;attack;DRX;1;2;DRX won;10;1;2;0;7;1;1;0
Champions Tour 2024: Pacific Stage 1;Regular Season;Week 2;T1 vs DRX;Breeze;T1;Sayaplayer;DRX;stax;3;4;-1;All Kills;jett;13;130;5;12;0;-7;0,5;78;0,33;2;2;0;defend;DRX;1;2;DRX won;10;1;2;0;7;1;1;0
Champions Tour 2024: Pacific Stage 1;Regular Season;Week 2;T1 vs DRX;Breeze;T1;iZu;DRX;BeYN;1;0;1;First Kills;yoru;179;323;26;13;3;13;0,77;206;0,37;5;0;5;both;DRX;1;2;DRX won;10;1;2;0;7;1;1;0
Champions Tour 2024: Pacific Stage 1;Regular Season;Week 2;T1 vs DRX;Breeze;T1;Sayaplayer;DRX;BeYN;4;0;4;First Kills;jett;191;385;15;6;3;9;0,9;247;0,21;3;2;1;attack;DRX;1;2;DRX won;10;1;2;0;7;1;1;0
Champions Tour 2024: Pacific Stage 1;Regular Season;Week 2;T1 vs DRX;Breeze;T1;xccurate;DRX;stax;1;0;1;Op Kills;harbor;55;118;6;10;2;-4;0,5;87;0,25;0;0;0;defend;DRX;1;2;DRX won;10;1;2;0;7;1;1;0
Champions Tour 2024: Pacific Stage 1;Regular Season;Week 2;T1 vs DRX;Split;T1;Carpe;DRX;Foxy9;1;2;-1;All Kills;skye;9;179;11;15;2;-4;0,72;117;0,36;3;1;2;both;DRX;1;2;DRX won;2;1;1;1;9;1;0;3
Champions Tour 2024: Pacific Stage 1;Regular Season;Week 2;T1 vs DRX;Split;T1;iZu;DRX;Foxy9;1;3;-2;All Kills;raze;2;67;1;12;2;-11;0,25;56;0,06;0;8;-8;attack;DRX;1;2;DRX won;2;1;1;1;9;1;0;3
Champions Tour 2024: Pacific Stage 1;Regular Season;Week 2;T1 vs DRX;Split;T1;Rossy;DRX;Foxy9;2;2;0;All Kills;viper;68;88;2;3;3;-1;0,83;49;0,22;0;2;-2;defend;DRX;1;2;DRX won;2;1;1;1;9;1;0;3
Champions Tour 2024: Pacific Stage 1;Regular Season;Week 2;T1 vs DRX;Split;T1;xccurate;DRX;BuZz;0;4;-4;All Kills;omen;49;88;6;15;5;-9;0,5;51;0,25;0;1;-1;both;DRX;1;2;DRX won;2;1;1;1;9;1;0;3
Champions Tour 2024: Pacific Stage 1;Regular Season;Week 2;T1 vs DRX;Split;T1;Sayaplayer;DRX;BuZz;4;1;3;All Kills;jett;49;85;3;10;2;-7;0,33;55;0;0;2;-2;attack;DRX;1;2;DRX won;2;1;1;1;9;1;0;3
Champions Tour 2024: Pacific Stage 1;Regular Season;Week 2;T1 vs DRX;Split;T1;iZu;DRX;stax;0;3;-3;First Kills;raze;113;283;6;4;1;2;1;174;0,44;0;0;0;defend;DRX;1;2;DRX won;2;1;1;1;9;1;0;3
Champions Tour 2024: Pacific Stage 1;Regular Season;Week 2;T1 vs DRX;Split;T1;Carpe;DRX;BuZz;0;1;-1;Op Kills;skye;9;179;11;15;2;-4;0,72;117;0,36;3;1;2;both;DRX;1;2;DRX won;2;1;1;1;9;1;0;3
Champions Tour 2024: Pacific Stage 1;Regular Season;Week 2;T1 vs DRX;Split;T1;Sayaplayer;DRX;Foxy9;2;0;2;Op Kills;jett;49;85;3;10;2;-7;0,33;55;0;0;2;-2;attack;DRX;1;2;DRX won;2;1;1;1;9;1;0;3
Champions Tour 2024: Pacific Stage 1;Regular Season;Week 2;T1 vs DRX;Bind;T1;Carpe;DRX;BuZz;1;6;-5;All Kills;gekko;33;97;2;7;3;-5;0,29;62;0,11;1;0;1;defend;DRX;1;2;DRX won;6;0;0;0;7;2;3;1
Champions Tour 2024: Pacific Stage 1;Regular Season;Week 2;T1 vs DRX;Bind;T1;Rossy;DRX;BeYN;3;1;2;All Kills;viper;118;194;13;13;3;0;0,68;122;0,21;0;2;-2;both;DRX;1;2;DRX won;6;0;0;0;7;2;3;1
Champions Tour 2024: Pacific Stage 1;Regular Season;Week 2;T1 vs DRX;Bind;T1;xccurate;DRX;BeYN;2;3;-1;All Kills;harbor;79;142;6;10;1;-4;0,58;95;0,31;1;0;1;attack;DRX;1;2;DRX won;6;0;0;0;7;2;3;1
Champions Tour 2024: Pacific Stage 1;Regular Season;Week 2;T1 vs DRX;Bind;T1;Sayaplayer;DRX;BeYN;2;1;1;All Kills;raze;131;218;6;4;1;2;0,86;113;0,17;0;1;-1;defend;DRX;1;2;DRX won;6;0;0;0;7;2;3;1
Champions Tour 2024: Pacific Stage 1;Regular Season;Week 2;T1 vs DRX;Bind;T1;Carpe;DRX;stax;1;0;1;First Kills;gekko;45;109;6;18;10;-12;0,42;72;0,19;1;4;-3;both;DRX;1;2;DRX won;6;0;0;0;7;2;3;1
Champions Tour 2024: Pacific Stage 1;Regular Season;Week 2;T1 vs DRX;Bind;T1;iZu;DRX;BuZz;1;0;1;First Kills;skye;32;98;3;11;2;-8;0,33;79;0,29;1;1;0;attack;DRX;1;2;DRX won;6;0;0;0;7;2;3;1
Champions Tour 2024: Pacific Stage 1;Regular Season;Week 2;T1 vs DRX;Bind;T1;Sayaplayer;DRX;BeYN;0;1;-1;First Kills;raze;131;218;6;4;1;2;0,86;113;0,17;0;1;-1;defend;DRX;1;2;DRX won;6;0;0;0;7;2;3;1
Champions Tour 2024: Pacific Stage 1;Regular Season;Week 2;Gen.G vs DetonatioN FocusMe;Split;Gen.G;t3xture;DetonatioN FocusMe;Medusa;3;2;1;All Kills;raze;156;289;21;11;4;10;0,81;186;0,24;7;1;6;both;DetonatioN FocusMe;2;0;Gen.G won;7;3;1;2;5;2;1;0
Champions Tour 2024: Pacific Stage 1;Regular Season;Week 2;Gen.G vs DetonatioN FocusMe;Split;Gen.G;Meteor;DetonatioN FocusMe;Medusa;1;4;-3;All Kills;jett;141;297;10;5;1;5;0,89;186;0,38;4;2;2;attack;DetonatioN FocusMe;2;0;Gen.G won;7;3;1;2;5;2;1;0
Champions Tour 2024: Pacific Stage 1;Regular Season;Week 2;Gen.G vs DetonatioN FocusMe;Split;Gen.G;Munchkin;DetonatioN FocusMe;Medusa;3;4;-1;All Kills;viper;103;198;8;7;6;1;0,75;133;0,41;0;2;-2;defend;DetonatioN FocusMe;2;0;Gen.G won;7;3;1;2;5;2;1;0
Champions Tour 2024: Pacific Stage 1;Regular Season;Week 2;Gen.G vs DetonatioN FocusMe;Split;Gen.G;Lakia;DetonatioN FocusMe;Meiy;3;6;-3;All Kills;skye;89;142;10;13;8;-3;0,81;101;0,19;0;1;-1;both;DetonatioN FocusMe;2;0;Gen.G won;7;3;1;2;5;2;1;0
Champions Tour 2024: Pacific Stage 1;Regular Season;Week 2;Gen.G vs DetonatioN FocusMe;Split;Gen.G;Karon;DetonatioN FocusMe;Meiy;3;5;-2;All Kills;omen;153;222;8;3;8;5;1;122;0,58;0;1;-1;attack;DetonatioN FocusMe;2;0;Gen.G won;7;3;1;2;5;2;1;0
Champions Tour 2024: Pacific Stage 1;Regular Season;Week 2;Gen.G vs DetonatioN FocusMe;Split;Gen.G;t3xture;DetonatioN FocusMe;SSeeS;1;0;1;First Kills;raze;203;371;15;6;3;9;0,83;237;0,15;6;1;5;defend;DetonatioN FocusMe;2;0;Gen.G won;7;3;1;2;5;2;1;0
Champions Tour 2024: Pacific Stage 1;Regular Season;Week 2;Gen.G vs DetonatioN FocusMe;Split;Gen.G;Meteor;DetonatioN FocusMe;neth;2;0;2;First Kills;jett;89;178;14;13;1;1;0,71;111;0,37;4;3;1;both;DetonatioN FocusMe;2;0;Gen.G won;7;3;1;2;5;2;1;0
Champions Tour 2024: Pacific Stage 1;Regular Season;Week 2;Gen.G vs DetonatioN FocusMe;Split;Gen.G;t3xture;DetonatioN FocusMe;Medusa;1;0;1;Op Kills;raze;93;181;6;5;1;1;0,78;119;0,54;1;0;1;attack;DetonatioN FocusMe;2;0;Gen.G won;7;3;1;2;5;2;1;0
Champions Tour 2024: Pacific Stage 1;Regular Season;Week 2;Gen.G vs DetonatioN FocusMe;Split;Gen.G;Meteor;DetonatioN FocusMe;neth;1;0;1;Op Kills;jett;5;90;4;8;0;-4;0,58;54;0,33;0;1;-1;defend;DetonatioN FocusMe;2;0;Gen.G won;7;3;1;2;5;2;1;0
Champions Tour 2024: Pacific Stage 1;Regular Season;Week 2;Gen.G vs DetonatioN FocusMe;Lotus;Gen.G;t3xture;DetonatioN FocusMe;Anthem;0;1;-1;All Kills;raze;1;189;14;13;5;1;0,7;131;0,28;2;4;-2;both;DetonatioN FocusMe;2;0;Gen.G won;8;2;3;0;5;1;1;0
Champions Tour 2024: Pacific Stage 1;Regular Season;Week 2;Gen.G vs DetonatioN FocusMe;Lotus;Gen.G;Meteor;DetonatioN FocusMe;Anthem;3;3;0;All Kills;killjoy;86;195;6;6;0;0;0,88;124;0,29;1;1;0;attack;DetonatioN FocusMe;2;0;Gen.G won;8;2;3;0;5;1;1;0
Champions Tour 2024: Pacific Stage 1;Regular Season;Week 2;Gen.G vs DetonatioN FocusMe;Lotus;Gen.G;Munchkin;DetonatioN FocusMe;Anthem;4;1;3;All Kills;viper;12;270;10;9;4;1;0,75;172;0,32;1;0;1;defend;DetonatioN FocusMe;2;0;Gen.G won;8;2;3;0;5;1;1;0
Champions Tour 2024: Pacific Stage 1;Regular Season;Week 2;Gen.G vs DetonatioN FocusMe;Lotus;Gen.G;Lakia;DetonatioN FocusMe;neth;4;1;3;All Kills;fade;126;210;14;11;9;3;0,8;142;0,29;4;0;4;both;DetonatioN FocusMe;2;0;Gen.G won;8;2;3;0;5;1;1;0
Champions Tour 2024: Pacific Stage 1;Regular Season;Week 2;Gen.G vs DetonatioN FocusMe;Lotus;Gen.G;Karon;DetonatioN FocusMe;neth;4;2;2;All Kills;omen;185;241;8;1;4;7;0,88;124;0,36;1;0;1;attack;DetonatioN FocusMe;2;0;Gen.G won;8;2;3;0;5;1;1;0
Champions Tour 2024: Pacific Stage 1;Regular Season;Week 2;Gen.G vs DetonatioN FocusMe;Lotus;Gen.G;Meteor;DetonatioN FocusMe;Medusa;1;0;1;First Kills;killjoy;76;184;7;10;1;-3;0,75;123;0,27;2;2;0;defend;DetonatioN FocusMe;2;0;Gen.G won;8;2;3;0;5;1;1;0
Champions Tour 2024: Pacific Stage 1;Regular Season;Week 2;Gen.G vs DetonatioN FocusMe;Lotus;Gen.G;Munchkin;DetonatioN FocusMe;Anthem;1;0;1;First Kills;viper;135;245;16;10;6;6;0,8;152;0,44;3;0;3;both;DetonatioN FocusMe;2;0;Gen.G won;8;2;3;0;5;1;1;0
Champions Tour 2024: Pacific Stage 1;Regular Season;Week 2;T1 vs Rex Regum Qeon;Ascent;T1;Rossy;Rex Regum Qeon;Jemkin;3;4;-1;All Kills;kayo;194;292;6;2;6;4;1;175;0,42;2;0;2;attack;Rex Regum Qeon;2;0;T1 won;10;1;2;0;4;2;0;0
Champions Tour 2024: Pacific Stage 1;Regular Season;Week 2;T1 vs Rex Regum Qeon;Ascent;T1;iZu;Rex Regum Qeon;Jemkin;3;2;1;All Kills;omen;79;104;5;6;5;-1;0,83;83;0,42;0;0;0;defend;Rex Regum Qeon;2;0;T1 won;10;1;2;0;4;2;0;0
Champions Tour 2024: Pacific Stage 1;Regular Season;Week 2;T1 vs Rex Regum Qeon;Ascent;T1;xccurate;Rex Regum Qeon;Estrella;3;0;3;All Kills;killjoy;104;157;12;8;0;4;0,79;106;0,28;1;0;1;both;Rex Regum Qeon;2;0;T1 won;10;1;2;0;4;2;0;0
Champions Tour 2024: Pacific Stage 1;Regular Season;Week 2;T1 vs Rex Regum Qeon;Ascent;T1;Carpe;Rex Regum Qeon;Estrella;3;1;2;All Kills;sova;173;201;6;1;2;5;0,86;168;0,5;1;0;1;attack;Rex Regum Qeon;2;0;T1 won;10;1;2;0;4;2;0;0
Champions Tour 2024: Pacific Stage 1;Regular Season;Week 2;T1 vs Rex Regum Qeon;Ascent;T1;Sayaplayer;Rex Regum Qeon;Estrella;4;0;4;All Kills;jett;99;208;9;10;1;-1;0,58;134;0,37;4;3;1;defend;Rex Regum Qeon;2;0;T1 won;10;1;2;0;4;2;0;0
Champions Tour 2024: Pacific Stage 1;Regular Season;Week 2;T1 vs Rex Regum Qeon;Ascent;T1;Rossy;Rex Regum Qeon;xffero;1;0;1;First Kills;kayo;172;307;20;9;10;11;0,84;201;0,48;4;1;3;both;Rex Regum Qeon;2;0;T1 won;10;1;2;0;4;2;0;0
Champions Tour 2024: Pacific Stage 1;Regular Season;Week 2;T1 vs Rex Regum Qeon;Ascent;T1;Carpe;Rex Regum Qeon;Lmemore;0;1;-1;First Kills;sova;173;201;6;1;2;5;0,86;168;0,5;1;0;1;attack;Rex Regum Qeon;2;0;T1 won;10;1;2;0;4;2;0;0
Champions Tour 2024: Pacific Stage 1;Regular Season;Week 2;T1 vs Rex Regum Qeon;Ascent;T1;Sayaplayer;Rex Regum Qeon;xffero;1;0;1;Op Kills;jett;99;208;9;10;1;-1;0,58;134;0,37;4;3;1;defend;Rex Regum Qeon;2;0;T1 won;10;1;2;0;4;2;0;0
Champions Tour 2024: Pacific Stage 1;Regular Season;Week 2;T1 vs Rex Regum Qeon;Lotus;T1;iZu;Rex Regum Qeon;Jemkin;5;3;2;All Kills;omen;151;292;23;14;7;9;0,81;195;0,26;3;3;0;both;Rex Regum Qeon;2;0;T1 won;9;0;4;0;5;2;0;1
Champions Tour 2024: Pacific Stage 1;Regular Season;Week 2;T1 vs Rex Regum Qeon;Lotus;T1;xccurate;Rex Regum Qeon;Jemkin;5;1;4;All Kills;chamber;147;199;8;4;0;4;1;116;0,09;1;1;0;attack;Rex Regum Qeon;2;0;T1 won;9;0;4;0;5;2;0;1
Champions Tour 2024: Pacific Stage 1;Regular Season;Week 2;T1 vs Rex Regum Qeon;Lotus;T1;Carpe;Rex Regum Qeon;Jemkin;4;2;2;All Kills;fade;9;141;7;8;4;-1;0,83;118;0,24;0;2;-2;defend;Rex Regum Qeon;2;0;T1 won;9;0;4;0;5;2;0;1
Champions Tour 2024: Pacific Stage 1;Regular Season;Week 2;T1 vs Rex Regum Qeon;Lotus;T1;Sayaplayer;Rex Regum Qeon;Estrella;5;4;1;All Kills;raze;103;274;19;19;6;0;0,76;176;0,35;6;1;5;both;Rex Regum Qeon;2;0;T1 won;9;0;4;0;5;2;0;1
Champions Tour 2024: Pacific Stage 1;Regular Season;Week 2;T1 vs Rex Regum Qeon;Lotus;T1;Rossy;Rex Regum Qeon;Lmemore;0;1;-1;First Kills;viper;119;205;7;6;4;1;0,78;151;0,33;0;1;-1;attack;Rex Regum Qeon;2;0;T1 won;9;0;4;0;5;2;0;1
Champions Tour 2024: Pacific Stage 1;Regular Season;Week 2;T1 vs Rex Regum Qeon;Lotus;T1;xccurate;Rex Regum Qeon;Lmemore;1;1;0;First Kills;chamber;139;197;11;7;0;4;0,83;118;0,25;1;0;1;defend;Rex Regum Qeon;2;0;T1 won;9;0;4;0;5;2;0;1
Champions Tour 2024: Pacific Stage 1;Regular Season;Week 2;T1 vs Rex Regum Qeon;Lotus;T1;xccurate;Rex Regum Qeon;Jemkin;3;0;3;Op Kills;chamber;142;197;19;11;0;8;0,9;117;0,19;2;1;1;both;Rex Regum Qeon;2;0;T1 won;9;0;4;0;5;2;0;1
Champions Tour 2024: Pacific Stage 1;Regular Season;Week 3;Gen.G vs DRX;Bind;Gen.G;Meteor;DRX;Foxy9;4;5;-1;All Kills;cypher;85;175;7;8;2;-1;0,73;115;0,5;0;0;0;attack;DRX;1;2;DRX won;5;3;2;0;12;1;0;0
Champions Tour 2024: Pacific Stage 1;Regular Season;Week 3;Gen.G vs DRX;Bind;Gen.G;Karon;DRX;Foxy9;1;3;-2;All Kills;brimstone;118;164;8;8;6;0;0,75;76;0,21;0;0;0;defend;DRX;1;2;DRX won;5;3;2;0;12;1;0;0
Champions Tour 2024: Pacific Stage 1;Regular Season;Week 3;Gen.G vs DRX;Bind;Gen.G;t3xture;DRX;stax;1;5;-4;All Kills;raze;114;268;20;19;5;1;0,7;172;0,23;7;4;3;both;DRX;1;2;DRX won;5;3;2;0;12;1;0;0
Champions Tour 2024: Pacific Stage 1;Regular Season;Week 3;Gen.G vs DRX;Bind;Gen.G;Munchkin;DRX;stax;1;4;-3;All Kills;viper;43;69;2;7;4;-5;0,64;59;0,25;0;0;0;attack;DRX;1;2;DRX won;5;3;2;0;12;1;0;0
Champions Tour 2024: Pacific Stage 1;Regular Season;Week 3;Gen.G vs DRX;Bind;Gen.G;Lakia;DRX;stax;5;1;4;All Kills;skye;55;172;7;12;4;-5;0,58;118;0,21;0;4;-4;defend;DRX;1;2;DRX won;5;3;2;0;12;1;0;0
Champions Tour 2024: Pacific Stage 1;Regular Season;Week 3;Gen.G vs DRX;Bind;Gen.G;t3xture;DRX;MaKo;3;0;3;First Kills;raze;114;268;20;19;5;1;0,7;172;0,23;7;4;3;both;DRX;1;2;DRX won;5;3;2;0;12;1;0;0
Champions Tour 2024: Pacific Stage 1;Regular Season;Week 3;Gen.G vs DRX;Bind;Gen.G;Munchkin;DRX;BeYN;0;1;-1;First Kills;viper;43;69;2;7;4;-5;0,64;59;0,25;0;0;0;attack;DRX;1;2;DRX won;5;3;2;0;12;1;0;0
Champions Tour 2024: Pacific Stage 1;Regular Season;Week 3;Gen.G vs DRX;Bind;Gen.G;t3xture;DRX;Foxy9;2;0;2;Op Kills;raze;106;281;10;11;4;-1;0,67;193;0,15;3;1;2;defend;DRX;1;2;DRX won;5;3;2;0;12;1;0;0
Champions Tour 2024: Pacific Stage 1;Regular Season;Week 3;Gen.G vs DRX;Ascent;Gen.G;Meteor;DRX;BuZz;2;3;-1;All Kills;killjoy;115;203;19;12;1;7;0,77;151;0,37;1;2;-1;both;DRX;1;2;DRX won;10;2;1;0;6;2;1;0
Champions Tour 2024: Pacific Stage 1;Regular Season;Week 3;Gen.G vs DRX;Ascent;Gen.G;Karon;DRX;BuZz;4;4;0;All Kills;omen;112;222;7;7;7;0;0,8;143;0,35;1;0;1;attack;DRX;1;2;DRX won;10;2;1;0;6;2;1;0
Champions Tour 2024: Pacific Stage 1;Regular Season;Week 3;Gen.G vs DRX;Ascent;Gen.G;t3xture;DRX;BuZz;4;5;-1;All Kills;jett;71;160;6;9;3;-3;0,67;116;0,21;2;1;1;defend;DRX;1;2;DRX won;10;2;1;0;6;2;1;0
Champions Tour 2024: Pacific Stage 1;Regular Season;Week 3;Gen.G vs DRX;Ascent;Gen.G;Lakia;DRX;Foxy9;2;3;-1;All Kills;sova;87;139;11;12;4;-1;0,68;93;0,23;3;1;2;both;DRX;1;2;DRX won;10;2;1;0;6;2;1;0
Champions Tour 2024: Pacific Stage 1;Regular Season;Week 3;Gen.G vs DRX;Ascent;Gen.G;Meteor;DRX;Foxy9;1;0;1;First Kills;killjoy;158;258;11;4;0;7;0,9;190;0,48;0;1;-1;attack;DRX;1;2;DRX won;10;2;1;0;6;2;1;0
Champions Tour 2024: Pacific Stage 1;Regular Season;Week 3;Gen.G vs DRX;Ascent;Gen.G;t3xture;DRX;Foxy9;1;0;1;First Kills;jett;71;160;6;9;3;-3;0,67;116;0,21;2;1;1;defend;DRX;1;2;DRX won;10;2;1;0;6;2;1;0
Champions Tour 2024: Pacific Stage 1;Regular Season;Week 3;Gen.G vs DRX;Ascent;Gen.G;Lakia;DRX;stax;1;0;1;First Kills;sova;87;139;11;12;4;-1;0,68;93;0,23;3;1;2;both;DRX;1;2;DRX won;10;2;1;0;6;2;1;0
Champions Tour 2024: Pacific Stage 1;Regular Season;Week 3;Gen.G vs DRX;Ascent;Gen.G;Lakia;DRX;BuZz;0;1;-1;Op Kills;sova;58;77;2;5;2;-3;0,7;52;0,2;2;0;2;attack;DRX;1;2;DRX won;10;2;1;0;6;2;1;0
Champions Tour 2024: Pacific Stage 1;Regular Season;Week 3;Gen.G vs DRX;Split;Gen.G;Meteor;DRX;BuZz;3;3;0;All Kills;jett;44;105;3;7;0;-4;0,5;89;0,5;2;1;1;defend;DRX;1;2;DRX won;6;1;0;0;11;1;0;1
Champions Tour 2024: Pacific Stage 1;Regular Season;Week 3;Gen.G vs DRX;Split;Gen.G;t3xture;DRX;Foxy9;6;1;5;All Kills;raze;82;188;12;14;1;-2;0,6;135;0,2;1;5;-4;both;DRX;1;2;DRX won;6;1;0;0;11;1;0;1
Champions Tour 2024: Pacific Stage 1;Regular Season;Week 3;Gen.G vs DRX;Split;Gen.G;Munchkin;DRX;Foxy9;2;0;2;All Kills;viper;109;128;5;5;5;0;0,75;73;0,19;1;0;1;attack;DRX;1;2;DRX won;6;1;0;0;11;1;0;1
Champions Tour 2024: Pacific Stage 1;Regular Season;Week 3;Gen.G vs DRX;Split;Gen.G;Lakia;DRX;Foxy9;0;6;-6;All Kills;skye;62;149;4;7;2;-3;0,63;93;0,5;0;0;0;defend;DRX;1;2;DRX won;6;1;0;0;11;1;0;1
Champions Tour 2024: Pacific Stage 1;Regular Season;Week 3;Gen.G vs DRX;Split;Gen.G;Meteor;DRX;stax;1;0;1;First Kills;jett;84;186;14;15;1;-1;0,55;117;0,48;5;3;2;both;DRX;1;2;DRX won;6;1;0;0;11;1;0;1
Champions Tour 2024: Pacific Stage 1;Regular Season;Week 3;Gen.G vs DRX;Split;Gen.G;Karon;DRX;BeYN;0;1;-1;First Kills;omen;6;125;5;9;2;-4;0,58;79;0,21;0;3;-3;attack;DRX;1;2;DRX won;6;1;0;0;11;1;0;1
Champions Tour 2024: Pacific Stage 1;Regular Season;Week 3;Gen.G vs DRX;Split;Gen.G;t3xture;DRX;BeYN;0;1;-1;First Kills;raze;12;77;2;6;0;-4;0,5;75;0,15;0;3;-3;defend;DRX;1;2;DRX won;6;1;0;0;11;1;0;1
Champions Tour 2024: Pacific Stage 1;Regular Season;Week 3;Gen.G vs DRX;Split;Gen.G;t3xture;DRX;BuZz;0;1;-1;Op Kills;raze;82;188;12;14;1;-2;0,6;135;0,2;1;5;-4;both;DRX;1;2;DRX won;6;1;0;0;11;1;0;1
Champions Tour 2024: Pacific Stage 1;Regular Season;Week 3;T1 vs Talon Esports;Lotus;T1;xccurate;Talon Esports;Crws;3;2;1;All Kills;chamber;53;140;6;9;0;-3;0,75;102;0,29;0;2;-2;attack;Talon Esports;0;2;Talon Esports won;4;4;3;0;6;3;4;0
Champions Tour 2024: Pacific Stage 1;Regular Season;Week 3;T1 vs Talon Esports;Lotus;T1;Rossy;Talon Esports;Crws;0;5;-5;All Kills;viper;126;258;10;8;5;2;0,83;180;0,29;3;2;1;defend;Talon Esports;0;2;Talon Esports won;4;4;3;0;6;3;4;0
Champions Tour 2024: Pacific Stage 1;Regular Season;Week 3;T1 vs Talon Esports;Lotus;T1;Carpe;Talon Esports;JitBoyS;4;6;-2;All Kills;fade;105;195;17;16;9;1;0,71;117;0,32;2;2;0;both;Talon Esports;0;2;Talon Esports won;4;4;3;0;6;3;4;0
Champions Tour 2024: Pacific Stage 1;Regular Season;Week 3;T1 vs Talon Esports;Lotus;T1;Sayaplayer;Talon Esports;JitBoyS;1;5;-4;All Kills;raze;113;272;12;9;1;3;0,83;183;0,23;4;3;1;attack;Talon Esports;0;2;Talon Esports won;4;4;3;0;6;3;4;0
Champions Tour 2024: Pacific Stage 1;Regular Season;Week 3;T1 vs Talon Esports;Lotus;T1;xccurate;Talon Esports;ban;1;2;-1;First Kills;chamber;123;211;10;7;1;3;0,75;128;0,16;3;0;3;defend;Talon Esports;0;2;Talon Esports won;4;4;3;0;6;3;4;0
Champions Tour 2024: Pacific Stage 1;Regular Season;Week 3;T1 vs Talon Esports;Lotus;T1;Carpe;Talon Esports;lenne;1;1;0;First Kills;fade;105;195;17;16;9;1;0,71;117;0,32;2;2;0;both;Talon Esports;0;2;Talon Esports won;4;4;3;0;6;3;4;0
Champions Tour 2024: Pacific Stage 1;Regular Season;Week 3;T1 vs Talon Esports;Lotus;T1;Sayaplayer;Talon Esports;Governor;3;1;2;First Kills;raze;113;272;12;9;1;3;0,83;183;0,23;4;3;1;attack;Talon Esports;0;2;Talon Esports won;4;4;3;0;6;3;4;0
Champions Tour 2024: Pacific Stage 1;Regular Season;Week 3;T1 vs Talon Esports;Bind;T1;xccurate;Talon Esports;JitBoyS;2;2;0;All Kills;harbor;163;360;15;8;3;7;0,91;216;0,32;2;2;0;defend;Talon Esports;0;2;Talon Esports won;6;1;3;0;10;0;3;0
Champions Tour 2024: Pacific Stage 1;Regular Season;Week 3;T1 vs Talon Esports;Bind;T1;Rossy;Talon Esports;ban;3;3;0;All Kills;viper;122;246;19;17;5;2;0,74;159;0,26;3;1;2;both;Talon Esports;0;2;Talon Esports won;6;1;3;0;10;0;3;0
Champions Tour 2024: Pacific Stage 1;Regular Season;Week 3;T1 vs Talon Esports;Bind;T1;iZu;Talon Esports;Crws;3;2;1;All Kills;skye;24;83;3;11;3;-8;0,58;59;0,23;0;4;-4;attack;Talon Esports;0;2;Talon Esports won;6;1;3;0;10;0;3;0
Champions Tour 2024: Pacific Stage 1;Regular Season;Week 3;T1 vs Talon Esports;Bind;T1;Sayaplayer;Talon Esports;JitBoyS;2;3;-1;All Kills;raze;103;185;7;7;3;0;0,82;114;0,11;1;1;0;defend;Talon Esports;0;2;Talon Esports won;6;1;3;0;10;0;3;0
Champions Tour 2024: Pacific Stage 1;Regular Season;Week 3;T1 vs Talon Esports;Bind;T1;xccurate;Talon Esports;ban;1;0;1;First Kills;harbor;99;225;19;18;5;1;0,74;135;0,31;2;5;-3;both;Talon Esports;0;2;Talon Esports won;6;1;3;0;10;0;3;0
Champions Tour 2024: Pacific Stage 1;Regular Season;Week 3;T1 vs Talon Esports;Bind;T1;iZu;Talon Esports;ban;0;1;-1;First Kills;skye;24;83;3;11;3;-8;0,58;59;0,23;0;4;-4;attack;Talon Esports;0;2;Talon Esports won;6;1;3;0;10;0;3;0
Champions Tour 2024: Pacific Stage 1;Regular Season;Week 3;T1 vs Talon Esports;Bind;T1;Sayaplayer;Talon Esports;ban;0;1;-1;First Kills;raze;103;185;7;7;3;0;0,82;114;0,11;1;1;0;defend;Talon Esports;0;2;Talon Esports won;6;1;3;0;10;0;3;0
Champions Tour 2024: Pacific Stage 1;Regular Season;Week 3;Gen.G vs ZETA DIVISION;Split;Gen.G;Meteor;ZETA DIVISION;yuran;6;5;1;All Kills;jett;142;284;22;11;3;11;0,71;166;0,16;2;2;0;both;ZETA DIVISION;2;0;Gen.G won;13;0;0;0;4;1;2;1
Champions Tour 2024: Pacific Stage 1;Regular Season;Week 3;Gen.G vs ZETA DIVISION;Split;Gen.G;Karon;ZETA DIVISION;yuran;3;3;0;All Kills;omen;153;203;8;2;3;6;0,89;138;0,43;0;0;0;attack;ZETA DIVISION;2;0;Gen.G won;13;0;0;0;4;1;2;1
Champions Tour 2024: Pacific Stage 1;Regular Season;Week 3;Gen.G vs ZETA DIVISION;Split;Gen.G;Lakia;ZETA DIVISION;yuran;3;1;2;All Kills;skye;99;157;8;6;3;2;0,75;94;0,21;0;2;-2;defend;ZETA DIVISION;2;0;Gen.G won;13;0;0;0;4;1;2;1
Champions Tour 2024: Pacific Stage 1;Regular Season;Week 3;Gen.G vs ZETA DIVISION;Split;Gen.G;Munchkin;ZETA DIVISION;SugarZ3ro;1;4;-3;All Kills;viper;62;107;5;12;8;-7;0,71;85;0,08;1;6;-5;both;ZETA DIVISION;2;0;Gen.G won;13;0;0;0;4;1;2;1
Champions Tour 2024: Pacific Stage 1;Regular Season;Week 3;Gen.G vs ZETA DIVISION;Split;Gen.G;t3xture;ZETA DIVISION;SugarZ3ro;5;0;5;All Kills;raze;87;128;5;5;0;0;0,56;73;0,3;1;1;0;attack;ZETA DIVISION;2;0;Gen.G won;13;0;0;0;4;1;2;1
Champions Tour 2024: Pacific Stage 1;Regular Season;Week 3;Gen.G vs ZETA DIVISION;Split;Gen.G;Karon;ZETA DIVISION;Dep;2;0;2;First Kills;omen;179;325;14;6;3;8;0,92;182;0,23;2;0;2;defend;ZETA DIVISION;2;0;Gen.G won;13;0;0;0;4;1;2;1
Champions Tour 2024: Pacific Stage 1;Regular Season;Week 3;Gen.G vs ZETA DIVISION;Split;Gen.G;t3xture;ZETA DIVISION;Laz;0;3;-3;First Kills;raze;78;170;13;14;3;-1;0,57;114;0,24;3;3;0;both;ZETA DIVISION;2;0;Gen.G won;13;0;0;0;4;1;2;1
Champions Tour 2024: Pacific Stage 1;Regular Season;Week 3;Gen.G vs ZETA DIVISION;Split;Gen.G;Meteor;ZETA DIVISION;SugarZ3ro;1;0;1;Op Kills;jett;176;380;12;5;1;7;0,78;227;0,3;1;1;0;attack;ZETA DIVISION;2;0;Gen.G won;13;0;0;0;4;1;2;1
Champions Tour 2024: Pacific Stage 1;Regular Season;Week 3;Gen.G vs ZETA DIVISION;Ascent;Gen.G;Meteor;ZETA DIVISION;Dep;4;3;1;All Kills;killjoy;104;259;12;10;2;2;0,69;176;0,38;1;0;1;defend;ZETA DIVISION;2;0;Gen.G won;12;2;0;0;10;0;2;0
Champions Tour 2024: Pacific Stage 1;Regular Season;Week 3;Gen.G vs ZETA DIVISION;Ascent;Gen.G;Karon;ZETA DIVISION;yuran;2;2;0;All Kills;omen;96;174;16;18;12;-2;0,62;121;0,29;3;1;2;both;ZETA DIVISION;2;0;Gen.G won;12;2;0;0;10;0;2;0
Champions Tour 2024: Pacific Stage 1;Regular Season;Week 3;Gen.G vs ZETA DIVISION;Ascent;Gen.G;Lakia;ZETA DIVISION;yuran;2;5;-3;All Kills;sova;98;156;6;8;5;-2;0,69;105;0,24;1;2;-1;attack;ZETA DIVISION;2;0;Gen.G won;12;2;0;0;10;0;2;0
Champions Tour 2024: Pacific Stage 1;Regular Season;Week 3;Gen.G vs ZETA DIVISION;Ascent;Gen.G;Munchkin;ZETA DIVISION;yuran;4;2;2;All Kills;kayo;72;128;6;8;4;-2;0,62;87;0,28;0;2;-2;defend;ZETA DIVISION;2;0;Gen.G won;12;2;0;0;10;0;2;0
Champions Tour 2024: Pacific Stage 1;Regular Season;Week 3;Gen.G vs ZETA DIVISION;Ascent;Gen.G;t3xture;ZETA DIVISION;SugarZ3ro;2;5;-3;All Kills;jett;119;235;21;17;4;4;0,73;156;0,25;7;2;5;both;ZETA DIVISION;2;0;Gen.G won;12;2;0;0;10;0;2;0
Champions Tour 2024: Pacific Stage 1;Regular Season;Week 3;Gen.G vs ZETA DIVISION;Ascent;Gen.G;Karon;ZETA DIVISION;Dep;1;1;0;First Kills;omen;97;160;7;9;7;-2;0,62;120;0,37;1;1;0;attack;ZETA DIVISION;2;0;Gen.G won;12;2;0;0;10;0;2;0
Champions Tour 2024: Pacific Stage 1;Regular Season;Week 3;Gen.G vs ZETA DIVISION;Ascent;Gen.G;Munchkin;ZETA DIVISION;Dep;0;2;-2;First Kills;kayo;72;128;6;8;4;-2;0,62;87;0,28;0;2;-2;defend;ZETA DIVISION;2;0;Gen.G won;12;2;0;0;10;0;2;0
Champions Tour 2024: Pacific Stage 1;Regular Season;Week 3;Gen.G vs ZETA DIVISION;Ascent;Gen.G;Meteor;ZETA DIVISION;hiroronn;1;0;1;Op Kills;killjoy;98;236;22;20;5;2;0,58;160;0,4;2;3;-1;both;ZETA DIVISION;2;0;Gen.G won;12;2;0;0;10;0;2;0
Champions Tour 2024: Pacific Stage 1;Regular Season;Week 3;Gen.G vs ZETA DIVISION;Ascent;Gen.G;t3xture;ZETA DIVISION;Dep;1;0;1;Op Kills;jett;108;199;9;8;2;1;0,62;148;0,39;3;1;2;attack;ZETA DIVISION;2;0;Gen.G won;12;2;0;0;10;0;2;0
Champions Tour 2024: Pacific Stage 1;Regular Season;Week 4;T1 vs ZETA DIVISION;Bind;T1;xccurate;ZETA DIVISION;SugarZ3ro;1;4;-3;All Kills;harbor;71;161;7;9;3;-2;0,83;94;0,25;1;1;0;defend;ZETA DIVISION;2;1;T1 won;8;1;2;0;10;2;1;0
Champions Tour 2024: Pacific Stage 1;Regular Season;Week 4;T1 vs ZETA DIVISION;Bind;T1;Rossy;ZETA DIVISION;hiroronn;4;1;3;All Kills;skye;132;250;20;15;12;5;0,92;159;0,23;2;4;-2;both;ZETA DIVISION;2;1;T1 won;8;1;2;0;10;2;1;0
Champions Tour 2024: Pacific Stage 1;Regular Season;Week 4;T1 vs ZETA DIVISION;Bind;T1;Carpe;ZETA DIVISION;hiroronn;2;4;-2;All Kills;gekko;102;180;10;8;1;2;0,67;92;0,07;1;2;-1;attack;ZETA DIVISION;2;1;T1 won;8;1;2;0;10;2;1;0
Champions Tour 2024: Pacific Stage 1;Regular Season;Week 4;T1 vs ZETA DIVISION;Bind;T1;iZu;ZETA DIVISION;hiroronn;1;3;-2;All Kills;viper;44;91;4;7;1;-3;0,58;69;0,06;1;0;1;defend;ZETA DIVISION;2;1;T1 won;8;1;2;0;10;2;1;0
Champions Tour 2024: Pacific Stage 1;Regular Season;Week 4;T1 vs ZETA DIVISION;Bind;T1;Sayaplayer;ZETA DIVISION;Laz;4;4;0;All Kills;raze;13;301;24;19;7;5;0,83;211;0,25;5;2;3;both;ZETA DIVISION;2;1;T1 won;8;1;2;0;10;2;1;0
Champions Tour 2024: Pacific Stage 1;Regular Season;Week 4;T1 vs ZETA DIVISION;Bind;T1;Carpe;ZETA DIVISION;Dep;1;0;1;First Kills;gekko;102;180;10;8;1;2;0,67;92;0,07;1;2;-1;attack;ZETA DIVISION;2;1;T1 won;8;1;2;0;10;2;1;0
Champions Tour 2024: Pacific Stage 1;Regular Season;Week 4;T1 vs ZETA DIVISION;Bind;T1;iZu;ZETA DIVISION;Dep;0;1;-1;First Kills;viper;44;91;4;7;1;-3;0,58;69;0,06;1;0;1;defend;ZETA DIVISION;2;1;T1 won;8;1;2;0;10;2;1;0
Champions Tour 2024: Pacific Stage 1;Regular Season;Week 4;T1 vs ZETA DIVISION;Bind;T1;Sayaplayer;ZETA DIVISION;Laz;0;1;-1;First Kills;raze;13;301;24;19;7;5;0,83;211;0,25;5;2;3;both;ZETA DIVISION;2;1;T1 won;8;1;2;0;10;2;1;0
Champions Tour 2024: Pacific Stage 1;Regular Season;Week 4;T1 vs ZETA DIVISION;Lotus;T1;xccurate;ZETA DIVISION;Dep;3;4;-1;All Kills;chamber;152;255;13;6;0;7;0,83;177;0,35;2;0;2;attack;ZETA DIVISION;2;1;T1 won;8;1;4;0;3;2;4;0
Champions Tour 2024: Pacific Stage 1;Regular Season;Week 4;T1 vs ZETA DIVISION;Lotus;T1;Rossy;ZETA DIVISION;Dep;2;0;2;All Kills;viper;128;230;8;6;3;2;0,7;152;0,23;1;0;1;defend;ZETA DIVISION;2;1;T1 won;8;1;4;0;3;2;4;0
Champions Tour 2024: Pacific Stage 1;Regular Season;Week 4;T1 vs ZETA DIVISION;Lotus;T1;Carpe;ZETA DIVISION;yuran;2;3;-1;All Kills;fade;71;147;11;15;9;-4;0,68;86;0,24;2;0;2;both;ZETA DIVISION;2;1;T1 won;8;1;4;0;3;2;4;0
Champions Tour 2024: Pacific Stage 1;Regular Season;Week 4;T1 vs ZETA DIVISION;Lotus;T1;iZu;ZETA DIVISION;yuran;1;3;-2;All Kills;omen;131;268;12;8;4;4;0,83;184;0,61;2;0;2;attack;ZETA DIVISION;2;1;T1 won;8;1;4;0;3;2;4;0
Champions Tour 2024: Pacific Stage 1;Regular Season;Week 4;T1 vs ZETA DIVISION;Lotus;T1;Sayaplayer;ZETA DIVISION;yuran;6;2;4;All Kills;raze;114;283;9;8;5;1;0,9;208;0,24;2;2;0;defend;ZETA DIVISION;2;1;T1 won;8;1;4;0;3;2;4;0
Champions Tour 2024: Pacific Stage 1;Regular Season;Week 4;T1 vs ZETA DIVISION;Lotus;T1;xccurate;ZETA DIVISION;hiroronn;1;0;1;First Kills;chamber;133;230;21;13;2;8;0,77;156;0,27;4;1;3;both;ZETA DIVISION;2;1;T1 won;8;1;4;0;3;2;4;0
Champions Tour 2024: Pacific Stage 1;Regular Season;Week 4;T1 vs ZETA DIVISION;Lotus;T1;iZu;ZETA DIVISION;Dep;3;0;3;First Kills;omen;131;268;12;8;4;4;0,83;184;0,61;2;0;2;attack;ZETA DIVISION;2;1;T1 won;8;1;4;0;3;2;4;0
Champions Tour 2024: Pacific Stage 1;Regular Season;Week 4;T1 vs ZETA DIVISION;Lotus;T1;Sayaplayer;ZETA DIVISION;Laz;1;1;0;First Kills;raze;114;283;9;8;5;1;0,9;208;0,24;2;2;0;defend;ZETA DIVISION;2;1;T1 won;8;1;4;0;3;2;4;0
Champions Tour 2024: Pacific Stage 1;Regular Season;Week 4;T1 vs ZETA DIVISION;Lotus;T1;Rossy;ZETA DIVISION;Laz;0;1;-1;Op Kills;viper;137;234;18;13;8;5;0,77;172;0,27;1;0;1;both;ZETA DIVISION;2;1;T1 won;8;1;4;0;3;2;4;0
Champions Tour 2024: Pacific Stage 1;Regular Season;Week 4;T1 vs ZETA DIVISION;Sunset;T1;xccurate;ZETA DIVISION;yuran;2;5;-3;All Kills;cypher;73;120;5;7;3;-2;0,58;92;0,25;0;1;-1;attack;ZETA DIVISION;2;1;T1 won;9;0;4;0;5;2;3;0
Champions Tour 2024: Pacific Stage 1;Regular Season;Week 4;T1 vs ZETA DIVISION;Sunset;T1;Rossy;ZETA DIVISION;yuran;1;2;-1;All Kills;kayo;61;111;4;7;3;-3;0,82;80;0,27;2;0;2;defend;ZETA DIVISION;2;1;T1 won;9;0;4;0;5;2;3;0
Champions Tour 2024: Pacific Stage 1;Regular Season;Week 4;T1 vs ZETA DIVISION;Sunset;T1;Carpe;ZETA DIVISION;SugarZ3ro;4;3;1;All Kills;gekko;117;205;17;13;12;4;0,78;131;0,27;4;2;2;both;ZETA DIVISION;2;1;T1 won;9;0;4;0;5;2;3;0
Champions Tour 2024: Pacific Stage 1;Regular Season;Week 4;T1 vs ZETA DIVISION;Sunset;T1;iZu;ZETA DIVISION;SugarZ3ro;2;3;-1;All Kills;omen;95;169;8;8;8;0;0,83;88;0,4;0;1;-1;attack;ZETA DIVISION;2;1;T1 won;9;0;4;0;5;2;3;0
Champions Tour 2024: Pacific Stage 1;Regular Season;Week 4;T1 vs ZETA DIVISION;Sunset;T1;Sayaplayer;ZETA DIVISION;SugarZ3ro;4;2;2;All Kills;raze;143;248;10;6;0;4;0,73;150;0,24;4;2;2;defend;ZETA DIVISION;2;1;T1 won;9;0;4;0;5;2;3;0
Champions Tour 2024: Pacific Stage 1;Regular Season;Week 4;T1 vs ZETA DIVISION;Sunset;T1;Rossy;ZETA DIVISION;hiroronn;1;0;1;First Kills;kayo;91;179;14;15;9;-1;0,83;120;0,3;3;0;3;both;ZETA DIVISION;2;1;T1 won;9;0;4;0;5;2;3;0
Champions Tour 2024: Pacific Stage 1;Regular Season;Week 4;T1 vs ZETA DIVISION;Sunset;T1;iZu;ZETA DIVISION;Laz;0;1;-1;First Kills;omen;95;169;8;8;8;0;0,83;88;0,4;0;1;-1;attack;ZETA DIVISION;2;1;T1 won;9;0;4;0;5;2;3;0
Champions Tour 2024: Pacific Stage 1;Regular Season;Week 4;T1 vs ZETA DIVISION;Sunset;T1;Rossy;ZETA DIVISION;Laz;0;1;-1;Op Kills;kayo;61;111;4;7;3;-3;0,82;80;0,27;2;0;2;defend;ZETA DIVISION;2;1;T1 won;9;0;4;0;5;2;3;0
Champions Tour 2024: Pacific Stage 1;Regular Season;Week 4;Gen.G vs Rex Regum Qeon;Breeze;Gen.G;Meteor;Rex Regum Qeon;xffero;5;0;5;All Kills;yoru;93;150;9;10;4;-1;0,81;114;0,27;2;1;1;both;Rex Regum Qeon;1;2;Rex Regum Qeon won;8;0;2;3;3;0;0;0
Champions Tour 2024: Pacific Stage 1;Regular Season;Week 4;Gen.G vs Rex Regum Qeon;Breeze;Gen.G;Karon;Rex Regum Qeon;xffero;2;1;1;All Kills;astra;123;210;3;3;0;0;0,5;169;0,6;0;0;0;attack;Rex Regum Qeon;1;2;Rex Regum Qeon won;8;0;2;3;3;0;0;0
Champions Tour 2024: Pacific Stage 1;Regular Season;Week 4;Gen.G vs Rex Regum Qeon;Breeze;Gen.G;Lakia;Rex Regum Qeon;xffero;1;4;-3;All Kills;sova;92;162;7;7;7;0;0,92;118;0,11;1;1;0;defend;Rex Regum Qeon;1;2;Rex Regum Qeon won;8;0;2;3;3;0;0;0
Champions Tour 2024: Pacific Stage 1;Regular Season;Week 4;Gen.G vs Rex Regum Qeon;Breeze;Gen.G;Munchkin;Rex Regum Qeon;fl1pzjder;2;0;2;All Kills;viper;154;230;14;6;3;8;0,81;183;0,32;1;0;1;both;Rex Regum Qeon;1;2;Rex Regum Qeon won;8;0;2;3;3;0;0;0
Champions Tour 2024: Pacific Stage 1;Regular Season;Week 4;Gen.G vs Rex Regum Qeon;Breeze;Gen.G;t3xture;Rex Regum Qeon;fl1pzjder;2;0;2;First Kills;jett;2;58;1;4;0;-3;0,25;64;0,33;0;1;-1;attack;Rex Regum Qeon;1;2;Rex Regum Qeon won;8;0;2;3;3;0;0;0
Champions Tour 2024: Pacific Stage 1;Regular Season;Week 4;Gen.G vs Rex Regum Qeon;Breeze;Gen.G;Karon;Rex Regum Qeon;fl1pzjder;1;0;1;First Kills;astra;194;357;17;5;2;12;0,92;216;0,3;3;0;3;defend;Rex Regum Qeon;1;2;Rex Regum Qeon won;8;0;2;3;3;0;0;0
Champions Tour 2024: Pacific Stage 1;Regular Season;Week 4;Gen.G vs Rex Regum Qeon;Breeze;Gen.G;t3xture;Rex Regum Qeon;xffero;2;0;2;Op Kills;jett;126;243;16;9;2;7;0,69;158;0,33;5;2;3;both;Rex Regum Qeon;1;2;Rex Regum Qeon won;8;0;2;3;3;0;0;0
Champions Tour 2024: Pacific Stage 1;Regular Season;Week 4;Gen.G vs Rex Regum Qeon;Ascent;Gen.G;t3xture;Rex Regum Qeon;Lmemore;3;4;-1;All Kills;jett;138;310;13;10;4;3;0,83;194;0,35;3;1;2;attack;Rex Regum Qeon;1;2;Rex Regum Qeon won;7;2;0;2;10;0;3;0
Champions Tour 2024: Pacific Stage 1;Regular Season;Week 4;Gen.G vs Rex Regum Qeon;Ascent;Gen.G;Meteor;Rex Regum Qeon;Lmemore;4;4;0;All Kills;killjoy;103;221;10;8;2;2;0,67;168;0,3;1;0;1;defend;Rex Regum Qeon;1;2;Rex Regum Qeon won;7;2;0;2;10;0;3;0
Champions Tour 2024: Pacific Stage 1;Regular Season;Week 4;Gen.G vs Rex Regum Qeon;Ascent;Gen.G;Karon;Rex Regum Qeon;Estrella;0;7;-7;All Kills;omen;78;134;12;19;13;-7;0,75;85;0,27;1;1;0;both;Rex Regum Qeon;1;2;Rex Regum Qeon won;7;2;0;2;10;0;3;0
Champions Tour 2024: Pacific Stage 1;Regular Season;Week 4;Gen.G vs Rex Regum Qeon;Ascent;Gen.G;Lakia;Rex Regum Qeon;Estrella;6;1;5;All Kills;sova;108;178;8;8;4;0;0,83;140;0,53;0;1;-1;attack;Rex Regum Qeon;1;2;Rex Regum Qeon won;7;2;0;2;10;0;3;0
Champions Tour 2024: Pacific Stage 1;Regular Season;Week 4;Gen.G vs Rex Regum Qeon;Ascent;Gen.G;Munchkin;Rex Regum Qeon;Estrella;4;1;3;All Kills;kayo;102;208;9;8;4;1;0,83;126;0,29;1;2;-1;defend;Rex Regum Qeon;1;2;Rex Regum Qeon won;7;2;0;2;10;0;3;0
Champions Tour 2024: Pacific Stage 1;Regular Season;Week 4;Gen.G vs Rex Regum Qeon;Ascent;Gen.G;t3xture;Rex Regum Qeon;Jemkin;2;1;1;First Kills;jett;117;253;21;19;7;2;0,75;165;0,28;7;2;5;both;Rex Regum Qeon;1;2;Rex Regum Qeon won;7;2;0;2;10;0;3;0
Champions Tour 2024: Pacific Stage 1;Regular Season;Week 4;Gen.G vs Rex Regum Qeon;Ascent;Gen.G;Lakia;Rex Regum Qeon;xffero;1;0;1;First Kills;sova;108;178;8;8;4;0;0,83;140;0,53;0;1;-1;attack;Rex Regum Qeon;1;2;Rex Regum Qeon won;7;2;0;2;10;0;3;0
Champions Tour 2024: Pacific Stage 1;Regular Season;Week 4;Gen.G vs Rex Regum Qeon;Ascent;Gen.G;Munchkin;Rex Regum Qeon;Jemkin;1;2;-1;First Kills;kayo;102;208;9;8;4;1;0,83;126;0,29;1;2;-1;defend;Rex Regum Qeon;1;2;Rex Regum Qeon won;7;2;0;2;10;0;3;0
Champions Tour 2024: Pacific Stage 1;Regular Season;Week 4;Gen.G vs Rex Regum Qeon;Ascent;Gen.G;Lakia;Rex Regum Qeon;Jemkin;0;1;-1;Op Kills;sova;99;197;16;17;9;-1;0,79;139;0,4;2;1;1;both;Rex Regum Qeon;1;2;Rex Regum Qeon won;7;2;0;2;10;0;3;0
Champions Tour 2024: Pacific Stage 1;Regular Season;Week 4;Gen.G vs Rex Regum Qeon;Split;Gen.G;t3xture;Rex Regum Qeon;Estrella;5;2;3;All Kills;raze;126;236;10;8;1;2;0,58;151;0,31;1;3;-2;attack;Rex Regum Qeon;1;2;Rex Regum Qeon won;7;1;1;1;9;0;4;0
Champions Tour 2024: Pacific Stage 1;Regular Season;Week 4;Gen.G vs Rex Regum Qeon;Split;Gen.G;Meteor;Rex Regum Qeon;Estrella;1;6;-5;All Kills;jett;98;162;9;8;1;1;0,55;126;0,21;0;2;-2;defend;Rex Regum Qeon;1;2;Rex Regum Qeon won;7;1;1;1;9;0;4;0
Champions Tour 2024: Pacific Stage 1;Regular Season;Week 4;Gen.G vs Rex Regum Qeon;Split;Gen.G;Karon;Rex Regum Qeon;Jemkin;5;5;0;All Kills;omen;82;205;17;18;7;-1;0,65;122;0,44;1;2;-1;both;Rex Regum Qeon;1;2;Rex Regum Qeon won;7;1;1;1;9;0;4;0
Champions Tour 2024: Pacific Stage 1;Regular Season;Week 4;Gen.G vs Rex Regum Qeon;Split;Gen.G;Lakia;Rex Regum Qeon;Jemkin;1;3;-2;All Kills;skye;38;115;4;10;2;-6;0,58;65;0,4;0;2;-2;attack;Rex Regum Qeon;1;2;Rex Regum Qeon won;7;1;1;1;9;0;4;0
Champions Tour 2024: Pacific Stage 1;Regular Season;Week 4;Gen.G vs Rex Regum Qeon;Split;Gen.G;Munchkin;Rex Regum Qeon;Jemkin;3;2;1;All Kills;viper;97;195;7;8;3;-1;0,73;159;0,17;1;1;0;defend;Rex Regum Qeon;1;2;Rex Regum Qeon won;7;1;1;1;9;0;4;0
Champions Tour 2024: Pacific Stage 1;Regular Season;Week 4;Gen.G vs Rex Regum Qeon;Split;Gen.G;Meteor;Rex Regum Qeon;Estrella;0;2;-2;First Kills;jett;85;180;16;18;2;-2;0,57;128;0,28;1;5;-4;both;Rex Regum Qeon;1;2;Rex Regum Qeon won;7;1;1;1;9;0;4;0
Champions Tour 2024: Pacific Stage 1;Regular Season;Week 4;Gen.G vs Rex Regum Qeon;Split;Gen.G;Lakia;Rex Regum Qeon;xffero;0;1;-1;First Kills;skye;38;115;4;10;2;-6;0,58;65;0,4;0;2;-2;attack;Rex Regum Qeon;1;2;Rex Regum Qeon won;7;1;1;1;9;0;4;0
Champions Tour 2024: Pacific Stage 1;Regular Season;Week 4;Gen.G vs Rex Regum Qeon;Split;Gen.G;Munchkin;Rex Regum Qeon;Lmemore;1;0;1;First Kills;viper;97;195;7;8;3;-1;0,73;159;0,17;1;1;0;defend;Rex Regum Qeon;1;2;Rex Regum Qeon won;7;1;1;1;9;0;4;0
Champions Tour 2024: Pacific Stage 1;Playoffs;Knockout Round;Paper Rex vs Talon Esports;Lotus;Paper Rex;f0rsakeN;Talon Esports;Governor;0;1;-1;All Kills;breach;114;213;9;7;8;2;0,92;129;0,16;3;0;3;both;Talon Esports;2;1;Paper Rex won;12;1;0;0;0;0;0;0
Champions Tour 2024: Pacific Stage 1;Playoffs;Knockout Round;Paper Rex vs Talon Esports;Lotus;Paper Rex;mindfreak;Talon Esports;JitBoyS;3;0;3;All Kills;omen;116;153;7;5;7;2;1;128;0,21;0;0;0;both;Talon Esports;2;1;Paper Rex won;12;1;0;0;0;0;0;0
Champions Tour 2024: Pacific Stage 1;Playoffs;Knockout Round;Paper Rex vs Talon Esports;Lotus;Paper Rex;d4v41;Talon Esports;ban;1;1;0;All Kills;skye;182;197;12;2;13;10;1;111;0,44;0;0;0;both;Talon Esports;2;1;Paper Rex won;12;1;0;0;0;0;0;0
Champions Tour 2024: Pacific Stage 1;Playoffs;Knockout Round;Paper Rex vs Talon Esports;Lotus;Paper Rex;something;Talon Esports;Crws;3;1;2;All Kills;jett;179;340;15;5;3;10;0,83;233;0,21;6;1;5;attack;Talon Esports;2;1;Paper Rex won;12;1;0;0;0;0;0;0
Champions Tour 2024: Pacific Stage 1;Playoffs;Knockout Round;Paper Rex vs Talon Esports;Lotus;Paper Rex;Jinggg;Talon Esports;Governor;1;0;1;First Kills;raze;207;327;17;3;3;14;0,85;212;0,31;2;0;2;both;Talon Esports;2;1;Paper Rex won;12;1;0;0;0;0;0;0
Champions Tour 2024: Pacific Stage 1;Playoffs;Knockout Round;Paper Rex vs Talon Esports;Lotus;Paper Rex;d4v41;Talon Esports;Governor;1;0;1;Op Kills;skye;182;197;12;2;13;10;1;111;0,44;0;0;0;both;Talon Esports;2;1;Paper Rex won;12;1;0;0;0;0;0;0
Champions Tour 2024: Pacific Stage 1;Playoffs;Knockout Round;Paper Rex vs Talon Esports;Bind;Paper Rex;f0rsakeN;Talon Esports;ban;1;0;1;All Kills;harbor;36;133;4;10;2;-6;0,5;104;0,17;0;5;-5;defend;Talon Esports;2;1;Paper Rex won;4;1;2;0;8;3;2;0
Champions Tour 2024: Pacific Stage 1;Playoffs;Knockout Round;Paper Rex vs Talon Esports;Bind;Paper Rex;Jinggg;Talon Esports;Crws;3;2;1;All Kills;raze;112;269;19;13;1;6;0,85;168;0,28;3;2;1;both;Talon Esports;2;1;Paper Rex won;4;1;2;0;8;3;2;0
Champions Tour 2024: Pacific Stage 1;Playoffs;Knockout Round;Paper Rex vs Talon Esports;Bind;Paper Rex;mindfreak;Talon Esports;Crws;2;3;-1;All Kills;brimstone;138;275;8;6;8;2;0,88;184;0,32;1;0;1;attack;Talon Esports;2;1;Paper Rex won;4;1;2;0;8;3;2;0
Champions Tour 2024: Pacific Stage 1;Playoffs;Knockout Round;Paper Rex vs Talon Esports;Bind;Paper Rex;d4v41;Talon Esports;Crws;4;2;2;All Kills;skye;98;176;7;9;3;-2;0,67;124;0,33;0;0;0;defend;Talon Esports;2;1;Paper Rex won;4;1;2;0;8;3;2;0
Champions Tour 2024: Pacific Stage 1;Playoffs;Knockout Round;Paper Rex vs Talon Esports;Bind;Paper Rex;something;Talon Esports;Governor;2;3;-1;All Kills;gekko;96;161;12;13;3;-1;0,65;101;0,29;1;2;-1;both;Talon Esports;2;1;Paper Rex won;4;1;2;0;8;3;2;0
Champions Tour 2024: Pacific Stage 1;Playoffs;Knockout Round;Paper Rex vs Talon Esports;Bind;Paper Rex;Jinggg;Talon Esports;JitBoyS;1;0;1;First Kills;raze;168;317;10;4;0;6;0,88;209;0,36;2;1;1;attack;Talon Esports;2;1;Paper Rex won;4;1;2;0;8;3;2;0
Champions Tour 2024: Pacific Stage 1;Playoffs;Knockout Round;Paper Rex vs Talon Esports;Bind;Paper Rex;mindfreak;Talon Esports;Crws;1;0;1;First Kills;brimstone;69;188;7;11;1;-4;0,67;125;0,23;3;1;2;defend;Talon Esports;2;1;Paper Rex won;4;1;2;0;8;3;2;0
Champions Tour 2024: Pacific Stage 1;Playoffs;Knockout Round;Paper Rex vs Talon Esports;Sunset;Paper Rex;f0rsakeN;Talon Esports;JitBoyS;4;2;2;All Kills;breach;125;244;18;15;12;3;0,82;162;0,43;2;2;0;both;Talon Esports;2;1;Paper Rex won;10;1;2;0;6;0;3;0
Champions Tour 2024: Pacific Stage 1;Playoffs;Knockout Round;Paper Rex vs Talon Esports;Sunset;Paper Rex;Jinggg;Talon Esports;ban;3;2;1;All Kills;raze;79;239;7;9;2;-2;0,8;168;0,18;1;3;-2;attack;Talon Esports;2;1;Paper Rex won;10;1;2;0;6;0;3;0
Champions Tour 2024: Pacific Stage 1;Playoffs;Knockout Round;Paper Rex vs Talon Esports;Sunset;Paper Rex;mindfreak;Talon Esports;Crws;3;5;-2;All Kills;omen;149;297;14;7;4;7;0,67;171;0,38;3;1;2;defend;Talon Esports;2;1;Paper Rex won;10;1;2;0;6;0;3;0
Champions Tour 2024: Pacific Stage 1;Playoffs;Knockout Round;Paper Rex vs Talon Esports;Sunset;Paper Rex;something;Talon Esports;JitBoyS;2;3;-1;All Kills;gekko;124;230;20;13;4;7;0,91;153;0,3;4;0;4;both;Talon Esports;2;1;Paper Rex won;10;1;2;0;6;0;3;0
Champions Tour 2024: Pacific Stage 1;Playoffs;Knockout Round;Paper Rex vs Talon Esports;Sunset;Paper Rex;f0rsakeN;Talon Esports;ban;0;1;-1;First Kills;breach;128;266;8;8;4;0;0,7;180;0,41;2;2;0;attack;Talon Esports;2;1;Paper Rex won;10;1;2;0;6;0;3;0
Champions Tour 2024: Pacific Stage 1;Playoffs;Knockout Round;Paper Rex vs Talon Esports;Sunset;Paper Rex;Jinggg;Talon Esports;Governor;1;1;0;First Kills;raze;131;284;11;7;4;4;0,75;206;0,17;2;1;1;defend;Talon Esports;2;1;Paper Rex won;10;1;2;0;6;0;3;0
Champions Tour 2024: Pacific Stage 1;Playoffs;Knockout Round;Paper Rex vs Talon Esports;Sunset;Paper Rex;something;Talon Esports;ban;2;0;2;First Kills;gekko;124;230;20;13;4;7;0,91;153;0,3;4;0;4;both;Talon Esports;2;1;Paper Rex won;10;1;2;0;6;0;3;0
Champions Tour 2024: Pacific Stage 1;Playoffs;Upper Semifinals;Gen.G vs T1;Ascent;Gen.G;t3xture;T1;Carpe;1;3;-2;All Kills;jett;79;216;8;12;2;-4;0,58;151;0,36;2;4;-2;attack;T1;1;2;T1 won;7;0;1;1;7;2;3;1
Champions Tour 2024: Pacific Stage 1;Playoffs;Upper Semifinals;Gen.G vs T1;Ascent;Gen.G;Meteor;T1;Carpe;3;3;0;All Kills;killjoy;12;217;8;5;0;3;0,7;148;0,36;1;0;1;defend;T1;1;2;T1 won;7;0;1;1;7;2;3;1
Champions Tour 2024: Pacific Stage 1;Playoffs;Upper Semifinals;Gen.G vs T1;Ascent;Gen.G;Lakia;T1;Sayaplayer;3;2;1;All Kills;sova;105;182;14;14;7;0;0,86;130;0,29;0;1;-1;both;T1;1;2;T1 won;7;0;1;1;7;2;3;1
Champions Tour 2024: Pacific Stage 1;Playoffs;Upper Semifinals;Gen.G vs T1;Ascent;Gen.G;Munchkin;T1;Sayaplayer;2;1;1;All Kills;kayo;74;171;6;10;5;-4;0,67;111;0,22;0;1;-1;attack;T1;1;2;T1 won;7;0;1;1;7;2;3;1
Champions Tour 2024: Pacific Stage 1;Playoffs;Upper Semifinals;Gen.G vs T1;Ascent;Gen.G;Karon;T1;Sayaplayer;1;3;-2;All Kills;omen;79;155;4;6;7;-2;0,8;89;0,13;1;1;0;defend;T1;1;2;T1 won;7;0;1;1;7;2;3;1
Champions Tour 2024: Pacific Stage 1;Playoffs;Upper Semifinals;Gen.G vs T1;Ascent;Gen.G;t3xture;T1;Rossy;0;1;-1;First Kills;jett;95;226;17;18;3;-1;0,68;144;0,29;6;5;1;both;T1;1;2;T1 won;7;0;1;1;7;2;3;1
Champions Tour 2024: Pacific Stage 1;Playoffs;Upper Semifinals;Gen.G vs T1;Ascent;Gen.G;Lakia;T1;Rossy;0;1;-1;First Kills;sova;108;205;8;9;5;-1;0,83;147;0,3;0;0;0;attack;T1;1;2;T1 won;7;0;1;1;7;2;3;1
Champions Tour 2024: Pacific Stage 1;Playoffs;Upper Semifinals;Gen.G vs T1;Ascent;Gen.G;Karon;T1;iZu;2;1;1;First Kills;omen;79;155;4;6;7;-2;0,8;89;0,13;1;1;0;defend;T1;1;2;T1 won;7;0;1;1;7;2;3;1
Champions Tour 2024: Pacific Stage 1;Playoffs;Upper Semifinals;Gen.G vs T1;Ascent;Gen.G;Munchkin;T1;Sayaplayer;0;1;-1;Op Kills;kayo;107;210;16;15;6;1;0,73;138;0,27;1;1;0;both;T1;1;2;T1 won;7;0;1;1;7;2;3;1
Champions Tour 2024: Pacific Stage 1;Playoffs;Upper Semifinals;Gen.G vs T1;Sunset;Gen.G;t3xture;T1;xccurate;4;3;1;All Kills;jett;42;89;3;6;2;-3;0,67;61;0,18;1;3;-2;attack;T1;1;2;T1 won;13;0;0;0;7;0;1;0
Champions Tour 2024: Pacific Stage 1;Playoffs;Upper Semifinals;Gen.G vs T1;Sunset;Gen.G;Meteor;T1;xccurate;5;2;3;All Kills;cypher;14;276;12;7;4;5;0,67;197;0,46;3;1;2;defend;T1;1;2;T1 won;13;0;0;0;7;0;1;0
Champions Tour 2024: Pacific Stage 1;Playoffs;Upper Semifinals;Gen.G vs T1;Sunset;Gen.G;Lakia;T1;iZu;2;2;0;All Kills;sova;9;161;11;13;7;-2;0,76;117;0,31;1;1;0;both;T1;1;2;T1 won;13;0;0;0;7;0;1;0
Champions Tour 2024: Pacific Stage 1;Playoffs;Upper Semifinals;Gen.G vs T1;Sunset;Gen.G;Munchkin;T1;iZu;3;2;1;All Kills;kayo;206;329;11;4;7;7;1;222;0,33;0;0;0;attack;T1;1;2;T1 won;13;0;0;0;7;0;1;0
Champions Tour 2024: Pacific Stage 1;Playoffs;Upper Semifinals;Gen.G vs T1;Sunset;Gen.G;Karon;T1;iZu;3;3;0;All Kills;omen;113;172;7;6;10;1;0,83;97;0,39;0;0;0;defend;T1;1;2;T1 won;13;0;0;0;7;0;1;0
Champions Tour 2024: Pacific Stage 1;Playoffs;Upper Semifinals;Gen.G vs T1;Sunset;Gen.G;Meteor;T1;xccurate;2;0;2;First Kills;cypher;126;277;21;15;7;6;0,71;182;0,4;7;1;6;both;T1;1;2;T1 won;13;0;0;0;7;0;1;0
Champions Tour 2024: Pacific Stage 1;Playoffs;Upper Semifinals;Gen.G vs T1;Sunset;Gen.G;Karon;T1;Sayaplayer;0;1;-1;First Kills;omen;194;323;12;4;4;8;0,89;205;0,31;0;1;-1;attack;T1;1;2;T1 won;13;0;0;0;7;0;1;0
Champions Tour 2024: Pacific Stage 1;Playoffs;Upper Semifinals;Gen.G vs T1;Breeze;Gen.G;t3xture;T1;Carpe;3;3;0;All Kills;jett;124;258;11;8;2;3;0,75;149;0,21;3;3;0;defend;T1;1;2;T1 won;5;2;0;0;6;3;3;1
Champions Tour 2024: Pacific Stage 1;Playoffs;Upper Semifinals;Gen.G vs T1;Breeze;Gen.G;Meteor;T1;Sayaplayer;0;7;-7;All Kills;yoru;66;177;12;17;3;-5;0,65;126;0,24;3;1;2;both;T1;1;2;T1 won;5;2;0;0;6;3;3;1
Champions Tour 2024: Pacific Stage 1;Playoffs;Upper Semifinals;Gen.G vs T1;Breeze;Gen.G;Lakia;T1;Sayaplayer;2;7;-5;All Kills;sova;9;134;3;4;3;-1;0,75;114;0,17;0;1;-1;attack;T1;1;2;T1 won;5;2;0;0;6;3;3;1
Champions Tour 2024: Pacific Stage 1;Playoffs;Upper Semifinals;Gen.G vs T1;Breeze;Gen.G;Munchkin;T1;Sayaplayer;4;3;1;All Kills;viper;114;255;11;8;2;3;0,5;164;0,45;0;1;-1;defend;T1;1;2;T1 won;5;2;0;0;6;3;3;1
Champions Tour 2024: Pacific Stage 1;Playoffs;Upper Semifinals;Gen.G vs T1;Breeze;Gen.G;Karon;T1;Rossy;3;2;1;All Kills;astra;87;155;11;14;10;-3;0,7;101;0,4;2;1;1;both;T1;1;2;T1 won;5;2;0;0;6;3;3;1
Champions Tour 2024: Pacific Stage 1;Playoffs;Upper Semifinals;Gen.G vs T1;Breeze;Gen.G;t3xture;T1;xccurate;0;1;-1;First Kills;jett;84;235;7;7;1;0;0,75;141;0,36;2;0;2;attack;T1;1;2;T1 won;5;2;0;0;6;3;3;1
Champions Tour 2024: Pacific Stage 1;Playoffs;Upper Semifinals;Gen.G vs T1;Breeze;Gen.G;Meteor;T1;iZu;1;0;1;First Kills;yoru;72;189;8;11;2;-3;0,67;143;0,22;1;1;0;defend;T1;1;2;T1 won;5;2;0;0;6;3;3;1
Champions Tour 2024: Pacific Stage 1;Playoffs;Upper Semifinals;Gen.G vs T1;Breeze;Gen.G;Karon;T1;iZu;1;0;1;First Kills;astra;87;155;11;14;10;-3;0,7;101;0,4;2;1;1;both;T1;1;2;T1 won;5;2;0;0;6;3;3;1
Champions Tour 2024: Pacific Stage 1;Playoffs;Upper Semifinals;Gen.G vs T1;Breeze;Gen.G;Lakia;T1;Sayaplayer;0;1;-1;Op Kills;sova;9;134;3;4;3;-1;0,75;114;0,17;0;1;-1;attack;T1;1;2;T1 won;5;2;0;0;6;3;3;1
Champions Tour 2024: Pacific Stage 1;Playoffs;Upper Final;T1 vs Paper Rex;Lotus;T1;xccurate;Paper Rex;mindfreak;1;2;-1;All Kills;chamber;56;187;7;11;1;-4;0,5;120;0,29;3;4;-1;defend;Paper Rex;0;2;Paper Rex won;1;1;1;0;11;1;1;0
Champions Tour 2024: Pacific Stage 1;Playoffs;Upper Final;T1 vs Paper Rex;Lotus;T1;iZu;Paper Rex;something;2;1;1;All Kills;omen;71;170;9;14;2;-5;0,75;114;0,38;2;1;1;both;Paper Rex;0;2;Paper Rex won;1;1;1;0;11;1;1;0
Champions Tour 2024: Pacific Stage 1;Playoffs;Upper Final;T1 vs Paper Rex;Lotus;T1;Rossy;Paper Rex;something;1;4;-3;All Kills;viper;2;123;2;4;0;-2;0,75;62;0;0;0;0;attack;Paper Rex;0;2;Paper Rex won;1;1;1;0;11;1;1;0
Champions Tour 2024: Pacific Stage 1;Playoffs;Upper Final;T1 vs Paper Rex;Lotus;T1;Sayaplayer;Paper Rex;something;2;2;0;All Kills;raze;47;136;6;11;1;-5;0,58;97;0,31;1;0;1;defend;Paper Rex;0;2;Paper Rex won;1;1;1;0;11;1;1;0
Champions Tour 2024: Pacific Stage 1;Playoffs;Upper Final;T1 vs Paper Rex;Lotus;T1;xccurate;Paper Rex;f0rsakeN;0;1;-1;First Kills;chamber;55;177;9;14;1;-5;0,5;115;0,21;4;5;-1;both;Paper Rex;0;2;Paper Rex won;1;1;1;0;11;1;1;0
Champions Tour 2024: Pacific Stage 1;Playoffs;Upper Final;T1 vs Paper Rex;Lotus;T1;iZu;Paper Rex;something;1;1;0;First Kills;omen;63;129;2;4;2;-2;0,75;102;0,5;0;0;0;attack;Paper Rex;0;2;Paper Rex won;1;1;1;0;11;1;1;0
Champions Tour 2024: Pacific Stage 1;Playoffs;Upper Final;T1 vs Paper Rex;Lotus;T1;xccurate;Paper Rex;f0rsakeN;1;0;1;Op Kills;chamber;56;187;7;11;1;-4;0,5;120;0,29;3;4;-1;defend;Paper Rex;0;2;Paper Rex won;1;1;1;0;11;1;1;0
Champions Tour 2024: Pacific Stage 1;Playoffs;Upper Final;T1 vs Paper Rex;Sunset;T1;xccurate;Paper Rex;Jinggg;5;2;3;All Kills;cypher;98;248;16;17;4;-1;0,72;157;0,52;2;1;1;both;Paper Rex;0;2;Paper Rex won;3;1;1;0;11;0;2;0
Champions Tour 2024: Pacific Stage 1;Playoffs;Upper Final;T1 vs Paper Rex;Sunset;T1;Carpe;Paper Rex;Jinggg;2;3;-1;All Kills;gekko;34;124;4;12;2;-8;0,58;103;0,21;0;1;-1;attack;Paper Rex;0;2;Paper Rex won;3;1;1;0;11;0;2;0
Champions Tour 2024: Pacific Stage 1;Playoffs;Upper Final;T1 vs Paper Rex;Sunset;T1;iZu;Paper Rex;Jinggg;1;4;-3;All Kills;omen;42;119;3;4;0;-1;0,33;61;0,08;1;3;-2;defend;Paper Rex;0;2;Paper Rex won;3;1;1;0;11;0;2;0
Champions Tour 2024: Pacific Stage 1;Playoffs;Upper Final;T1 vs Paper Rex;Sunset;T1;Rossy;Paper Rex;mindfreak;1;5;-4;All Kills;kayo;89;181;11;14;5;-3;0,5;102;0,3;1;1;0;both;Paper Rex;0;2;Paper Rex won;3;1;1;0;11;0;2;0
Champions Tour 2024: Pacific Stage 1;Playoffs;Upper Final;T1 vs Paper Rex;Sunset;T1;Sayaplayer;Paper Rex;mindfreak;1;1;0;All Kills;raze;59;185;7;12;1;-5;0,75;121;0,32;0;5;-5;attack;Paper Rex;0;2;Paper Rex won;3;1;1;0;11;0;2;0
Champions Tour 2024: Pacific Stage 1;Playoffs;Upper Final;T1 vs Paper Rex;Sunset;T1;iZu;Paper Rex;something;0;1;-1;First Kills;omen;42;119;3;4;0;-1;0,33;61;0,08;1;3;-2;defend;Paper Rex;0;2;Paper Rex won;3;1;1;0;11;0;2;0
Champions Tour 2024: Pacific Stage 1;Playoffs;Upper Final;T1 vs Paper Rex;Sunset;T1;Sayaplayer;Paper Rex;something;0;2;-2;First Kills;raze;77;209;13;16;2;-3;0,78;135;0,23;0;5;-5;both;Paper Rex;0;2;Paper Rex won;3;1;1;0;11;0;2;0
Champions Tour 2024: Pacific Stage 1;Playoffs;Lower Round 1;Gen.G vs DRX;Bind;Gen.G;Lakia;DRX;MaKo;2;1;1;All Kills;skye;9;204;7;7;0;0;0,67;117;0,29;3;0;3;attack;DRX;2;1;Gen.G won;4;1;2;1;6;3;2;2
Champions Tour 2024: Pacific Stage 1;Playoffs;Lower Round 1;Gen.G vs DRX;Bind;Gen.G;Munchkin;DRX;MaKo;3;2;1;All Kills;viper;77;161;5;7;12;-2;0,75;101;0,21;0;1;-1;defend;DRX;2;1;Gen.G won;4;1;2;1;6;3;2;2
Champions Tour 2024: Pacific Stage 1;Playoffs;Lower Round 1;Gen.G vs DRX;Bind;Gen.G;Karon;DRX;Foxy9;5;1;4;All Kills;brimstone;131;235;17;12;8;5;0,67;143;0,3;2;2;0;both;DRX;2;1;Gen.G won;4;1;2;1;6;3;2;2
Champions Tour 2024: Pacific Stage 1;Playoffs;Lower Round 1;Gen.G vs DRX;Bind;Gen.G;Meteor;DRX;Foxy9;3;1;2;All Kills;cypher;45;171;4;9;2;-5;0,56;125;0,5;2;2;0;attack;DRX;2;1;Gen.G won;4;1;2;1;6;3;2;2
Champions Tour 2024: Pacific Stage 1;Playoffs;Lower Round 1;Gen.G vs DRX;Bind;Gen.G;t3xture;DRX;Foxy9;2;4;-2;All Kills;raze;1;216;9;7;1;2;0,83;124;0,3;2;1;1;defend;DRX;2;1;Gen.G won;4;1;2;1;6;3;2;2
Champions Tour 2024: Pacific Stage 1;Playoffs;Lower Round 1;Gen.G vs DRX;Bind;Gen.G;Lakia;DRX;stax;2;0;2;First Kills;skye;101;184;15;13;1;2;0,67;135;0,22;4;2;2;both;DRX;2;1;Gen.G won;4;1;2;1;6;3;2;2
Champions Tour 2024: Pacific Stage 1;Playoffs;Lower Round 1;Gen.G vs DRX;Bind;Gen.G;Karon;DRX;BeYN;1;0;1;First Kills;brimstone;88;131;4;6;4;-2;0,56;81;0,3;0;0;0;attack;DRX;2;1;Gen.G won;4;1;2;1;6;3;2;2
Champions Tour 2024: Pacific Stage 1;Playoffs;Lower Round 1;Gen.G vs DRX;Bind;Gen.G;t3xture;DRX;stax;2;0;2;First Kills;raze;1;216;9;7;1;2;0,83;124;0,3;2;1;1;defend;DRX;2;1;Gen.G won;4;1;2;1;6;3;2;2
Champions Tour 2024: Pacific Stage 1;Playoffs;Lower Round 1;Gen.G vs DRX;Sunset;Gen.G;Lakia;DRX;BuZz;2;4;-2;All Kills;sova;72;102;8;16;9;-8;0,75;76;0,33;1;2;-1;both;DRX;2;1;Gen.G won;11;2;0;0;8;2;1;0
Champions Tour 2024: Pacific Stage 1;Playoffs;Lower Round 1;Gen.G vs DRX;Sunset;Gen.G;Munchkin;DRX;BuZz;3;5;-2;All Kills;kayo;89;156;6;9;13;-3;0,67;95;0,09;0;1;-1;attack;DRX;2;1;Gen.G won;11;2;0;0;8;2;1;0
Champions Tour 2024: Pacific Stage 1;Playoffs;Lower Round 1;Gen.G vs DRX;Sunset;Gen.G;Karon;DRX;BuZz;4;3;1;All Kills;omen;111;210;9;8;8;1;0,58;131;0,35;0;1;-1;defend;DRX;2;1;Gen.G won;11;2;0;0;8;2;1;0
Champions Tour 2024: Pacific Stage 1;Playoffs;Lower Round 1;Gen.G vs DRX;Sunset;Gen.G;Meteor;DRX;BeYN;2;5;-3;All Kills;cypher;12;282;23;16;6;7;0,75;174;0,47;2;1;1;both;DRX;2;1;Gen.G won;11;2;0;0;8;2;1;0
Champions Tour 2024: Pacific Stage 1;Playoffs;Lower Round 1;Gen.G vs DRX;Sunset;Gen.G;t3xture;DRX;BeYN;4;3;1;All Kills;jett;131;222;10;7;2;3;0,83;167;0,33;5;2;3;attack;DRX;2;1;Gen.G won;11;2;0;0;8;2;1;0
Champions Tour 2024: Pacific Stage 1;Playoffs;Lower Round 1;Gen.G vs DRX;Sunset;Gen.G;Munchkin;DRX;BuZz;1;1;0;First Kills;kayo;126;256;9;7;4;2;0,75;179;0,21;1;1;0;defend;DRX;2;1;Gen.G won;11;2;0;0;8;2;1;0
Champions Tour 2024: Pacific Stage 1;Playoffs;Lower Round 1;Gen.G vs DRX;Sunset;Gen.G;t3xture;DRX;MaKo;2;0;2;First Kills;jett;108;204;19;16;2;3;0,79;143;0,33;10;2;8;both;DRX;2;1;Gen.G won;11;2;0;0;8;2;1;0
Champions Tour 2024: Pacific Stage 1;Playoffs;Lower Round 1;Gen.G vs DRX;Sunset;Gen.G;Lakia;DRX;BuZz;1;0;1;Op Kills;sova;83;113;5;7;5;-2;0,75;81;0,57;1;0;1;attack;DRX;2;1;Gen.G won;11;2;0;0;8;2;1;0
Champions Tour 2024: Pacific Stage 1;Playoffs;Lower Round 1;Gen.G vs DRX;Ascent;Gen.G;Lakia;DRX;Foxy9;3;5;-2;All Kills;sova;91;157;4;6;3;-2;0,67;123;0,16;0;0;0;defend;DRX;2;1;Gen.G won;7;3;3;0;3;2;1;2
Champions Tour 2024: Pacific Stage 1;Playoffs;Lower Round 1;Gen.G vs DRX;Ascent;Gen.G;Munchkin;DRX;BuZz;4;0;4;All Kills;kayo;138;260;19;13;14;6;0,95;157;0,16;2;1;1;both;DRX;2;1;Gen.G won;7;3;3;0;3;2;1;2
Champions Tour 2024: Pacific Stage 1;Playoffs;Lower Round 1;Gen.G vs DRX;Ascent;Gen.G;Karon;DRX;BuZz;1;5;-4;All Kills;omen;97;150;6;6;4;0;0,75;117;0,41;1;0;1;attack;DRX;2;1;Gen.G won;7;3;3;0;3;2;1;2
Champions Tour 2024: Pacific Stage 1;Playoffs;Lower Round 1;Gen.G vs DRX;Ascent;Gen.G;Meteor;DRX;BuZz;9;3;6;All Kills;killjoy;11;321;8;8;2;0;0,78;216;0,19;2;0;2;defend;DRX;2;1;Gen.G won;7;3;3;0;3;2;1;2
Champions Tour 2024: Pacific Stage 1;Playoffs;Lower Round 1;Gen.G vs DRX;Ascent;Gen.G;t3xture;DRX;BeYN;8;2;6;All Kills;jett;142;256;22;13;4;9;0,76;162;0,2;3;3;0;both;DRX;2;1;Gen.G won;7;3;3;0;3;2;1;2
Champions Tour 2024: Pacific Stage 1;Playoffs;Lower Round 1;Gen.G vs DRX;Ascent;Gen.G;Munchkin;DRX;BuZz;1;0;1;First Kills;kayo;13;230;8;6;13;2;1;150;0,2;0;0;0;attack;DRX;2;1;Gen.G won;7;3;3;0;3;2;1;2
Champions Tour 2024: Pacific Stage 1;Playoffs;Lower Round 1;Gen.G vs DRX;Ascent;Gen.G;Meteor;DRX;BeYN;1;1;0;First Kills;killjoy;11;321;8;8;2;0;0,78;216;0,19;2;0;2;defend;DRX;2;1;Gen.G won;7;3;3;0;3;2;1;2
Champions Tour 2024: Pacific Stage 1;Playoffs;Lower Round 1;Gen.G vs DRX;Ascent;Gen.G;Lakia;DRX;BuZz;0;1;-1;Op Kills;sova;9;177;13;14;5;-1;0,81;121;0,12;0;2;-2;both;DRX;2;1;Gen.G won;7;3;3;0;3;2;1;2
Champions Tour 2024: Pacific Stage 1;Playoffs;Lower Round 1;Gen.G vs DRX;Ascent;Gen.G;t3xture;DRX;Foxy9;1;0;1;Op Kills;jett;152;316;15;8;3;7;0,83;194;0,2;2;1;1;attack;DRX;2;1;Gen.G won;7;3;3;0;3;2;1;2
Champions Tour 2024: Pacific Stage 1;Playoffs;Lower Final;T1 vs Gen.G;Lotus;T1;xccurate;Gen.G;Munchkin;2;2;0;All Kills;omen;5;89;1;3;0;-2;0,33;63;0,33;0;0;0;defend;Gen.G;0;3;Gen.G won;2;0;0;0;10;0;3;0
Champions Tour 2024: Pacific Stage 1;Playoffs;Lower Final;T1 vs Gen.G;Lotus;T1;Rossy;Gen.G;Lakia;2;3;-1;All Kills;breach;58;124;5;14;6;-9;0,73;88;0,17;1;1;0;both;Gen.G;0;3;Gen.G won;2;0;0;0;10;0;3;0
Champions Tour 2024: Pacific Stage 1;Playoffs;Lower Final;T1 vs Gen.G;Lotus;T1;Carpe;Gen.G;Lakia;1;1;0;All Kills;skye;64;167;7;11;0;-4;0,5;102;0,25;1;1;0;attack;Gen.G;0;3;Gen.G won;2;0;0;0;10;0;3;0
Champions Tour 2024: Pacific Stage 1;Playoffs;Lower Final;T1 vs Gen.G;Lotus;T1;iZu;Gen.G;Lakia;0;4;-4;All Kills;raze;28;154;1;3;1;-2;0,67;131;0,08;0;0;0;defend;Gen.G;0;3;Gen.G won;2;0;0;0;10;0;3;0
Champions Tour 2024: Pacific Stage 1;Playoffs;Lower Final;T1 vs Gen.G;Lotus;T1;Sayaplayer;Gen.G;t3xture;2;5;-3;All Kills;neon;32;131;7;15;2;-8;0,6;82;0,36;1;6;-5;both;Gen.G;0;3;Gen.G won;2;0;0;0;10;0;3;0
Champions Tour 2024: Pacific Stage 1;Playoffs;Lower Final;T1 vs Gen.G;Lotus;T1;iZu;Gen.G;Meteor;0;2;-2;First Kills;raze;86;183;7;11;2;-4;0,58;114;0,08;0;3;-3;attack;Gen.G;0;3;Gen.G won;2;0;0;0;10;0;3;0
Champions Tour 2024: Pacific Stage 1;Playoffs;Lower Final;T1 vs Gen.G;Icebox;T1;xccurate;Gen.G;Meteor;2;3;-1;All Kills;chamber;99;138;7;5;0;2;0,75;81;0,29;2;0;2;defend;Gen.G;0;3;Gen.G won;7;0;4;0;12;1;0;0
Champions Tour 2024: Pacific Stage 1;Playoffs;Lower Final;T1 vs Gen.G;Icebox;T1;Rossy;Gen.G;Karon;2;2;0;All Kills;sage;101;248;22;19;6;3;0,75;157;0,32;2;1;1;both;Gen.G;0;3;Gen.G won;7;0;4;0;12;1;0;0
Champions Tour 2024: Pacific Stage 1;Playoffs;Lower Final;T1 vs Gen.G;Icebox;T1;Carpe;Gen.G;Karon;5;2;3;All Kills;sova;57;109;4;9;3;-5;0,75;78;0,56;1;1;0;attack;Gen.G;0;3;Gen.G won;7;0;4;0;12;1;0;0
Champions Tour 2024: Pacific Stage 1;Playoffs;Lower Final;T1 vs Gen.G;Icebox;T1;iZu;Gen.G;Karon;4;2;2;All Kills;viper;79;156;7;8;4;-1;0,58;111;0,46;0;0;0;defend;Gen.G;0;3;Gen.G won;7;0;4;0;12;1;0;0
Champions Tour 2024: Pacific Stage 1;Playoffs;Lower Final;T1 vs Gen.G;Icebox;T1;Sayaplayer;Gen.G;Munchkin;1;5;-4;All Kills;reyna;48;145;11;19;4;-8;0,58;110;0,31;3;8;-5;both;Gen.G;0;3;Gen.G won;7;0;4;0;12;1;0;0
Champions Tour 2024: Pacific Stage 1;Playoffs;Lower Final;T1 vs Gen.G;Icebox;T1;xccurate;Gen.G;t3xture;1;1;0;First Kills;chamber;105;263;11;10;1;1;0,75;170;0,25;0;2;-2;attack;Gen.G;0;3;Gen.G won;7;0;4;0;12;1;0;0
Champions Tour 2024: Pacific Stage 1;Playoffs;Lower Final;T1 vs Gen.G;Icebox;T1;Carpe;Gen.G;Karon;1;0;1;First Kills;sova;172;367;16;8;6;8;0,83;231;0,46;0;1;-1;defend;Gen.G;0;3;Gen.G won;7;0;4;0;12;1;0;0
Champions Tour 2024: Pacific Stage 1;Playoffs;Lower Final;T1 vs Gen.G;Icebox;T1;Sayaplayer;Gen.G;Munchkin;0;1;-1;First Kills;reyna;48;145;11;19;4;-8;0,58;110;0,31;3;8;-5;both;Gen.G;0;3;Gen.G won;7;0;4;0;12;1;0;0
Champions Tour 2024: Pacific Stage 1;Playoffs;Lower Final;T1 vs Gen.G;Icebox;T1;xccurate;Gen.G;Lakia;1;0;1;Op Kills;chamber;105;263;11;10;1;1;0,75;170;0,25;0;2;-2;attack;Gen.G;0;3;Gen.G won;7;0;4;0;12;1;0;0
Champions Tour 2024: Pacific Stage 1;Playoffs;Lower Final;T1 vs Gen.G;Bind;T1;xccurate;Gen.G;Karon;1;7;-6;All Kills;harbor;41;167;6;10;2;-4;0,7;107;0,14;1;2;-1;defend;Gen.G;0;3;Gen.G won;7;0;2;0;7;2;2;2
Champions Tour 2024: Pacific Stage 1;Playoffs;Lower Final;T1 vs Gen.G;Bind;T1;Rossy;Gen.G;Munchkin;2;4;-2;All Kills;kayo;97;220;17;17;10;0;0,59;141;0,33;1;5;-4;both;Gen.G;0;3;Gen.G won;7;0;2;0;7;2;2;2
Champions Tour 2024: Pacific Stage 1;Playoffs;Lower Final;T1 vs Gen.G;Bind;T1;Carpe;Gen.G;Munchkin;4;4;0;All Kills;gekko;111;185;9;9;4;0;0,83;141;0,43;0;0;0;attack;Gen.G;0;3;Gen.G won;7;0;2;0;7;2;2;2
Champions Tour 2024: Pacific Stage 1;Playoffs;Lower Final;T1 vs Gen.G;Bind;T1;iZu;Gen.G;Munchkin;3;2;1;All Kills;viper;112;167;6;6;1;0;0,6;121;0,4;1;0;1;defend;Gen.G;0;3;Gen.G won;7;0;2;0;7;2;2;2
Champions Tour 2024: Pacific Stage 1;Playoffs;Lower Final;T1 vs Gen.G;Bind;T1;Sayaplayer;Gen.G;Lakia;1;5;-4;All Kills;raze;73;176;13;17;4;-4;0,68;118;0,21;3;4;-1;both;Gen.G;0;3;Gen.G won;7;0;2;0;7;2;2;2
Champions Tour 2024: Pacific Stage 1;Playoffs;Lower Final;T1 vs Gen.G;Bind;T1;Rossy;Gen.G;Meteor;0;4;-4;First Kills;kayo;92;187;8;9;7;-1;0,5;123;0,28;1;5;-4;attack;Gen.G;0;3;Gen.G won;7;0;2;0;7;2;2;2
Champions Tour 2024: Pacific Stage 1;Playoffs;Lower Final;T1 vs Gen.G;Bind;T1;iZu;Gen.G;t3xture;2;0;2;First Kills;viper;112;167;6;6;1;0;0,6;121;0,4;1;0;1;defend;Gen.G;0;3;Gen.G won;7;0;2;0;7;2;2;2
Champions Tour 2024: Pacific Stage 1;Playoffs;Grand Final;Paper Rex vs Gen.G;Lotus;Paper Rex;f0rsakeN;Gen.G;t3xture;4;3;1;All Kills;breach;85;170;12;15;7;-3;0,73;122;0,32;2;0;2;both;Gen.G;3;2;Paper Rex won;6;1;1;1;11;0;1;1
Champions Tour 2024: Pacific Stage 1;Playoffs;Grand Final;Paper Rex vs Gen.G;Lotus;Paper Rex;mindfreak;Gen.G;t3xture;4;7;-3;All Kills;omen;64;146;7;8;2;-1;0,75;93;0,64;0;2;-2;attack;Gen.G;3;2;Paper Rex won;6;1;1;1;11;0;1;1
Champions Tour 2024: Pacific Stage 1;Playoffs;Grand Final;Paper Rex vs Gen.G;Lotus;Paper Rex;something;Gen.G;t3xture;2;6;-4;All Kills;jett;92;226;7;8;1;-1;0,6;149;0,29;3;2;1;defend;Gen.G;3;2;Paper Rex won;6;1;1;1;11;0;1;1
Champions Tour 2024: Pacific Stage 1;Playoffs;Grand Final;Paper Rex vs Gen.G;Lotus;Paper Rex;d4v41;Gen.G;Meteor;3;3;0;All Kills;skye;83;168;13;16;14;-3;0,77;97;0,3;0;2;-2;both;Gen.G;3;2;Paper Rex won;6;1;1;1;11;0;1;1
Champions Tour 2024: Pacific Stage 1;Playoffs;Grand Final;Paper Rex vs Gen.G;Lotus;Paper Rex;Jinggg;Gen.G;Meteor;4;2;2;All Kills;raze;142;267;11;8;1;3;0,58;174;0,24;2;1;1;attack;Gen.G;3;2;Paper Rex won;6;1;1;1;11;0;1;1
Champions Tour 2024: Pacific Stage 1;Playoffs;Grand Final;Paper Rex vs Gen.G;Lotus;Paper Rex;f0rsakeN;Gen.G;Munchkin;1;0;1;First Kills;breach;5;119;4;8;4;-4;0,7;87;0,36;1;0;1;defend;Gen.G;3;2;Paper Rex won;6;1;1;1;11;0;1;1
Champions Tour 2024: Pacific Stage 1;Playoffs;Grand Final;Paper Rex vs Gen.G;Lotus;Paper Rex;something;Gen.G;Karon;2;1;1;First Kills;jett;75;190;14;18;3;-4;0,5;118;0,24;5;6;-1;both;Gen.G;3;2;Paper Rex won;6;1;1;1;11;0;1;1
Champions Tour 2024: Pacific Stage 1;Playoffs;Grand Final;Paper Rex vs Gen.G;Lotus;Paper Rex;Jinggg;Gen.G;Meteor;1;0;1;First Kills;raze;142;267;11;8;1;3;0,58;174;0,24;2;1;1;attack;Gen.G;3;2;Paper Rex won;6;1;1;1;11;0;1;1
Champions Tour 2024: Pacific Stage 1;Playoffs;Grand Final;Paper Rex vs Gen.G;Sunset;Paper Rex;f0rsakeN;Gen.G;Meteor;2;7;-5;All Kills;breach;112;207;11;9;3;2;0,75;137;0,35;1;2;-1;defend;Gen.G;3;2;Paper Rex won;11;1;0;1;8;0;1;0
Champions Tour 2024: Pacific Stage 1;Playoffs;Grand Final;Paper Rex vs Gen.G;Sunset;Paper Rex;mindfreak;Gen.G;Munchkin;0;3;-3;All Kills;omen;87;154;13;13;4;0;0,77;99;0,26;0;0;0;both;Gen.G;3;2;Paper Rex won;11;1;0;1;8;0;1;0
Champions Tour 2024: Pacific Stage 1;Playoffs;Grand Final;Paper Rex vs Gen.G;Sunset;Paper Rex;something;Gen.G;Munchkin;3;3;0;All Kills;gekko;113;222;8;7;4;1;0,6;113;0,5;2;2;0;attack;Gen.G;3;2;Paper Rex won;11;1;0;1;8;0;1;0
Champions Tour 2024: Pacific Stage 1;Playoffs;Grand Final;Paper Rex vs Gen.G;Sunset;Paper Rex;d4v41;Gen.G;Munchkin;1;2;-1;All Kills;sage;75;212;9;10;3;-1;0,83;131;0,5;0;3;-3;defend;Gen.G;3;2;Paper Rex won;11;1;0;1;8;0;1;0
Champions Tour 2024: Pacific Stage 1;Playoffs;Grand Final;Paper Rex vs Gen.G;Sunset;Paper Rex;Jinggg;Gen.G;Karon;3;2;1;All Kills;raze;148;329;24;14;5;10;0,77;207;0,22;7;1;6;both;Gen.G;3;2;Paper Rex won;11;1;0;1;8;0;1;0
Champions Tour 2024: Pacific Stage 1;Playoffs;Grand Final;Paper Rex vs Gen.G;Sunset;Paper Rex;something;Gen.G;Karon;2;0;2;First Kills;gekko;113;222;8;7;4;1;0,6;113;0,5;2;2;0;attack;Gen.G;3;2;Paper Rex won;11;1;0;1;8;0;1;0
Champions Tour 2024: Pacific Stage 1;Playoffs;Grand Final;Paper Rex vs Gen.G;Sunset;Paper Rex;Jinggg;Gen.G;Munchkin;2;0;2;First Kills;raze;126;304;12;9;3;3;0,83;196;0,24;4;0;4;defend;Gen.G;3;2;Paper Rex won;11;1;0;1;8;0;1;0
Champions Tour 2024: Pacific Stage 1;Playoffs;Grand Final;Paper Rex vs Gen.G;Sunset;Paper Rex;something;Gen.G;Meteor;1;0;1;Op Kills;gekko;102;212;16;16;7;0;0,77;121;0,26;4;2;2;both;Gen.G;3;2;Paper Rex won;11;1;0;1;8;0;1;0
Champions Tour 2024: Pacific Stage 1;Playoffs;Grand Final;Paper Rex vs Gen.G;Icebox;Paper Rex;f0rsakeN;Gen.G;Meteor;4;2;2;All Kills;kayo;142;295;13;9;11;4;0,92;186;0,31;1;1;0;attack;Gen.G;3;2;Paper Rex won;8;1;4;0;7;1;3;0
Champions Tour 2024: Pacific Stage 1;Playoffs;Grand Final;Paper Rex vs Gen.G;Icebox;Paper Rex;mindfreak;Gen.G;Meteor;1;5;-4;All Kills;viper;8;56;1;10;3;-9;0,42;45;0,18;0;1;-1;defend;Gen.G;3;2;Paper Rex won;8;1;4;0;7;1;3;0
Champions Tour 2024: Pacific Stage 1;Playoffs;Grand Final;Paper Rex vs Gen.G;Icebox;Paper Rex;something;Gen.G;Munchkin;8;2;6;All Kills;jett;142;294;25;16;10;9;0,83;205;0,21;8;3;5;both;Gen.G;3;2;Paper Rex won;8;1;4;0;7;1;3;0
Champions Tour 2024: Pacific Stage 1;Playoffs;Grand Final;Paper Rex vs Gen.G;Icebox;Paper Rex;d4v41;Gen.G;Munchkin;5;2;3;All Kills;killjoy;104;216;9;9;5;0;0,75;154;0,41;1;0;1;attack;Gen.G;3;2;Paper Rex won;8;1;4;0;7;1;3;0
Champions Tour 2024: Pacific Stage 1;Playoffs;Grand Final;Paper Rex vs Gen.G;Icebox;Paper Rex;Jinggg;Gen.G;Munchkin;1;1;0;All Kills;sage;84;187;7;10;3;-3;0,67;131;0,31;1;0;1;defend;Gen.G;3;2;Paper Rex won;8;1;4;0;7;1;3;0
Champions Tour 2024: Pacific Stage 1;Playoffs;Grand Final;Paper Rex vs Gen.G;Icebox;Paper Rex;something;Gen.G;t3xture;2;1;1;First Kills;jett;142;294;25;16;10;9;0,83;205;0,21;8;3;5;both;Gen.G;3;2;Paper Rex won;8;1;4;0;7;1;3;0
Champions Tour 2024: Pacific Stage 1;Playoffs;Grand Final;Paper Rex vs Gen.G;Icebox;Paper Rex;d4v41;Gen.G;t3xture;2;1;1;First Kills;killjoy;104;216;9;9;5;0;0,75;154;0,41;1;0;1;attack;Gen.G;3;2;Paper Rex won;8;1;4;0;7;1;3;0
Champions Tour 2024: Pacific Stage 1;Playoffs;Grand Final;Paper Rex vs Gen.G;Icebox;Paper Rex;f0rsakeN;Gen.G;t3xture;0;1;-1;Op Kills;kayo;158;270;12;8;2;4;0,83;192;0,39;1;0;1;defend;Gen.G;3;2;Paper Rex won;8;1;4;0;7;1;3;0
Champions Tour 2024: Pacific Stage 1;Playoffs;Grand Final;Paper Rex vs Gen.G;Bind;Paper Rex;f0rsakeN;Gen.G;Meteor;1;2;-1;All Kills;harbor;1;169;14;13;2;1;0,59;107;0,34;2;2;0;both;Gen.G;3;2;Paper Rex won;9;0;0;0;9;3;1;0
Champions Tour 2024: Pacific Stage 1;Playoffs;Grand Final;Paper Rex vs Gen.G;Bind;Paper Rex;mindfreak;Gen.G;Meteor;3;3;0;All Kills;brimstone;93;140;5;8;8;-3;0,83;88;0,27;1;1;0;attack;Gen.G;3;2;Paper Rex won;9;0;0;0;9;3;1;0
Champions Tour 2024: Pacific Stage 1;Playoffs;Grand Final;Paper Rex vs Gen.G;Bind;Paper Rex;something;Gen.G;Meteor;2;4;-2;All Kills;gekko;1;210;7;7;5;0;0,6;137;0,38;1;2;-1;defend;Gen.G;3;2;Paper Rex won;9;0;0;0;9;3;1;0
Champions Tour 2024: Pacific Stage 1;Playoffs;Grand Final;Paper Rex vs Gen.G;Bind;Paper Rex;d4v41;Gen.G;Munchkin;3;5;-2;All Kills;skye;9;198;13;16;9;-3;0,64;134;0,37;0;2;-2;both;Gen.G;3;2;Paper Rex won;9;0;0;0;9;3;1;0
Champions Tour 2024: Pacific Stage 1;Playoffs;Grand Final;Paper Rex vs Gen.G;Bind;Paper Rex;Jinggg;Gen.G;Munchkin;5;2;3;All Kills;raze;132;258;11;8;1;3;0,58;171;0,2;2;0;2;attack;Gen.G;3;2;Paper Rex won;9;0;0;0;9;3;1;0
Champions Tour 2024: Pacific Stage 1;Playoffs;Grand Final;Paper Rex vs Gen.G;Bind;Paper Rex;mindfreak;Gen.G;t3xture;0;2;-2;First Kills;brimstone;22;55;2;7;0;-5;0,4;42;0,75;0;3;-3;defend;Gen.G;3;2;Paper Rex won;9;0;0;0;9;3;1;0
Champions Tour 2024: Pacific Stage 1;Playoffs;Grand Final;Paper Rex vs Gen.G;Bind;Paper Rex;something;Gen.G;Munchkin;1;1;0;First Kills;gekko;63;153;12;19;7;-7;0,59;94;0,26;1;5;-4;both;Gen.G;3;2;Paper Rex won;9;0;0;0;9;3;1;0
Champions Tour 2024: Pacific Stage 1;Playoffs;Grand Final;Paper Rex vs Gen.G;Bind;Paper Rex;Jinggg;Gen.G;Meteor;3;0;3;First Kills;raze;132;258;11;8;1;3;0,58;171;0,2;2;0;2;attack;Gen.G;3;2;Paper Rex won;9;0;0;0;9;3;1;0
Champions Tour 2024: Pacific Stage 1;Playoffs;Grand Final;Paper Rex vs Gen.G;Split;Paper Rex;f0rsakeN;Gen.G;Munchkin;1;3;-2;All Kills;skye;165;231;8;2;3;6;1;161;0,3;1;1;0;defend;Gen.G;3;2;Paper Rex won;10;3;0;0;6;0;2;0
Champions Tour 2024: Pacific Stage 1;Playoffs;Grand Final;Paper Rex vs Gen.G;Split;Paper Rex;mindfreak;Gen.G;Karon;4;0;4;All Kills;omen;11;196;15;12;9;3;0,81;131;0,35;1;0;1;both;Gen.G;3;2;Paper Rex won;10;3;0;0;6;0;2;0
Champions Tour 2024: Pacific Stage 1;Playoffs;Grand Final;Paper Rex vs Gen.G;Split;Paper Rex;something;Gen.G;Karon;1;1;0;All Kills;jett;159;287;12;7;2;5;0,67;168;0,33;4;2;2;attack;Gen.G;3;2;Paper Rex won;10;3;0;0;6;0;2;0
Champions Tour 2024: Pacific Stage 1;Playoffs;Grand Final;Paper Rex vs Gen.G;Split;Paper Rex;d4v41;Gen.G;Karon;4;4;0;All Kills;viper;143;250;9;4;4;5;0,78;165;0,17;1;0;1;defend;Gen.G;3;2;Paper Rex won;10;3;0;0;6;0;2;0
Champions Tour 2024: Pacific Stage 1;Playoffs;Grand Final;Paper Rex vs Gen.G;Split;Paper Rex;f0rsakeN;Gen.G;t3xture;0;2;-2;First Kills;skye;129;213;17;10;5;7;0,86;134;0,3;2;3;-1;both;Gen.G;3;2;Paper Rex won;10;3;0;0;6;0;2;0
Champions Tour 2024: Pacific Stage 1;Playoffs;Grand Final;Paper Rex vs Gen.G;Split;Paper Rex;something;Gen.G;t3xture;1;1;0;First Kills;jett;159;287;12;7;2;5;0,67;168;0,33;4;2;2;attack;Gen.G;3;2;Paper Rex won;10;3;0;0;6;0;2;0
Champions Tour 2024: Pacific Stage 1;Playoffs;Grand Final;Paper Rex vs Gen.G;Split;Paper Rex;Jinggg;Gen.G;t3xture;1;0;1;First Kills;raze;103;203;6;5;2;1;0,78;136;0,12;0;1;-1;defend;Gen.G;3;2;Paper Rex won;10;3;0;0;6;0;2;0
Champions Tour 2024: Masters Madrid;Playoffs;Upper Semifinals;Gen.G vs Paper Rex;Split;Gen.G;t3xture;Paper Rex;d4v41;1;3;-2;All Kills;raze;122;208;14;12;12;2;0,81;156;0,18;2;1;1;both;Paper Rex;2;0;Gen.G won;11;1;0;1;8;0;0;0
Champions Tour 2024: Masters Madrid;Playoffs;Upper Semifinals;Gen.G vs Paper Rex;Split;Gen.G;Lakia;Paper Rex;d4v41;3;3;0;All Kills;skye;158;272;13;7;5;6;0,92;179;0,18;2;1;1;attack;Paper Rex;2;0;Gen.G won;11;1;0;1;8;0;0;0
Champions Tour 2024: Masters Madrid;Playoffs;Upper Semifinals;Gen.G vs Paper Rex;Split;Gen.G;Munchkin;Paper Rex;d4v41;5;1;4;All Kills;viper;136;270;8;5;5;3;0,89;182;0,14;1;1;0;defend;Paper Rex;2;0;Gen.G won;11;1;0;1;8;0;0;0
Champions Tour 2024: Masters Madrid;Playoffs;Upper Semifinals;Gen.G vs Paper Rex;Split;Gen.G;Karon;Paper Rex;something;3;5;-2;All Kills;omen;1;215;13;16;15;-3;0,76;139;0,25;3;0;3;both;Paper Rex;2;0;Gen.G won;11;1;0;1;8;0;0;0
Champions Tour 2024: Masters Madrid;Playoffs;Upper Semifinals;Gen.G vs Paper Rex;Split;Gen.G;Meteor;Paper Rex;something;4;1;3;All Kills;jett;43;125;7;9;0;-2;0,58;93;0,24;2;2;0;attack;Paper Rex;2;0;Gen.G won;11;1;0;1;8;0;0;0
Champions Tour 2024: Masters Madrid;Playoffs;Upper Semifinals;Gen.G vs Paper Rex;Split;Gen.G;Lakia;Paper Rex;mindfreak;1;0;1;First Kills;skye;53;131;4;7;3;-3;0,44;91;0,25;2;2;0;defend;Paper Rex;2;0;Gen.G won;11;1;0;1;8;0;0;0
Champions Tour 2024: Masters Madrid;Playoffs;Upper Semifinals;Gen.G vs Paper Rex;Split;Gen.G;Karon;Paper Rex;d4v41;1;0;1;First Kills;omen;1;215;13;16;15;-3;0,76;139;0,25;3;0;3;both;Paper Rex;2;0;Gen.G won;11;1;0;1;8;0;0;0
Champions Tour 2024: Masters Madrid;Playoffs;Upper Semifinals;Gen.G vs Paper Rex;Split;Gen.G;Meteor;Paper Rex;Monyet;0;1;-1;First Kills;jett;43;125;7;9;0;-2;0,58;93;0,24;2;2;0;attack;Paper Rex;2;0;Gen.G won;11;1;0;1;8;0;0;0
Champions Tour 2024: Masters Madrid;Playoffs;Upper Semifinals;Gen.G vs Paper Rex;Lotus;Gen.G;t3xture;Paper Rex;f0rsakeN;5;1;4;All Kills;raze;166;296;15;8;2;7;1;201;0,26;4;0;4;defend;Paper Rex;2;0;Gen.G won;9;0;4;0;7;1;1;0
Champions Tour 2024: Masters Madrid;Playoffs;Upper Semifinals;Gen.G vs Paper Rex;Lotus;Gen.G;Lakia;Paper Rex;Monyet;1;3;-2;All Kills;fade;9;170;15;15;6;0;0,73;113;0,26;0;4;-4;both;Paper Rex;2;0;Gen.G won;9;0;4;0;7;1;1;0
Champions Tour 2024: Masters Madrid;Playoffs;Upper Semifinals;Gen.G vs Paper Rex;Lotus;Gen.G;Munchkin;Paper Rex;Monyet;3;3;0;All Kills;viper;68;148;5;8;4;-3;0,7;107;0,07;0;2;-2;attack;Paper Rex;2;0;Gen.G won;9;0;4;0;7;1;1;0
Champions Tour 2024: Masters Madrid;Playoffs;Upper Semifinals;Gen.G vs Paper Rex;Lotus;Gen.G;Karon;Paper Rex;Monyet;4;3;1;All Kills;omen;102;221;9;7;5;2;0,75;146;0,21;3;1;2;defend;Paper Rex;2;0;Gen.G won;9;0;4;0;7;1;1;0
Champions Tour 2024: Masters Madrid;Playoffs;Upper Semifinals;Gen.G vs Paper Rex;Lotus;Gen.G;t3xture;Paper Rex;something;1;2;-1;First Kills;raze;116;252;21;18;4;3;0,82;172;0,24;6;2;4;both;Paper Rex;2;0;Gen.G won;9;0;4;0;7;1;1;0
Champions Tour 2024: Masters Madrid;Playoffs;Upper Semifinals;Gen.G vs Paper Rex;Lotus;Gen.G;Lakia;Paper Rex;f0rsakeN;0;1;-1;First Kills;fade;101;156;7;7;2;0;0,7;106;0,29;0;2;-2;attack;Paper Rex;2;0;Gen.G won;9;0;4;0;7;1;1;0
Champions Tour 2024: Masters Madrid;Playoffs;Upper Semifinals;Gen.G vs Paper Rex;Lotus;Gen.G;Karon;Paper Rex;f0rsakeN;2;1;1;First Kills;omen;102;221;9;7;5;2;0,75;146;0,21;3;1;2;defend;Paper Rex;2;0;Gen.G won;9;0;4;0;7;1;1;0
Champions Tour 2024: Masters Madrid;Playoffs;Upper Semifinals;Gen.G vs Paper Rex;Lotus;Gen.G;t3xture;Paper Rex;something;0;2;-2;Op Kills;raze;116;252;21;18;4;3;0,82;172;0,24;6;2;4;both;Paper Rex;2;0;Gen.G won;9;0;4;0;7;1;1;0
Champions Tour 2024: Masters Madrid;Playoffs;Upper Semifinals;Sentinels vs LOUD;Split;Sentinels;Zellsis;LOUD;Quick;3;2;1;All Kills;viper;184;299;14;6;5;8;0,83;199;0,36;0;0;0;attack;LOUD;2;1;Sentinels won;12;1;0;0;1;0;3;0
Champions Tour 2024: Masters Madrid;Playoffs;Upper Semifinals;Sentinels vs LOUD;Split;Sentinels;johnqt;LOUD;Quick;4;4;0;All Kills;cypher;185;268;5;1;2;4;0,8;112;0,23;1;0;1;defend;LOUD;2;1;Sentinels won;12;1;0;0;1;0;3;0
Champions Tour 2024: Masters Madrid;Playoffs;Upper Semifinals;Sentinels vs LOUD;Split;Sentinels;Sacy;LOUD;Less;1;0;1;All Kills;skye;88;178;10;12;8;-2;0,88;108;0,27;4;0;4;both;LOUD;2;1;Sentinels won;12;1;0;0;1;0;3;0
Champions Tour 2024: Masters Madrid;Playoffs;Upper Semifinals;Sentinels vs LOUD;Split;Sentinels;zekken;LOUD;Less;4;2;2;All Kills;raze;93;255;10;10;8;0;0,83;166;0,13;4;1;3;attack;LOUD;2;1;Sentinels won;12;1;0;0;1;0;3;0
Champions Tour 2024: Masters Madrid;Playoffs;Upper Semifinals;Sentinels vs LOUD;Split;Sentinels;TenZ;LOUD;Less;4;2;2;All Kills;omen;186;254;6;1;4;5;0,8;145;0,43;0;0;0;defend;LOUD;2;1;Sentinels won;12;1;0;0;1;0;3;0
Champions Tour 2024: Masters Madrid;Playoffs;Upper Semifinals;Sentinels vs LOUD;Split;Sentinels;johnqt;LOUD;saadhak;2;0;2;First Kills;cypher;122;230;15;10;5;5;0,82;128;0,31;3;1;2;both;LOUD;2;1;Sentinels won;12;1;0;0;1;0;3;0
Champions Tour 2024: Masters Madrid;Playoffs;Upper Semifinals;Sentinels vs LOUD;Split;Sentinels;zekken;LOUD;Quick;1;0;1;First Kills;raze;93;255;10;10;8;0;0,83;166;0,13;4;1;3;attack;LOUD;2;1;Sentinels won;12;1;0;0;1;0;3;0
Champions Tour 2024: Masters Madrid;Playoffs;Upper Semifinals;Sentinels vs LOUD;Split;Sentinels;johnqt;LOUD;Quick;0;1;-1;Op Kills;cypher;185;268;5;1;2;4;0,8;112;0,23;1;0;1;defend;LOUD;2;1;Sentinels won;12;1;0;0;1;0;3;0
Champions Tour 2024: Masters Madrid;Playoffs;Upper Semifinals;Sentinels vs LOUD;Icebox;Sentinels;Zellsis;LOUD;saadhak;0;5;-5;All Kills;killjoy;78;187;14;20;6;-6;0,58;128;0,13;0;4;-4;both;LOUD;2;1;Sentinels won;5;2;5;0;5;3;6;0
Champions Tour 2024: Masters Madrid;Playoffs;Upper Semifinals;Sentinels vs LOUD;Icebox;Sentinels;johnqt;LOUD;saadhak;7;2;5;All Kills;viper;136;280;12;9;3;3;0,77;192;0,24;1;1;0;attack;LOUD;2;1;Sentinels won;5;2;5;0;5;3;6;0
Champions Tour 2024: Masters Madrid;Playoffs;Upper Semifinals;Sentinels vs LOUD;Icebox;Sentinels;Sacy;LOUD;saadhak;4;4;0;All Kills;gekko;68;126;7;10;0;-3;0,46;87;0,21;0;2;-2;defend;LOUD;2;1;Sentinels won;5;2;5;0;5;3;6;0
Champions Tour 2024: Masters Madrid;Playoffs;Upper Semifinals;Sentinels vs LOUD;Icebox;Sentinels;zekken;LOUD;tuyz;4;4;0;All Kills;jett;97;223;20;20;0;0;0,73;135;0,22;6;5;1;both;LOUD;2;1;Sentinels won;5;2;5;0;5;3;6;0
Champions Tour 2024: Masters Madrid;Playoffs;Upper Semifinals;Sentinels vs LOUD;Icebox;Sentinels;TenZ;LOUD;tuyz;2;6;-4;All Kills;kayo;32;112;4;12;7;-8;0,54;62;0,29;0;1;-1;attack;LOUD;2;1;Sentinels won;5;2;5;0;5;3;6;0
Champions Tour 2024: Masters Madrid;Playoffs;Upper Semifinals;Sentinels vs LOUD;Icebox;Sentinels;johnqt;LOUD;Less;0;1;-1;First Kills;viper;116;183;9;7;3;2;0,69;129;0,15;0;0;0;defend;LOUD;2;1;Sentinels won;5;2;5;0;5;3;6;0
Champions Tour 2024: Masters Madrid;Playoffs;Upper Semifinals;Sentinels vs LOUD;Icebox;Sentinels;zekken;LOUD;Less;2;0;2;First Kills;jett;97;223;20;20;0;0;0,73;135;0,22;6;5;1;both;LOUD;2;1;Sentinels won;5;2;5;0;5;3;6;0
Champions Tour 2024: Masters Madrid;Playoffs;Upper Semifinals;Sentinels vs LOUD;Icebox;Sentinels;TenZ;LOUD;tuyz;0;1;-1;First Kills;kayo;32;112;4;12;7;-8;0,54;62;0,29;0;1;-1;attack;LOUD;2;1;Sentinels won;5;2;5;0;5;3;6;0
Champions Tour 2024: Masters Madrid;Playoffs;Upper Semifinals;Sentinels vs LOUD;Icebox;Sentinels;zekken;LOUD;saadhak;1;0;1;Op Kills;jett;82;194;9;10;0;-1;0,69;114;0,16;3;3;0;defend;LOUD;2;1;Sentinels won;5;2;5;0;5;3;6;0
Champions Tour 2024: Masters Madrid;Playoffs;Upper Semifinals;Sentinels vs LOUD;Sunset;Sentinels;Zellsis;LOUD;tuyz;2;3;-1;All Kills;kayo;67;160;13;23;17;-10;0,65;100;0,12;2;3;-1;both;LOUD;2;1;Sentinels won;7;3;2;2;5;3;4;0
Champions Tour 2024: Masters Madrid;Playoffs;Upper Semifinals;Sentinels vs LOUD;Sunset;Sentinels;johnqt;LOUD;tuyz;6;7;-1;All Kills;cypher;12;267;12;10;2;2;0,77;184;0,47;3;0;3;attack;LOUD;2;1;Sentinels won;7;3;2;2;5;3;4;0
Champions Tour 2024: Masters Madrid;Playoffs;Upper Semifinals;Sentinels vs LOUD;Sunset;Sentinels;Sacy;LOUD;tuyz;1;3;-2;All Kills;gekko;86;185;7;9;3;-2;0,69;128;0,16;1;2;-1;defend;LOUD;2;1;Sentinels won;7;3;2;2;5;3;4;0
Champions Tour 2024: Masters Madrid;Playoffs;Upper Semifinals;Sentinels vs LOUD;Sunset;Sentinels;zekken;LOUD;cauanzin;2;3;-1;All Kills;raze;73;166;14;21;5;-7;0,54;122;0,25;3;7;-4;both;LOUD;2;1;Sentinels won;7;3;2;2;5;3;4;0
Champions Tour 2024: Masters Madrid;Playoffs;Upper Semifinals;Sentinels vs LOUD;Sunset;Sentinels;TenZ;LOUD;cauanzin;5;3;2;All Kills;omen;104;255;11;11;5;0;0,62;169;0,28;0;1;-1;attack;LOUD;2;1;Sentinels won;7;3;2;2;5;3;4;0
Champions Tour 2024: Masters Madrid;Playoffs;Upper Semifinals;Sentinels vs LOUD;Sunset;Sentinels;johnqt;LOUD;Quick;1;0;1;First Kills;cypher;91;205;9;9;2;0;0,77;153;0,24;1;1;0;defend;LOUD;2;1;Sentinels won;7;3;2;2;5;3;4;0
Champions Tour 2024: Masters Madrid;Playoffs;Upper Semifinals;Sentinels vs LOUD;Sunset;Sentinels;Sacy;LOUD;saadhak;1;0;1;First Kills;gekko;95;215;18;19;6;-1;0,65;150;0,18;1;3;-2;both;LOUD;2;1;Sentinels won;7;3;2;2;5;3;4;0
Champions Tour 2024: Masters Madrid;Playoffs;Upper Semifinals;Sentinels vs LOUD;Sunset;Sentinels;TenZ;LOUD;Less;1;1;0;First Kills;omen;104;255;11;11;5;0;0,62;169;0,28;0;1;-1;attack;LOUD;2;1;Sentinels won;7;3;2;2;5;3;4;0
Champions Tour 2024: Masters Madrid;Playoffs;Upper Final;Gen.G vs Sentinels;Split;Gen.G;Meteor;Sentinels;TenZ;4;1;3;All Kills;jett;146;224;4;2;3;2;0,83;157;0,27;2;1;1;defend;Sentinels;2;1;Gen.G won;7;4;1;1;5;0;0;0
Champions Tour 2024: Masters Madrid;Playoffs;Upper Final;Gen.G vs Sentinels;Split;Gen.G;Karon;Sentinels;Sacy;1;2;-1;All Kills;omen;71;139;10;13;6;-3;0,72;65;0,11;2;1;1;both;Sentinels;2;1;Gen.G won;7;4;1;1;5;0;0;0
Champions Tour 2024: Masters Madrid;Playoffs;Upper Final;Gen.G vs Sentinels;Split;Gen.G;Munchkin;Sentinels;Sacy;2;1;1;All Kills;viper;181;266;11;6;7;5;0,67;188;0,2;1;0;1;attack;Sentinels;2;1;Gen.G won;7;4;1;1;5;0;0;0
Champions Tour 2024: Masters Madrid;Playoffs;Upper Final;Gen.G vs Sentinels;Split;Gen.G;Lakia;Sentinels;Sacy;1;2;-1;All Kills;skye;85;118;3;3;1;0;0,67;62;0,11;0;1;-1;defend;Sentinels;2;1;Gen.G won;7;4;1;1;5;0;0;0
Champions Tour 2024: Masters Madrid;Playoffs;Upper Final;Gen.G vs Sentinels;Split;Gen.G;t3xture;Sentinels;johnqt;5;2;3;All Kills;raze;113;263;18;14;5;4;0,72;168;0,18;4;4;0;both;Sentinels;2;1;Gen.G won;7;4;1;1;5;0;0;0
Champions Tour 2024: Masters Madrid;Playoffs;Upper Final;Gen.G vs Sentinels;Split;Gen.G;Meteor;Sentinels;johnqt;0;1;-1;First Kills;jett;128;281;12;9;3;3;0,75;178;0,34;1;1;0;attack;Sentinels;2;1;Gen.G won;7;4;1;1;5;0;0;0
Champions Tour 2024: Masters Madrid;Playoffs;Upper Final;Gen.G vs Sentinels;Split;Gen.G;t3xture;Sentinels;zekken;1;2;-1;First Kills;raze;201;468;11;5;3;6;1;297;0,2;0;0;0;defend;Sentinels;2;1;Gen.G won;7;4;1;1;5;0;0;0
Champions Tour 2024: Masters Madrid;Playoffs;Upper Final;Gen.G vs Sentinels;Lotus;Gen.G;Meteor;Sentinels;Zellsis;10;2;8;All Kills;killjoy;133;291;21;15;1;6;0,85;204;0,31;2;4;-2;both;Sentinels;2;1;Gen.G won;3;0;2;2;8;2;3;0
Champions Tour 2024: Masters Madrid;Playoffs;Upper Final;Gen.G vs Sentinels;Lotus;Gen.G;Karon;Sentinels;Zellsis;0;4;-4;All Kills;omen;81;132;4;6;0;-2;0,5;74;0,08;0;0;0;attack;Sentinels;2;1;Gen.G won;3;0;2;2;8;2;3;0
Champions Tour 2024: Masters Madrid;Playoffs;Upper Final;Gen.G vs Sentinels;Lotus;Gen.G;Munchkin;Sentinels;Zellsis;1;2;-1;All Kills;viper;55;81;2;7;5;-5;0,67;60;0,23;1;1;0;defend;Sentinels;2;1;Gen.G won;3;0;2;2;8;2;3;0
Champions Tour 2024: Masters Madrid;Playoffs;Upper Final;Gen.G vs Sentinels;Lotus;Gen.G;Lakia;Sentinels;TenZ;3;2;1;All Kills;fade;55;109;8;15;4;-7;0,6;80;0,16;1;2;-1;both;Sentinels;2;1;Gen.G won;3;0;2;2;8;2;3;0
Champions Tour 2024: Masters Madrid;Playoffs;Upper Final;Gen.G vs Sentinels;Lotus;Gen.G;t3xture;Sentinels;TenZ;3;2;1;All Kills;raze;5;127;3;8;2;-5;0,75;91;0,13;2;1;1;attack;Sentinels;2;1;Gen.G won;3;0;2;2;8;2;3;0
Champions Tour 2024: Masters Madrid;Playoffs;Upper Final;Gen.G vs Sentinels;Lotus;Gen.G;Meteor;Sentinels;TenZ;1;0;1;First Kills;killjoy;174;378;16;8;0;8;0,83;266;0,29;1;2;-1;defend;Sentinels;2;1;Gen.G won;3;0;2;2;8;2;3;0
Champions Tour 2024: Masters Madrid;Playoffs;Upper Final;Gen.G vs Sentinels;Lotus;Gen.G;Lakia;Sentinels;Zellsis;0;1;-1;First Kills;fade;55;109;8;15;4;-7;0,6;80;0,16;1;2;-1;both;Sentinels;2;1;Gen.G won;3;0;2;2;8;2;3;0
Champions Tour 2024: Masters Madrid;Playoffs;Upper Final;Gen.G vs Sentinels;Lotus;Gen.G;t3xture;Sentinels;johnqt;0;1;-1;First Kills;raze;5;127;3;8;2;-5;0,75;91;0,13;2;1;1;attack;Sentinels;2;1;Gen.G won;3;0;2;2;8;2;3;0
Champions Tour 2024: Masters Madrid;Playoffs;Upper Final;Gen.G vs Sentinels;Lotus;Gen.G;t3xture;Sentinels;Zellsis;1;0;1;Op Kills;raze;49;151;6;10;0;-4;0,67;94;0,13;3;2;1;defend;Sentinels;2;1;Gen.G won;3;0;2;2;8;2;3;0
Champions Tour 2024: Masters Madrid;Playoffs;Upper Final;Gen.G vs Sentinels;Breeze;Gen.G;Meteor;Sentinels;johnqt;3;2;1;All Kills;yoru;154;307;19;9;8;10;0,88;212;0,49;2;2;0;both;Sentinels;2;1;Gen.G won;7;1;4;1;3;0;0;0
Champions Tour 2024: Masters Madrid;Playoffs;Upper Final;Gen.G vs Sentinels;Breeze;Gen.G;Karon;Sentinels;johnqt;3;3;0;All Kills;astra;1;175;3;2;1;1;1;93;0,5;0;0;0;attack;Sentinels;2;1;Gen.G won;7;1;4;1;3;0;0;0
Champions Tour 2024: Masters Madrid;Playoffs;Upper Final;Gen.G vs Sentinels;Breeze;Gen.G;Munchkin;Sentinels;johnqt;5;1;4;All Kills;viper;111;170;8;5;2;3;0,83;115;0,25;2;0;2;defend;Sentinels;2;1;Gen.G won;7;1;4;1;3;0;0;0
Champions Tour 2024: Masters Madrid;Playoffs;Upper Final;Gen.G vs Sentinels;Breeze;Gen.G;t3xture;Sentinels;zekken;3;2;1;All Kills;jett;146;248;15;8;2;7;0,88;168;0,19;3;2;1;both;Sentinels;2;1;Gen.G won;7;1;4;1;3;0;0;0
Champions Tour 2024: Masters Madrid;Playoffs;Upper Final;Gen.G vs Sentinels;Breeze;Gen.G;Meteor;Sentinels;zekken;2;1;1;First Kills;yoru;168;424;6;3;3;3;1;233;0,33;1;0;1;attack;Sentinels;2;1;Gen.G won;7;1;4;1;3;0;0;0
Champions Tour 2024: Masters Madrid;Playoffs;Upper Final;Gen.G vs Sentinels;Breeze;Gen.G;Lakia;Sentinels;zekken;1;0;1;First Kills;sova;131;262;10;7;9;3;0,83;166;0,23;1;0;1;defend;Sentinels;2;1;Gen.G won;7;1;4;1;3;0;0;0
Champions Tour 2024: Masters Madrid;Playoffs;Upper Final;Gen.G vs Sentinels;Breeze;Gen.G;Karon;Sentinels;zekken;0;1;-1;Op Kills;astra;12;206;13;9;8;4;0,88;160;0,37;2;1;1;both;Sentinels;2;1;Gen.G won;7;1;4;1;3;0;0;0
Champions Tour 2024: Masters Madrid;Playoffs;Upper Final;Gen.G vs Sentinels;Breeze;Gen.G;t3xture;Sentinels;Sacy;1;0;1;Op Kills;jett;235;352;5;1;2;4;1;214;0,29;1;1;0;attack;Sentinels;2;1;Gen.G won;7;1;4;1;3;0;0;0
Champions Tour 2024: Masters Madrid;Playoffs;Lower Round 1;Paper Rex vs LOUD;Ascent;Paper Rex;Monyet;LOUD;tuyz;2;6;-4;All Kills;raze;73;146;4;8;7;-4;0,83;123;0,15;0;1;-1;defend;LOUD;2;0;Paper Rex won;10;2;1;0;9;0;2;0
Champions Tour 2024: Masters Madrid;Playoffs;Lower Round 1;Paper Rex vs LOUD;Ascent;Paper Rex;d4v41;LOUD;cauanzin;6;5;1;All Kills;omen;101;204;19;19;7;0;0,71;128;0,32;2;0;2;both;LOUD;2;0;Paper Rex won;10;2;1;0;9;0;2;0
Champions Tour 2024: Masters Madrid;Playoffs;Lower Round 1;Paper Rex vs LOUD;Ascent;Paper Rex;something;LOUD;cauanzin;4;2;2;All Kills;gekko;104;163;7;8;2;-1;0,67;120;0,27;2;1;1;attack;LOUD;2;0;Paper Rex won;10;2;1;0;9;0;2;0
Champions Tour 2024: Masters Madrid;Playoffs;Lower Round 1;Paper Rex vs LOUD;Ascent;Paper Rex;f0rsakeN;LOUD;cauanzin;2;5;-3;All Kills;fade;124;226;9;7;4;2;0,92;149;0,24;3;0;3;defend;LOUD;2;0;Paper Rex won;10;2;1;0;9;0;2;0
Champions Tour 2024: Masters Madrid;Playoffs;Lower Round 1;Paper Rex vs LOUD;Ascent;Paper Rex;Monyet;LOUD;saadhak;2;1;1;First Kills;raze;79;176;13;17;10;-4;0,75;122;0,13;2;5;-3;both;LOUD;2;0;Paper Rex won;10;2;1;0;9;0;2;0
Champions Tour 2024: Masters Madrid;Playoffs;Lower Round 1;Paper Rex vs LOUD;Ascent;Paper Rex;d4v41;LOUD;cauanzin;1;0;1;First Kills;omen;71;175;8;11;3;-3;0,58;93;0,35;0;0;0;attack;LOUD;2;0;Paper Rex won;10;2;1;0;9;0;2;0
Champions Tour 2024: Masters Madrid;Playoffs;Lower Round 1;Paper Rex vs LOUD;Ascent;Paper Rex;something;LOUD;Less;2;0;2;First Kills;gekko;183;361;15;6;4;9;0,92;192;0,17;5;0;5;defend;LOUD;2;0;Paper Rex won;10;2;1;0;9;0;2;0
Champions Tour 2024: Masters Madrid;Playoffs;Lower Round 1;Paper Rex vs LOUD;Ascent;Paper Rex;mindfreak;LOUD;Quick;0;1;-1;Op Kills;viper;79;150;13;17;6;-4;0,58;110;0,39;1;2;-1;both;LOUD;2;0;Paper Rex won;10;2;1;0;9;0;2;0
Champions Tour 2024: Masters Madrid;Playoffs;Lower Round 1;Paper Rex vs LOUD;Ascent;Paper Rex;something;LOUD;Quick;3;0;3;Op Kills;gekko;104;163;7;8;2;-1;0,67;120;0,27;2;1;1;attack;LOUD;2;0;Paper Rex won;10;2;1;0;9;0;2;0
Champions Tour 2024: Masters Madrid;Playoffs;Lower Round 1;Paper Rex vs LOUD;Sunset;Paper Rex;Monyet;LOUD;cauanzin;3;5;-2;All Kills;omen;86;175;8;10;2;-2;0,58;107;0,32;3;1;2;defend;LOUD;2;0;Paper Rex won;11;0;1;1;4;1;3;0
Champions Tour 2024: Masters Madrid;Playoffs;Lower Round 1;Paper Rex vs LOUD;Sunset;Paper Rex;mindfreak;LOUD;saadhak;3;0;3;All Kills;viper;122;218;18;12;3;6;0,76;135;0,37;2;2;0;both;LOUD;2;0;Paper Rex won;11;0;1;1;4;1;3;0
Champions Tour 2024: Masters Madrid;Playoffs;Lower Round 1;Paper Rex vs LOUD;Sunset;Paper Rex;d4v41;LOUD;saadhak;2;2;0;All Kills;sage;28;89;2;8;8;-6;0,89;39;0;1;0;1;attack;LOUD;2;0;Paper Rex won;11;0;1;1;4;1;3;0
Champions Tour 2024: Masters Madrid;Playoffs;Lower Round 1;Paper Rex vs LOUD;Sunset;Paper Rex;something;LOUD;saadhak;2;3;-1;All Kills;gekko;113;229;10;9;5;1;0,67;134;0,38;0;1;-1;defend;LOUD;2;0;Paper Rex won;11;0;1;1;4;1;3;0
Champions Tour 2024: Masters Madrid;Playoffs;Lower Round 1;Paper Rex vs LOUD;Sunset;Paper Rex;f0rsakeN;LOUD;Quick;4;2;2;All Kills;kayo;96;241;17;17;11;0;0,67;154;0,24;5;2;3;both;LOUD;2;0;Paper Rex won;11;0;1;1;4;1;3;0
Champions Tour 2024: Masters Madrid;Playoffs;Lower Round 1;Paper Rex vs LOUD;Sunset;Paper Rex;Monyet;LOUD;Quick;2;1;1;First Kills;omen;121;193;6;5;5;1;0,78;127;0,24;2;1;1;attack;LOUD;2;0;Paper Rex won;11;0;1;1;4;1;3;0
Champions Tour 2024: Masters Madrid;Playoffs;Lower Round 1;Paper Rex vs LOUD;Sunset;Paper Rex;d4v41;LOUD;cauanzin;0;1;-1;First Kills;sage;126;215;9;7;7;2;0,75;159;0,19;0;1;-1;defend;LOUD;2;0;Paper Rex won;11;0;1;1;4;1;3;0
Champions Tour 2024: Masters Madrid;Playoffs;Lower Round 1;Paper Rex vs LOUD;Sunset;Paper Rex;f0rsakeN;LOUD;Less;0;1;-1;First Kills;kayo;96;241;17;17;11;0;0,67;154;0,24;5;2;3;both;LOUD;2;0;Paper Rex won;11;0;1;1;4;1;3;0
Champions Tour 2024: Masters Madrid;Playoffs;Lower Final;Sentinels vs Paper Rex;Lotus;Sentinels;zekken;Paper Rex;Monyet;9;2;7;All Kills;raze;148;317;15;8;2;7;0,85;198;0,27;4;4;0;attack;Paper Rex;3;1;Sentinels won;10;1;3;0;8;0;4;0
Champions Tour 2024: Masters Madrid;Playoffs;Lower Final;Sentinels vs Paper Rex;Lotus;Sentinels;TenZ;Paper Rex;Monyet;6;2;4;All Kills;omen;129;227;10;7;8;3;0,62;120;0,35;0;0;0;defend;Paper Rex;3;1;Sentinels won;10;1;3;0;8;0;4;0
Champions Tour 2024: Masters Madrid;Playoffs;Lower Final;Sentinels vs Paper Rex;Lotus;Sentinels;Zellsis;Paper Rex;f0rsakeN;3;3;0;All Kills;killjoy;81;169;13;18;8;-5;0,77;114;0,15;4;3;1;both;Paper Rex;3;1;Sentinels won;10;1;3;0;8;0;4;0
Champions Tour 2024: Masters Madrid;Playoffs;Lower Final;Sentinels vs Paper Rex;Lotus;Sentinels;johnqt;Paper Rex;f0rsakeN;5;3;2;All Kills;viper;14;228;11;6;4;5;0,77;134;0,25;2;1;1;attack;Paper Rex;3;1;Sentinels won;10;1;3;0;8;0;4;0
Champions Tour 2024: Masters Madrid;Playoffs;Lower Final;Sentinels vs Paper Rex;Lotus;Sentinels;Sacy;Paper Rex;f0rsakeN;4;2;2;All Kills;fade;129;211;8;7;7;1;0,92;163;0,23;1;1;0;defend;Paper Rex;3;1;Sentinels won;10;1;3;0;8;0;4;0
Champions Tour 2024: Masters Madrid;Playoffs;Lower Final;Sentinels vs Paper Rex;Lotus;Sentinels;zekken;Paper Rex;mindfreak;1;0;1;First Kills;raze;158;326;32;16;2;16;0,85;205;0,27;8;4;4;both;Paper Rex;3;1;Sentinels won;10;1;3;0;8;0;4;0
Champions Tour 2024: Masters Madrid;Playoffs;Lower Final;Sentinels vs Paper Rex;Lotus;Sentinels;johnqt;Paper Rex;Monyet;1;0;1;First Kills;viper;14;228;11;6;4;5;0,77;134;0,25;2;1;1;attack;Paper Rex;3;1;Sentinels won;10;1;3;0;8;0;4;0
Champions Tour 2024: Masters Madrid;Playoffs;Lower Final;Sentinels vs Paper Rex;Lotus;Sentinels;Sacy;Paper Rex;something;0;1;-1;First Kills;fade;129;211;8;7;7;1;0,92;163;0,23;1;1;0;defend;Paper Rex;3;1;Sentinels won;10;1;3;0;8;0;4;0
Champions Tour 2024: Masters Madrid;Playoffs;Lower Final;Sentinels vs Paper Rex;Ascent;Sentinels;zekken;Paper Rex;f0rsakeN;4;2;2;All Kills;jett;171;351;25;10;3;15;0,74;223;0,32;5;5;0;both;Paper Rex;3;1;Sentinels won;9;2;2;0;5;1;0;0
Champions Tour 2024: Masters Madrid;Playoffs;Lower Final;Sentinels vs Paper Rex;Ascent;Sentinels;TenZ;Paper Rex;f0rsakeN;4;1;3;All Kills;omen;183;288;8;3;6;5;1;185;0,38;2;0;2;attack;Paper Rex;3;1;Sentinels won;9;2;2;0;5;1;0;0
Champions Tour 2024: Masters Madrid;Playoffs;Lower Final;Sentinels vs Paper Rex;Ascent;Sentinels;Zellsis;Paper Rex;f0rsakeN;3;3;0;All Kills;kayo;103;159;5;8;12;-3;0,67;104;0,13;1;0;1;defend;Paper Rex;3;1;Sentinels won;9;2;2;0;5;1;0;0
Champions Tour 2024: Masters Madrid;Playoffs;Lower Final;Sentinels vs Paper Rex;Ascent;Sentinels;johnqt;Paper Rex;mindfreak;3;2;1;All Kills;killjoy;126;176;13;8;4;5;0,84;120;0,16;1;0;1;both;Paper Rex;3;1;Sentinels won;9;2;2;0;5;1;0;0
Champions Tour 2024: Masters Madrid;Playoffs;Lower Final;Sentinels vs Paper Rex;Ascent;Sentinels;Sacy;Paper Rex;mindfreak;2;4;-2;All Kills;sova;129;182;4;3;4;1;1;117;0,14;0;0;0;attack;Paper Rex;3;1;Sentinels won;9;2;2;0;5;1;0;0
Champions Tour 2024: Masters Madrid;Playoffs;Lower Final;Sentinels vs Paper Rex;Ascent;Sentinels;zekken;Paper Rex;d4v41;2;1;1;First Kills;jett;159;336;16;7;0;9;0,67;220;0,39;2;4;-2;defend;Paper Rex;3;1;Sentinels won;9;2;2;0;5;1;0;0
Champions Tour 2024: Masters Madrid;Playoffs;Lower Final;Sentinels vs Paper Rex;Ascent;Sentinels;Sacy;Paper Rex;Monyet;0;1;-1;First Kills;sova;126;216;14;10;6;4;0,84;133;0,18;1;1;0;both;Paper Rex;3;1;Sentinels won;9;2;2;0;5;1;0;0
Champions Tour 2024: Masters Madrid;Playoffs;Lower Final;Sentinels vs Paper Rex;Ascent;Sentinels;Sacy;Paper Rex;something;0;1;-1;Op Kills;sova;129;182;4;3;4;1;1;117;0,14;0;0;0;attack;Paper Rex;3;1;Sentinels won;9;2;2;0;5;1;0;0
Champions Tour 2024: Masters Madrid;Playoffs;Lower Final;Sentinels vs Paper Rex;Split;Sentinels;zekken;Paper Rex;something;3;4;-1;All Kills;raze;95;241;5;5;1;0;0,67;167;0,31;0;1;-1;defend;Paper Rex;3;1;Sentinels won;5;0;0;0;13;0;0;0
Champions Tour 2024: Masters Madrid;Playoffs;Lower Final;Sentinels vs Paper Rex;Split;Sentinels;Zellsis;Paper Rex;Monyet;4;5;-1;All Kills;viper;8;181;11;15;3;-4;0,5;109;0,19;0;3;-3;both;Paper Rex;3;1;Sentinels won;5;0;0;0;13;0;0;0
Champions Tour 2024: Masters Madrid;Playoffs;Lower Final;Sentinels vs Paper Rex;Split;Sentinels;johnqt;Paper Rex;Monyet;1;3;-2;All Kills;cypher;62;142;5;10;2;-5;0,67;90;0,29;1;0;1;attack;Paper Rex;3;1;Sentinels won;5;0;0;0;13;0;0;0
Champions Tour 2024: Masters Madrid;Playoffs;Lower Final;Sentinels vs Paper Rex;Split;Sentinels;Sacy;Paper Rex;Monyet;2;5;-3;All Kills;skye;29;125;2;6;2;-4;0,67;93;0,36;0;1;-1;defend;Paper Rex;3;1;Sentinels won;5;0;0;0;13;0;0;0
Champions Tour 2024: Masters Madrid;Playoffs;Lower Final;Sentinels vs Paper Rex;Split;Sentinels;zekken;Paper Rex;f0rsakeN;0;1;-1;First Kills;raze;85;238;13;17;6;-4;0,67;172;0,25;0;4;-4;both;Paper Rex;3;1;Sentinels won;5;0;0;0;13;0;0;0
Champions Tour 2024: Masters Madrid;Playoffs;Lower Final;Sentinels vs Paper Rex;Split;Sentinels;Zellsis;Paper Rex;mindfreak;0;1;-1;First Kills;viper;11;232;10;10;3;0;0,58;135;0,21;0;1;-1;attack;Paper Rex;3;1;Sentinels won;5;0;0;0;13;0;0;0
Champions Tour 2024: Masters Madrid;Playoffs;Lower Final;Sentinels vs Paper Rex;Split;Sentinels;Sacy;Paper Rex;d4v41;0;1;-1;First Kills;skye;29;125;2;6;2;-4;0,67;93;0,36;0;1;-1;defend;Paper Rex;3;1;Sentinels won;5;0;0;0;13;0;0;0
Champions Tour 2024: Masters Madrid;Playoffs;Lower Final;Sentinels vs Paper Rex;Sunset;Sentinels;zekken;Paper Rex;d4v41;4;3;1;All Kills;raze;125;318;18;12;2;6;0,81;192;0,21;5;3;2;both;Paper Rex;3;1;Sentinels won;8;1;4;0;3;0;0;0
Champions Tour 2024: Masters Madrid;Playoffs;Lower Final;Sentinels vs Paper Rex;Sunset;Sentinels;TenZ;Paper Rex;d4v41;4;3;1;All Kills;omen;339;584;9;2;5;7;1;372;0,43;1;0;1;attack;Paper Rex;3;1;Sentinels won;8;1;4;0;3;0;0;0
Champions Tour 2024: Masters Madrid;Playoffs;Lower Final;Sentinels vs Paper Rex;Sunset;Sentinels;Zellsis;Paper Rex;d4v41;2;2;0;All Kills;kayo;136;223;10;5;9;5;1;127;0,21;1;0;1;defend;Paper Rex;3;1;Sentinels won;8;1;4;0;3;0;0;0
Champions Tour 2024: Masters Madrid;Playoffs;Lower Final;Sentinels vs Paper Rex;Sunset;Sentinels;johnqt;Paper Rex;something;5;3;2;All Kills;cypher;143;247;15;8;4;7;0,94;153;0,28;2;0;2;both;Paper Rex;3;1;Sentinels won;8;1;4;0;3;0;0;0
Champions Tour 2024: Masters Madrid;Playoffs;Lower Final;Sentinels vs Paper Rex;Sunset;Sentinels;Sacy;Paper Rex;something;2;2;0;All Kills;gekko;115;178;3;2;1;1;0,75;72;0,33;0;0;0;attack;Paper Rex;3;1;Sentinels won;8;1;4;0;3;0;0;0
Champions Tour 2024: Masters Madrid;Playoffs;Lower Final;Sentinels vs Paper Rex;Sunset;Sentinels;TenZ;Paper Rex;f0rsakeN;1;0;1;First Kills;omen;15;266;13;7;5;6;0,92;161;0,41;2;0;2;defend;Paper Rex;3;1;Sentinels won;8;1;4;0;3;0;0;0
Champions Tour 2024: Masters Madrid;Playoffs;Lower Final;Sentinels vs Paper Rex;Sunset;Sentinels;Sacy;Paper Rex;something;1;1;0;First Kills;gekko;103;138;8;6;8;2;0,88;78;0,21;1;1;0;both;Paper Rex;3;1;Sentinels won;8;1;4;0;3;0;0;0
Champions Tour 2024: Masters Madrid;Playoffs;Grand Final;Gen.G vs Sentinels;Breeze;Gen.G;t3xture;Sentinels;zekken;2;5;-3;All Kills;jett;86;213;9;10;0;-1;0,58;133;0,37;0;1;-1;attack;Sentinels;2;3;Sentinels won;9;2;1;1;4;0;3;1
Champions Tour 2024: Masters Madrid;Playoffs;Grand Final;Gen.G vs Sentinels;Breeze;Gen.G;Munchkin;Sentinels;zekken;4;4;0;All Kills;viper;17;372;12;6;2;6;0,89;246;0,36;0;0;0;defend;Sentinels;2;3;Sentinels won;9;2;1;1;4;0;3;1
Champions Tour 2024: Masters Madrid;Playoffs;Grand Final;Gen.G vs Sentinels;Breeze;Gen.G;Karon;Sentinels;Sacy;3;2;1;All Kills;astra;13;207;17;13;8;4;0,71;153;0,34;0;1;-1;both;Sentinels;2;3;Sentinels won;9;2;1;1;4;0;3;1
Champions Tour 2024: Masters Madrid;Playoffs;Grand Final;Gen.G vs Sentinels;Breeze;Gen.G;Lakia;Sentinels;Sacy;2;2;0;All Kills;sova;79;133;5;8;3;-3;0,75;104;0,19;1;1;0;attack;Sentinels;2;3;Sentinels won;9;2;1;1;4;0;3;1
Champions Tour 2024: Masters Madrid;Playoffs;Grand Final;Gen.G vs Sentinels;Breeze;Gen.G;Meteor;Sentinels;Sacy;3;2;1;All Kills;yoru;89;109;5;4;1;1;0,67;71;0,25;1;2;-1;defend;Sentinels;2;3;Sentinels won;9;2;1;1;4;0;3;1
Champions Tour 2024: Masters Madrid;Playoffs;Grand Final;Gen.G vs Sentinels;Breeze;Gen.G;Munchkin;Sentinels;zekken;0;2;-2;First Kills;viper;106;244;19;15;2;4;0,67;164;0,33;0;5;-5;both;Sentinels;2;3;Sentinels won;9;2;1;1;4;0;3;1
Champions Tour 2024: Masters Madrid;Playoffs;Grand Final;Gen.G vs Sentinels;Breeze;Gen.G;Meteor;Sentinels;zekken;0;4;-4;First Kills;yoru;85;219;8;10;3;-2;0,58;137;0,29;0;3;-3;attack;Sentinels;2;3;Sentinels won;9;2;1;1;4;0;3;1
Champions Tour 2024: Masters Madrid;Playoffs;Grand Final;Gen.G vs Sentinels;Breeze;Gen.G;Meteor;Sentinels;zekken;0;1;-1;Op Kills;yoru;89;109;5;4;1;1;0,67;71;0,25;1;2;-1;defend;Sentinels;2;3;Sentinels won;9;2;1;1;4;0;3;1
Champions Tour 2024: Masters Madrid;Playoffs;Grand Final;Gen.G vs Sentinels;Bind;Gen.G;Munchkin;Sentinels;Zellsis;3;3;0;All Kills;viper;108;196;15;17;16;-2;0,69;138;0,22;2;2;0;both;Sentinels;2;3;Sentinels won;7;2;2;1;10;1;2;1
Champions Tour 2024: Masters Madrid;Playoffs;Grand Final;Gen.G vs Sentinels;Bind;Gen.G;Karon;Sentinels;Zellsis;1;3;-2;All Kills;brimstone;118;211;10;8;5;2;0,85;150;0,33;1;1;0;attack;Sentinels;2;3;Sentinels won;7;2;2;1;10;1;2;1
Champions Tour 2024: Masters Madrid;Playoffs;Grand Final;Gen.G vs Sentinels;Bind;Gen.G;Lakia;Sentinels;Zellsis;4;3;1;All Kills;skye;114;225;11;9;3;2;0,69;121;0,27;1;2;-1;defend;Sentinels;2;3;Sentinels won;7;2;2;1;10;1;2;1
Champions Tour 2024: Masters Madrid;Playoffs;Grand Final;Gen.G vs Sentinels;Bind;Gen.G;Meteor;Sentinels;zekken;3;4;-1;All Kills;cypher;117;245;22;17;8;5;0,69;158;0,31;3;4;-1;both;Sentinels;2;3;Sentinels won;7;2;2;1;10;1;2;1
Champions Tour 2024: Masters Madrid;Playoffs;Grand Final;Gen.G vs Sentinels;Bind;Gen.G;t3xture;Sentinels;Sacy;1;1;0;First Kills;raze;33;85;4;10;1;-6;0,46;71;0,25;1;5;-4;attack;Sentinels;2;3;Sentinels won;7;2;2;1;10;1;2;1
Champions Tour 2024: Masters Madrid;Playoffs;Grand Final;Gen.G vs Sentinels;Bind;Gen.G;Karon;Sentinels;zekken;1;0;1;First Kills;brimstone;104;212;10;10;2;0;0,69;124;0,18;2;0;2;defend;Sentinels;2;3;Sentinels won;7;2;2;1;10;1;2;1
Champions Tour 2024: Masters Madrid;Playoffs;Grand Final;Gen.G vs Sentinels;Bind;Gen.G;Karon;Sentinels;TenZ;1;0;1;Op Kills;brimstone;111;211;20;18;7;2;0,77;137;0,25;3;1;2;both;Sentinels;2;3;Sentinels won;7;2;2;1;10;1;2;1
Champions Tour 2024: Masters Madrid;Playoffs;Grand Final;Gen.G vs Sentinels;Ascent;Gen.G;t3xture;Sentinels;johnqt;2;2;0;All Kills;jett;57;206;8;12;2;-4;0,83;140;0,22;3;1;2;attack;Sentinels;2;3;Sentinels won;10;1;2;0;5;0;3;0
Champions Tour 2024: Masters Madrid;Playoffs;Grand Final;Gen.G vs Sentinels;Ascent;Gen.G;Munchkin;Sentinels;johnqt;2;1;1;All Kills;kayo;207;295;11;2;4;9;0,89;192;0,22;1;0;1;defend;Sentinels;2;3;Sentinels won;10;1;2;0;5;0;3;0
Champions Tour 2024: Masters Madrid;Playoffs;Grand Final;Gen.G vs Sentinels;Ascent;Gen.G;Lakia;Sentinels;Zellsis;2;3;-1;All Kills;sova;118;213;15;13;7;2;0,81;153;0,15;0;2;-2;both;Sentinels;2;3;Sentinels won;10;1;2;0;5;0;3;0
Champions Tour 2024: Masters Madrid;Playoffs;Grand Final;Gen.G vs Sentinels;Ascent;Gen.G;Meteor;Sentinels;Zellsis;2;1;1;All Kills;killjoy;8;186;8;10;1;-2;0,67;116;0,44;0;2;-2;attack;Sentinels;2;3;Sentinels won;10;1;2;0;5;0;3;0
Champions Tour 2024: Masters Madrid;Playoffs;Grand Final;Gen.G vs Sentinels;Ascent;Gen.G;t3xture;Sentinels;Zellsis;1;0;1;First Kills;jett;165;302;11;5;1;6;0,78;179;0,37;3;2;1;defend;Sentinels;2;3;Sentinels won;10;1;2;0;5;0;3;0
Champions Tour 2024: Masters Madrid;Playoffs;Grand Final;Gen.G vs Sentinels;Ascent;Gen.G;Karon;Sentinels;Zellsis;2;0;2;First Kills;omen;9;177;13;14;10;-1;0,76;108;0,31;4;2;2;both;Sentinels;2;3;Sentinels won;10;1;2;0;5;0;3;0
Champions Tour 2024: Masters Madrid;Playoffs;Grand Final;Gen.G vs Sentinels;Ascent;Gen.G;Lakia;Sentinels;Zellsis;0;1;-1;First Kills;sova;145;240;11;7;3;4;0,83;175;0,24;0;1;-1;attack;Sentinels;2;3;Sentinels won;10;1;2;0;5;0;3;0
Champions Tour 2024: Masters Madrid;Playoffs;Grand Final;Gen.G vs Sentinels;Ascent;Gen.G;t3xture;Sentinels;johnqt;1;0;1;Op Kills;jett;165;302;11;5;1;6;0,78;179;0,37;3;2;1;defend;Sentinels;2;3;Sentinels won;10;1;2;0;5;0;3;0
Champions Tour 2024: Masters Madrid;Playoffs;Grand Final;Gen.G vs Sentinels;Split;Gen.G;t3xture;Sentinels;Sacy;4;3;1;All Kills;raze;129;288;22;19;2;3;0,74;179;0,17;3;2;1;both;Sentinels;2;3;Sentinels won;6;0;4;0;11;1;1;0
Champions Tour 2024: Masters Madrid;Playoffs;Grand Final;Gen.G vs Sentinels;Split;Gen.G;Munchkin;Sentinels;Sacy;0;1;-1;All Kills;viper;75;136;5;8;5;-3;0,5;93;0,28;0;2;-2;attack;Sentinels;2;3;Sentinels won;6;0;4;0;11;1;1;0
Champions Tour 2024: Masters Madrid;Playoffs;Grand Final;Gen.G vs Sentinels;Split;Gen.G;Karon;Sentinels;Sacy;4;3;1;All Kills;omen;84;221;9;9;4;0;0,73;134;0,3;0;1;-1;defend;Sentinels;2;3;Sentinels won;6;0;4;0;11;1;1;0
Champions Tour 2024: Masters Madrid;Playoffs;Grand Final;Gen.G vs Sentinels;Split;Gen.G;Lakia;Sentinels;TenZ;0;2;-2;All Kills;skye;49;102;9;18;4;-9;0,65;68;0,31;1;3;-2;both;Sentinels;2;3;Sentinels won;6;0;4;0;11;1;1;0
Champions Tour 2024: Masters Madrid;Playoffs;Grand Final;Gen.G vs Sentinels;Split;Gen.G;Meteor;Sentinels;TenZ;5;3;2;All Kills;jett;27;101;5;11;1;-6;0,5;76;0,33;1;1;0;attack;Sentinels;2;3;Sentinels won;6;0;4;0;11;1;1;0
Champions Tour 2024: Masters Madrid;Playoffs;Grand Final;Gen.G vs Sentinels;Split;Gen.G;Munchkin;Sentinels;Sacy;0;1;-1;First Kills;viper;28;69;1;8;7;-7;0,45;46;0;0;1;-1;defend;Sentinels;2;3;Sentinels won;6;0;4;0;11;1;1;0
Champions Tour 2024: Masters Madrid;Playoffs;Grand Final;Gen.G vs Sentinels;Split;Gen.G;Lakia;Sentinels;zekken;0;1;-1;First Kills;skye;49;102;9;18;4;-9;0,65;68;0,31;1;3;-2;both;Sentinels;2;3;Sentinels won;6;0;4;0;11;1;1;0
Champions Tour 2024: Masters Madrid;Playoffs;Grand Final;Gen.G vs Sentinels;Split;Gen.G;Meteor;Sentinels;Sacy;0;1;-1;First Kills;jett;27;101;5;11;1;-6;0,5;76;0,33;1;1;0;attack;Sentinels;2;3;Sentinels won;6;0;4;0;11;1;1;0
Champions Tour 2024: Masters Madrid;Playoffs;Grand Final;Gen.G vs Sentinels;Icebox;Gen.G;t3xture;Sentinels;TenZ;4;3;1;All Kills;jett;9;214;5;6;2;-1;0,71;122;0,36;0;1;-1;defend;Sentinels;2;3;Sentinels won;5;0;1;0;6;2;5;0
Champions Tour 2024: Masters Madrid;Playoffs;Grand Final;Gen.G vs Sentinels;Icebox;Gen.G;Munchkin;Sentinels;johnqt;1;4;-3;All Kills;kayo;94;171;13;14;8;-1;0,68;99;0,17;1;4;-3;both;Sentinels;2;3;Sentinels won;5;0;1;0;6;2;5;0
Champions Tour 2024: Masters Madrid;Playoffs;Grand Final;Gen.G vs Sentinels;Icebox;Gen.G;Karon;Sentinels;johnqt;1;6;-5;All Kills;viper;86;158;6;9;5;-3;0,75;96;0,16;2;1;1;attack;Sentinels;2;3;Sentinels won;5;0;1;0;6;2;5;0
Champions Tour 2024: Masters Madrid;Playoffs;Grand Final;Gen.G vs Sentinels;Icebox;Gen.G;Lakia;Sentinels;johnqt;3;0;3;All Kills;gekko;27;75;1;6;1;-5;0,57;70;0;0;1;-1;defend;Sentinels;2;3;Sentinels won;5;0;1;0;6;2;5;0
Champions Tour 2024: Masters Madrid;Playoffs;Grand Final;Gen.G vs Sentinels;Icebox;Gen.G;t3xture;Sentinels;johnqt;0;1;-1;First Kills;jett;86;221;15;16;3;-1;0,74;136;0,3;0;1;-1;both;Sentinels;2;3;Sentinels won;5;0;1;0;6;2;5;0
Champions Tour 2024: Masters Madrid;Playoffs;Grand Final;Gen.G vs Sentinels;Icebox;Gen.G;Karon;Sentinels;zekken;1;1;0;First Kills;viper;86;158;6;9;5;-3;0,75;96;0,16;2;1;1;attack;Sentinels;2;3;Sentinels won;5;0;1;0;6;2;5;0
Champions Tour 2024: Masters Madrid;Playoffs;Grand Final;Gen.G vs Sentinels;Icebox;Gen.G;Meteor;Sentinels;zekken;3;1;2;First Kills;killjoy;79;218;5;7;1;-2;0,86;149;0,05;1;1;0;defend;Sentinels;2;3;Sentinels won;5;0;1;0;6;2;5;0
Champions Tour 2024: Americas Kickoff;Playoffs;Semifinals;Evil Geniuses vs LOUD;Ascent;Evil Geniuses;jawgemo;LOUD;saadhak;5;6;-1;All Kills;jett;14;287;21;13;7;8;0,75;194;0,22;3;5;-2;both;LOUD;1;2;LOUD won;12;0;1;0;4;1;1;1
Champions Tour 2024: Americas Kickoff;Playoffs;Semifinals;Evil Geniuses vs LOUD;Ascent;Evil Geniuses;NaturE;LOUD;saadhak;3;4;-1;All Kills;kayo;52;137;4;7;3;-3;0,75;83;0,21;1;0;1;attack;LOUD;1;2;LOUD won;12;0;1;0;4;1;1;1
Champions Tour 2024: Americas Kickoff;Playoffs;Semifinals;Evil Geniuses vs LOUD;Ascent;Evil Geniuses;Derrek;LOUD;saadhak;3;1;2;All Kills;sova;119;220;8;5;8;3;0,92;130;0,26;1;0;1;defend;LOUD;1;2;LOUD won;12;0;1;0;4;1;1;1
Champions Tour 2024: Americas Kickoff;Playoffs;Semifinals;Evil Geniuses vs LOUD;Ascent;Evil Geniuses;Apoth;LOUD;tuyz;4;1;3;All Kills;cypher;117;200;16;12;7;4;0,75;144;0,48;1;3;-2;both;LOUD;1;2;LOUD won;12;0;1;0;4;1;1;1
Champions Tour 2024: Americas Kickoff;Playoffs;Semifinals;Evil Geniuses vs LOUD;Ascent;Evil Geniuses;supamen;LOUD;tuyz;3;4;-1;All Kills;omen;146;233;6;4;3;2;0,88;159;0,54;1;0;1;attack;LOUD;1;2;LOUD won;12;0;1;0;4;1;1;1
Champions Tour 2024: Americas Kickoff;Playoffs;Semifinals;Evil Geniuses vs LOUD;Ascent;Evil Geniuses;jawgemo;LOUD;Quick;1;3;-2;First Kills;jett;153;340;14;7;4;7;0,83;244;0,22;2;3;-1;defend;LOUD;1;2;LOUD won;12;0;1;0;4;1;1;1
Champions Tour 2024: Americas Kickoff;Playoffs;Semifinals;Evil Geniuses vs LOUD;Ascent;Evil Geniuses;Apoth;LOUD;cauanzin;0;1;-1;First Kills;cypher;117;200;16;12;7;4;0,75;144;0,48;1;3;-2;both;LOUD;1;2;LOUD won;12;0;1;0;4;1;1;1
Champions Tour 2024: Americas Kickoff;Playoffs;Semifinals;Evil Geniuses vs LOUD;Ascent;Evil Geniuses;jawgemo;LOUD;tuyz;1;0;1;Op Kills;jett;119;208;7;6;3;1;0,63;119;0,2;1;2;-1;attack;LOUD;1;2;LOUD won;12;0;1;0;4;1;1;1
Champions Tour 2024: Americas Kickoff;Playoffs;Semifinals;Evil Geniuses vs LOUD;Icebox;Evil Geniuses;jawgemo;LOUD;tuyz;3;5;-2;All Kills;deadlock;122;312;13;11;1;2;0,75;171;0,25;5;1;4;defend;LOUD;1;2;LOUD won;6;0;1;0;7;1;5;0
Champions Tour 2024: Americas Kickoff;Playoffs;Semifinals;Evil Geniuses vs LOUD;Icebox;Evil Geniuses;NaturE;LOUD;cauanzin;1;4;-3;All Kills;kayo;51;118;8;17;6;-9;0,6;77;0,28;0;1;-1;both;LOUD;1;2;LOUD won;6;0;1;0;7;1;5;0
Champions Tour 2024: Americas Kickoff;Playoffs;Semifinals;Evil Geniuses vs LOUD;Icebox;Evil Geniuses;Derrek;LOUD;cauanzin;1;5;-4;All Kills;gekko;74;182;4;7;2;-3;0,63;118;0,14;2;1;1;attack;LOUD;1;2;LOUD won;6;0;1;0;7;1;5;0
Champions Tour 2024: Americas Kickoff;Playoffs;Semifinals;Evil Geniuses vs LOUD;Icebox;Evil Geniuses;Apoth;LOUD;cauanzin;2;2;0;All Kills;killjoy;13;301;12;9;1;3;0,5;203;0,22;1;3;-2;defend;LOUD;1;2;LOUD won;6;0;1;0;7;1;5;0
Champions Tour 2024: Americas Kickoff;Playoffs;Semifinals;Evil Geniuses vs LOUD;Icebox;Evil Geniuses;supamen;LOUD;Quick;2;4;-2;All Kills;viper;76;130;8;13;1;-5;0,55;91;0,25;0;3;-3;both;LOUD;1;2;LOUD won;6;0;1;0;7;1;5;0
Champions Tour 2024: Americas Kickoff;Playoffs;Semifinals;Evil Geniuses vs LOUD;Icebox;Evil Geniuses;NaturE;LOUD;tuyz;0;1;-1;First Kills;kayo;56;128;4;7;2;-3;0,63;73;0,27;0;0;0;attack;LOUD;1;2;LOUD won;6;0;1;0;7;1;5;0
Champions Tour 2024: Americas Kickoff;Playoffs;Semifinals;Evil Geniuses vs LOUD;Icebox;Evil Geniuses;supamen;LOUD;saadhak;0;1;-1;First Kills;viper;6;78;2;7;0;-5;0,58;69;0,17;0;1;-1;defend;LOUD;1;2;LOUD won;6;0;1;0;7;1;5;0
Champions Tour 2024: Americas Kickoff;Playoffs;Semifinals;Evil Geniuses vs LOUD;Icebox;Evil Geniuses;jawgemo;LOUD;Quick;1;0;1;Op Kills;deadlock;92;242;17;18;1;-1;0,65;144;0,28;5;3;2;both;LOUD;1;2;LOUD won;6;0;1;0;7;1;5;0
Champions Tour 2024: Americas Kickoff;Playoffs;Semifinals;Evil Geniuses vs LOUD;Sunset;Evil Geniuses;jawgemo;LOUD;tuyz;0;2;-2;All Kills;raze;38;97;3;11;2;-8;0,58;65;0,15;0;2;-2;attack;LOUD;1;2;LOUD won;5;0;0;0;7;1;5;0
Champions Tour 2024: Americas Kickoff;Playoffs;Semifinals;Evil Geniuses vs LOUD;Sunset;Evil Geniuses;NaturE;LOUD;tuyz;3;3;0;All Kills;breach;124;305;6;6;3;0;0,67;193;0,35;0;0;0;defend;LOUD;1;2;LOUD won;5;0;0;0;7;1;5;0
Champions Tour 2024: Americas Kickoff;Playoffs;Semifinals;Evil Geniuses vs LOUD;Sunset;Evil Geniuses;Derrek;LOUD;cauanzin;5;3;2;All Kills;fade;15;319;20;13;0;7;0,72;194;0,49;3;1;2;both;LOUD;1;2;LOUD won;5;0;0;0;7;1;5;0
Champions Tour 2024: Americas Kickoff;Playoffs;Semifinals;Evil Geniuses vs LOUD;Sunset;Evil Geniuses;Apoth;LOUD;cauanzin;3;4;-1;All Kills;cypher;104;248;9;9;1;0;0,5;187;0,43;2;3;-1;attack;LOUD;1;2;LOUD won;5;0;0;0;7;1;5;0
Champions Tour 2024: Americas Kickoff;Playoffs;Semifinals;Evil Geniuses vs LOUD;Sunset;Evil Geniuses;supamen;LOUD;cauanzin;2;3;-1;All Kills;omen;25;43;1;5;0;-4;0,33;30;0,67;0;1;-1;defend;LOUD;1;2;LOUD won;5;0;0;0;7;1;5;0
Champions Tour 2024: Americas Kickoff;Playoffs;Semifinals;Evil Geniuses vs LOUD;Sunset;Evil Geniuses;jawgemo;LOUD;Less;0;1;-1;First Kills;raze;47;108;6;16;3;-10;0,56;78;0,23;0;4;-4;both;LOUD;1;2;LOUD won;5;0;0;0;7;1;5;0
Champions Tour 2024: Americas Kickoff;Playoffs;Semifinals;Evil Geniuses vs LOUD;Sunset;Evil Geniuses;Apoth;LOUD;cauanzin;0;3;-3;First Kills;cypher;104;248;9;9;1;0;0,5;187;0,43;2;3;-1;attack;LOUD;1;2;LOUD won;5;0;0;0;7;1;5;0
Champions Tour 2024: Americas Kickoff;Playoffs;Semifinals;Evil Geniuses vs LOUD;Sunset;Evil Geniuses;jawgemo;LOUD;Less;0;2;-2;Op Kills;raze;65;133;3;5;1;-2;0,5;104;0,33;0;2;-2;defend;LOUD;1;2;LOUD won;5;0;0;0;7;1;5;0
Champions Tour 2024: Americas Kickoff;Playoffs;Grand Final;LOUD vs Sentinels;Sunset;LOUD;Quick;Sentinels;Sacy;1;7;-6;All Kills;phoenix;76;202;17;20;4;-3;0,64;142;0,39;5;5;0;both;Sentinels;2;3;Sentinels won;3;2;4;0;8;1;4;0
Champions Tour 2024: Americas Kickoff;Playoffs;Grand Final;LOUD vs Sentinels;Sunset;LOUD;cauanzin;Sentinels;Sacy;2;4;-2;All Kills;breach;5;120;4;8;3;-4;0,7;71;0,14;1;1;0;attack;Sentinels;2;3;Sentinels won;3;2;4;0;8;1;4;0
Champions Tour 2024: Americas Kickoff;Playoffs;Grand Final;LOUD vs Sentinels;Sunset;LOUD;tuyz;Sentinels;Sacy;5;4;1;All Kills;omen;45;146;3;11;6;-8;0,42;101;0,19;1;2;-1;defend;Sentinels;2;3;Sentinels won;3;2;4;0;8;1;4;0
Champions Tour 2024: Americas Kickoff;Playoffs;Grand Final;LOUD vs Sentinels;Sunset;LOUD;saadhak;Sentinels;TenZ;4;3;1;All Kills;sova;63;164;10;19;8;-9;0,68;113;0,1;0;4;-4;both;Sentinels;2;3;Sentinels won;3;2;4;0;8;1;4;0
Champions Tour 2024: Americas Kickoff;Playoffs;Grand Final;LOUD vs Sentinels;Sunset;LOUD;Quick;Sentinels;TenZ;1;1;0;First Kills;phoenix;77;224;8;9;2;-1;0,7;138;0,29;3;2;1;attack;Sentinels;2;3;Sentinels won;3;2;4;0;8;1;4;0
Champions Tour 2024: Americas Kickoff;Playoffs;Grand Final;LOUD vs Sentinels;Sunset;LOUD;cauanzin;Sentinels;Zellsis;1;0;1;First Kills;breach;86;195;8;10;3;-2;0,67;139;0,34;1;1;0;defend;Sentinels;2;3;Sentinels won;3;2;4;0;8;1;4;0
Champions Tour 2024: Americas Kickoff;Playoffs;Grand Final;LOUD vs Sentinels;Sunset;LOUD;tuyz;Sentinels;Sacy;0;1;-1;First Kills;omen;92;219;16;17;8;-1;0,59;150;0,33;2;2;0;both;Sentinels;2;3;Sentinels won;3;2;4;0;8;1;4;0
Champions Tour 2024: Americas Kickoff;Playoffs;Grand Final;LOUD vs Sentinels;Split;LOUD;Quick;Sentinels;johnqt;0;4;-4;All Kills;raze;67;183;7;10;1;-3;0,58;125;0,21;1;3;-2;attack;Sentinels;2;3;Sentinels won;2;1;0;0;7;1;3;2
Champions Tour 2024: Americas Kickoff;Playoffs;Grand Final;LOUD vs Sentinels;Split;LOUD;cauanzin;Sentinels;Sacy;2;4;-2;All Kills;breach;7;122;5;9;2;-4;0,58;78;0,33;1;1;0;attack;Sentinels;2;3;Sentinels won;2;1;0;0;7;1;3;2
Champions Tour 2024: Americas Kickoff;Playoffs;Grand Final;LOUD vs Sentinels;Split;LOUD;tuyz;Sentinels;Sacy;3;1;2;All Kills;omen;15;94;1;4;0;-3;0,25;73;0,33;0;0;0;defend;Sentinels;2;3;Sentinels won;2;1;0;0;7;1;3;2
Champions Tour 2024: Americas Kickoff;Playoffs;Grand Final;LOUD vs Sentinels;Split;LOUD;saadhak;Sentinels;TenZ;0;4;-4;All Kills;skye;16;72;3;15;2;-12;0,44;48;0,13;1;3;-2;both;Sentinels;2;3;Sentinels won;2;1;0;0;7;1;3;2
Champions Tour 2024: Americas Kickoff;Playoffs;Grand Final;LOUD vs Sentinels;Split;LOUD;Quick;Sentinels;TenZ;0;1;-1;First Kills;raze;67;183;7;10;1;-3;0,58;125;0,21;1;3;-2;attack;Sentinels;2;3;Sentinels won;2;1;0;0;7;1;3;2
Champions Tour 2024: Americas Kickoff;Playoffs;Grand Final;LOUD vs Sentinels;Split;LOUD;tuyz;Sentinels;Sacy;1;0;1;First Kills;omen;87;147;8;11;4;-3;0,69;95;0,19;1;0;1;both;Sentinels;2;3;Sentinels won;2;1;0;0;7;1;3;2
Champions Tour 2024: Americas Kickoff;Playoffs;Grand Final;LOUD vs Sentinels;Split;LOUD;saadhak;Sentinels;zekken;0;1;-1;First Kills;skye;21;77;3;11;1;-8;0,42;44;0,12;1;2;-1;attack;Sentinels;2;3;Sentinels won;2;1;0;0;7;1;3;2
Champions Tour 2024: Americas Kickoff;Playoffs;Grand Final;LOUD vs Sentinels;Split;LOUD;saadhak;Sentinels;TenZ;0;1;-1;Op Kills;skye;4;59;0;4;1;-4;0,5;59;0,17;0;1;-1;defend;Sentinels;2;3;Sentinels won;2;1;0;0;7;1;3;2
Champions Tour 2024: Americas Kickoff;Playoffs;Grand Final;LOUD vs Sentinels;Icebox;LOUD;cauanzin;Sentinels;TenZ;3;2;1;All Kills;sova;121;218;18;14;7;4;0,71;154;0,19;1;5;-4;both;Sentinels;2;3;Sentinels won;8;2;3;0;6;2;3;0
Champions Tour 2024: Americas Kickoff;Playoffs;Grand Final;LOUD vs Sentinels;Icebox;LOUD;tuyz;Sentinels;TenZ;4;2;2;All Kills;harbor;145;209;10;7;7;3;0,83;148;0,31;0;0;0;attack;Sentinels;2;3;Sentinels won;8;2;3;0;6;2;3;0
Champions Tour 2024: Americas Kickoff;Playoffs;Grand Final;LOUD vs Sentinels;Icebox;LOUD;Less;Sentinels;TenZ;3;5;-2;All Kills;viper;152;251;8;7;3;1;0,92;177;0,38;2;0;2;defend;Sentinels;2;3;Sentinels won;8;2;3;0;6;2;3;0
Champions Tour 2024: Americas Kickoff;Playoffs;Grand Final;LOUD vs Sentinels;Icebox;LOUD;saadhak;Sentinels;Zellsis;3;6;-3;All Kills;killjoy;108;214;16;16;6;0;0,71;143;0,24;3;1;2;both;Sentinels;2;3;Sentinels won;8;2;3;0;6;2;3;0
Champions Tour 2024: Americas Kickoff;Playoffs;Grand Final;LOUD vs Sentinels;Icebox;LOUD;Quick;Sentinels;Zellsis;1;1;0;First Kills;jett;58;189;8;11;1;-3;0,75;117;0,5;4;2;2;attack;Sentinels;2;3;Sentinels won;8;2;3;0;6;2;3;0
Champions Tour 2024: Americas Kickoff;Playoffs;Grand Final;LOUD vs Sentinels;Icebox;LOUD;cauanzin;Sentinels;Zellsis;0;2;-2;First Kills;sova;98;173;7;7;6;0;0,75;111;0,14;0;3;-3;defend;Sentinels;2;3;Sentinels won;8;2;3;0;6;2;3;0
Champions Tour 2024: Americas Kickoff;Playoffs;Grand Final;LOUD vs Sentinels;Icebox;LOUD;Less;Sentinels;johnqt;2;0;2;First Kills;viper;123;216;18;14;3;4;0,79;154;0,4;3;1;2;both;Sentinels;2;3;Sentinels won;8;2;3;0;6;2;3;0
Champions Tour 2024: Americas Kickoff;Playoffs;Grand Final;LOUD vs Sentinels;Icebox;LOUD;Quick;Sentinels;zekken;2;1;1;Op Kills;jett;58;189;8;11;1;-3;0,75;117;0,5;4;2;2;attack;Sentinels;2;3;Sentinels won;8;2;3;0;6;2;3;0
Champions Tour 2024: Americas Kickoff;Playoffs;Grand Final;LOUD vs Sentinels;Bind;LOUD;Quick;Sentinels;zekken;3;2;1;All Kills;phoenix;105;192;6;7;3;-1;0,67;137;0,25;1;1;0;defend;Sentinels;2;3;Sentinels won;8;2;3;0;5;2;1;0
Champions Tour 2024: Americas Kickoff;Playoffs;Grand Final;LOUD vs Sentinels;Bind;LOUD;cauanzin;Sentinels;johnqt;2;1;1;All Kills;breach;108;198;16;14;5;2;0,62;101;0,54;4;1;3;both;Sentinels;2;3;Sentinels won;8;2;3;0;5;2;1;0
Champions Tour 2024: Americas Kickoff;Playoffs;Grand Final;LOUD vs Sentinels;Bind;LOUD;tuyz;Sentinels;johnqt;3;6;-3;All Kills;brimstone;12;267;11;8;8;3;0,83;179;0,29;1;0;1;attack;Sentinels;2;3;Sentinels won;8;2;3;0;5;2;1;0
Champions Tour 2024: Americas Kickoff;Playoffs;Grand Final;LOUD vs Sentinels;Bind;LOUD;Less;Sentinels;johnqt;1;2;-1;All Kills;viper;3;46;1;8;1;-7;0,22;30;0;1;2;-1;defend;Sentinels;2;3;Sentinels won;8;2;3;0;5;2;1;0
Champions Tour 2024: Americas Kickoff;Playoffs;Grand Final;LOUD vs Sentinels;Bind;LOUD;saadhak;Sentinels;Sacy;5;1;4;All Kills;kayo;103;216;13;15;15;-2;0,86;152;0,24;4;1;3;both;Sentinels;2;3;Sentinels won;8;2;3;0;5;2;1;0
Champions Tour 2024: Americas Kickoff;Playoffs;Grand Final;LOUD vs Sentinels;Bind;LOUD;cauanzin;Sentinels;Zellsis;2;0;2;First Kills;breach;12;205;10;7;3;3;0,75;102;0,5;3;0;3;attack;Sentinels;2;3;Sentinels won;8;2;3;0;5;2;1;0
Champions Tour 2024: Americas Kickoff;Playoffs;Grand Final;LOUD vs Sentinels;Bind;LOUD;saadhak;Sentinels;TenZ;2;0;2;First Kills;kayo;12;280;8;7;8;1;0,78;191;0,25;1;1;0;defend;Sentinels;2;3;Sentinels won;8;2;3;0;5;2;1;0
Champions Tour 2024: Americas Kickoff;Playoffs;Grand Final;LOUD vs Sentinels;Lotus;LOUD;Quick;Sentinels;zekken;2;5;-3;All Kills;phoenix;112;262;14;14;5;0;0,59;164;0,32;3;2;1;both;Sentinels;2;3;Sentinels won;2;0;2;0;8;3;2;0
Champions Tour 2024: Americas Kickoff;Playoffs;Grand Final;LOUD vs Sentinels;Lotus;LOUD;cauanzin;Sentinels;zekken;5;4;1;All Kills;breach;106;248;6;4;0;2;0,8;127;0,18;2;0;2;attack;Sentinels;2;3;Sentinels won;2;0;2;0;8;3;2;0
Champions Tour 2024: Americas Kickoff;Playoffs;Grand Final;LOUD vs Sentinels;Lotus;LOUD;tuyz;Sentinels;zekken;2;5;-3;All Kills;omen;44;134;6;11;2;-5;0,5;90;0,29;0;2;-2;defend;Sentinels;2;3;Sentinels won;2;0;2;0;8;3;2;0
Champions Tour 2024: Americas Kickoff;Playoffs;Grand Final;LOUD vs Sentinels;Lotus;LOUD;Less;Sentinels;johnqt;3;2;1;All Kills;viper;113;233;14;13;3;1;0,71;171;0,38;0;2;-2;both;Sentinels;2;3;Sentinels won;2;0;2;0;8;3;2;0
Champions Tour 2024: Americas Kickoff;Playoffs;Grand Final;LOUD vs Sentinels;Lotus;LOUD;saadhak;Sentinels;johnqt;2;5;-3;All Kills;skye;91;258;4;4;1;0;0,8;155;0,13;0;0;0;attack;Sentinels;2;3;Sentinels won;2;0;2;0;8;3;2;0
Champions Tour 2024: Americas Kickoff;Playoffs;Grand Final;LOUD vs Sentinels;Lotus;LOUD;cauanzin;Sentinels;zekken;2;2;0;First Kills;breach;67;182;8;12;6;-4;0,83;117;0,19;2;3;-1;defend;Sentinels;2;3;Sentinels won;2;0;2;0;8;3;2;0
Champions Tour 2024: EMEA Kickoff;Playoffs;Semifinals;Team Heretics vs Natus Vincere;Sunset;Team Heretics;MiniBoo;Natus Vincere;ANGE1;6;5;1;All Kills;neon;101;231;25;23;9;2;0,67;138;0,28;7;7;0;both;Natus Vincere;2;0;Team Heretics won;11;1;1;3;10;0;4;0
Champions Tour 2024: EMEA Kickoff;Playoffs;Semifinals;Team Heretics vs Natus Vincere;Sunset;Team Heretics;paTiTek;Natus Vincere;ANGE1;4;3;1;All Kills;kayo;49;118;4;13;10;-9;0,67;86;0,24;0;2;-2;attack;Natus Vincere;2;0;Team Heretics won;11;1;1;3;10;0;4;0
Champions Tour 2024: EMEA Kickoff;Playoffs;Semifinals;Team Heretics vs Natus Vincere;Sunset;Team Heretics;benjyfishy;Natus Vincere;ANGE1;4;4;0;All Kills;cypher;164;285;15;7;5;8;0,93;176;0,57;1;0;1;defend;Natus Vincere;2;0;Team Heretics won;11;1;1;3;10;0;4;0
Champions Tour 2024: EMEA Kickoff;Playoffs;Semifinals;Team Heretics vs Natus Vincere;Sunset;Team Heretics;RieNs;Natus Vincere;Zyppan;4;4;0;All Kills;sova;12;223;24;21;9;3;0,8;154;0,38;2;0;2;both;Natus Vincere;2;0;Team Heretics won;11;1;1;3;10;0;4;0
Champions Tour 2024: EMEA Kickoff;Playoffs;Semifinals;Team Heretics vs Natus Vincere;Sunset;Team Heretics;Boo;Natus Vincere;Zyppan;3;7;-4;All Kills;omen;91;157;9;11;6;-2;0,53;89;0,11;0;3;-3;attack;Natus Vincere;2;0;Team Heretics won;11;1;1;3;10;0;4;0
Champions Tour 2024: EMEA Kickoff;Playoffs;Semifinals;Team Heretics vs Natus Vincere;Sunset;Team Heretics;MiniBoo;Natus Vincere;Zyppan;0;2;-2;First Kills;neon;125;269;14;10;7;4;0,87;173;0,28;5;2;3;defend;Natus Vincere;2;0;Team Heretics won;11;1;1;3;10;0;4;0
Champions Tour 2024: EMEA Kickoff;Playoffs;Semifinals;Team Heretics vs Natus Vincere;Sunset;Team Heretics;paTiTek;Natus Vincere;ardiis;1;2;-1;First Kills;kayo;11;217;22;22;18;0;0,83;149;0,35;4;3;1;both;Natus Vincere;2;0;Team Heretics won;11;1;1;3;10;0;4;0
Champions Tour 2024: EMEA Kickoff;Playoffs;Semifinals;Team Heretics vs Natus Vincere;Sunset;Team Heretics;Boo;Natus Vincere;Zyppan;0;1;-1;First Kills;omen;91;157;9;11;6;-2;0,53;89;0,11;0;3;-3;attack;Natus Vincere;2;0;Team Heretics won;11;1;1;3;10;0;4;0
Champions Tour 2024: EMEA Kickoff;Playoffs;Semifinals;Team Heretics vs Natus Vincere;Sunset;Team Heretics;Boo;Natus Vincere;ardiis;0;2;-2;Op Kills;omen;76;115;5;9;10;-4;0,8;74;0,31;1;0;1;defend;Natus Vincere;2;0;Team Heretics won;11;1;1;3;10;0;4;0
Champions Tour 2024: EMEA Kickoff;Playoffs;Semifinals;Team Heretics vs Natus Vincere;Breeze;Team Heretics;paTiTek;Natus Vincere;ANGE1;4;1;3;All Kills;kayo;101;185;11;12;13;-1;0,82;127;0,28;2;1;1;both;Natus Vincere;2;0;Team Heretics won;9;2;2;0;3;0;1;0
Champions Tour 2024: EMEA Kickoff;Playoffs;Semifinals;Team Heretics vs Natus Vincere;Breeze;Team Heretics;benjyfishy;Natus Vincere;ANGE1;4;1;3;All Kills;cypher;97;198;9;8;3;1;0,83;132;0,33;3;1;2;attack;Natus Vincere;2;0;Team Heretics won;9;2;2;0;3;0;1;0
Champions Tour 2024: EMEA Kickoff;Playoffs;Semifinals;Team Heretics vs Natus Vincere;Breeze;Team Heretics;RieNs;Natus Vincere;ANGE1;4;1;3;All Kills;sova;174;277;5;3;3;2;0,6;225;0,14;1;0;1;defend;Natus Vincere;2;0;Team Heretics won;9;2;2;0;3;0;1;0
Champions Tour 2024: EMEA Kickoff;Playoffs;Semifinals;Team Heretics vs Natus Vincere;Breeze;Team Heretics;Boo;Natus Vincere;Zyppan;0;2;-2;All Kills;viper;99;127;7;7;11;0;0,88;90;0,2;0;0;0;both;Natus Vincere;2;0;Team Heretics won;9;2;2;0;3;0;1;0
Champions Tour 2024: EMEA Kickoff;Playoffs;Semifinals;Team Heretics vs Natus Vincere;Breeze;Team Heretics;MiniBoo;Natus Vincere;Zyppan;0;1;-1;First Kills;yoru;228;405;20;4;2;16;0,83;254;0,25;2;0;2;attack;Natus Vincere;2;0;Team Heretics won;9;2;2;0;3;0;1;0
Champions Tour 2024: EMEA Kickoff;Playoffs;Semifinals;Team Heretics vs Natus Vincere;Breeze;Team Heretics;benjyfishy;Natus Vincere;ANGE1;2;0;2;First Kills;cypher;152;322;6;4;0;2;1;207;0,44;1;0;1;defend;Natus Vincere;2;0;Team Heretics won;9;2;2;0;3;0;1;0
Champions Tour 2024: EMEA Kickoff;Playoffs;Semifinals;Team Heretics vs Natus Vincere;Breeze;Team Heretics;RieNs;Natus Vincere;ardiis;1;0;1;First Kills;sova;162;283;18;8;8;10;0,82;198;0,44;4;0;4;both;Natus Vincere;2;0;Team Heretics won;9;2;2;0;3;0;1;0
Champions Tour 2024: EMEA Kickoff;Playoffs;Semifinals;FNATIC vs Karmine Corp;Lotus;FNATIC;Boaster;Karmine Corp;tomaszy;4;6;-2;All Kills;omen;43;127;5;10;2;-5;0,5;96;0,2;0;1;-1;attack;Karmine Corp;0;2;Karmine Corp won;5;1;4;0;7;0;6;0
Champions Tour 2024: EMEA Kickoff;Playoffs;Semifinals;FNATIC vs Karmine Corp;Lotus;FNATIC;Chronicle;Karmine Corp;tomaszy;2;6;-4;All Kills;viper;102;238;10;8;9;2;0,73;143;0,12;1;0;1;defend;Karmine Corp;0;2;Karmine Corp won;5;1;4;0;7;0;6;0
Champions Tour 2024: EMEA Kickoff;Playoffs;Semifinals;FNATIC vs Karmine Corp;Lotus;FNATIC;Alfajer;Karmine Corp;N4RRATE;6;3;3;All Kills;killjoy;109;198;16;16;4;0;0,7;138;0,33;3;1;2;both;Karmine Corp;0;2;Karmine Corp won;5;1;4;0;7;0;6;0
Champions Tour 2024: EMEA Kickoff;Playoffs;Semifinals;FNATIC vs Karmine Corp;Lotus;FNATIC;Leo;Karmine Corp;N4RRATE;1;2;-1;All Kills;fade;7;122;4;8;3;-4;0,75;88;0,17;0;2;-2;attack;Karmine Corp;0;2;Karmine Corp won;5;1;4;0;7;0;6;0
Champions Tour 2024: EMEA Kickoff;Playoffs;Semifinals;FNATIC vs Karmine Corp;Lotus;FNATIC;Boaster;Karmine Corp;marteen;0;1;-1;First Kills;omen;111;169;11;5;3;6;0,82;105;0,17;0;1;-1;defend;Karmine Corp;0;2;Karmine Corp won;5;1;4;0;7;0;6;0
Champions Tour 2024: EMEA Kickoff;Playoffs;Semifinals;FNATIC vs Karmine Corp;Lotus;FNATIC;Derke;Karmine Corp;marteen;1;1;0;First Kills;raze;56;155;12;20;1;-8;0,65;102;0,18;4;3;1;both;Karmine Corp;0;2;Karmine Corp won;5;1;4;0;7;0;6;0
Champions Tour 2024: EMEA Kickoff;Playoffs;Semifinals;FNATIC vs Karmine Corp;Lotus;FNATIC;Leo;Karmine Corp;marteen;0;2;-2;First Kills;fade;7;122;4;8;3;-4;0,75;88;0,17;0;2;-2;attack;Karmine Corp;0;2;Karmine Corp won;5;1;4;0;7;0;6;0
Champions Tour 2024: EMEA Kickoff;Playoffs;Semifinals;FNATIC vs Karmine Corp;Split;FNATIC;Boaster;Karmine Corp;sh1n;2;3;-1;All Kills;omen;114;282;11;10;6;1;0,75;190;0,24;2;2;0;defend;Karmine Corp;0;2;Karmine Corp won;5;2;1;0;6;3;4;0
Champions Tour 2024: EMEA Kickoff;Playoffs;Semifinals;FNATIC vs Karmine Corp;Split;FNATIC;Chronicle;Karmine Corp;tomaszy;3;1;2;All Kills;breach;9;167;12;15;7;-3;0,57;113;0,36;0;3;-3;both;Karmine Corp;0;2;Karmine Corp won;5;2;1;0;6;3;4;0
Champions Tour 2024: EMEA Kickoff;Playoffs;Semifinals;FNATIC vs Karmine Corp;Split;FNATIC;Derke;Karmine Corp;tomaszy;4;2;2;All Kills;raze;102;238;7;8;1;-1;0,67;177;0,32;2;3;-1;attack;Karmine Corp;0;2;Karmine Corp won;5;2;1;0;6;3;4;0
Champions Tour 2024: EMEA Kickoff;Playoffs;Semifinals;FNATIC vs Karmine Corp;Split;FNATIC;Alfajer;Karmine Corp;tomaszy;0;2;-2;All Kills;cypher;11;234;9;7;2;2;0,92;162;0,18;1;0;1;defend;Karmine Corp;0;2;Karmine Corp won;5;2;1;0;6;3;4;0
Champions Tour 2024: EMEA Kickoff;Playoffs;Semifinals;FNATIC vs Karmine Corp;Split;FNATIC;Boaster;Karmine Corp;N4RRATE;0;1;-1;First Kills;omen;84;210;14;18;9;-4;0,67;150;0,28;3;2;1;both;Karmine Corp;0;2;Karmine Corp won;5;2;1;0;6;3;4;0
Champions Tour 2024: EMEA Kickoff;Playoffs;Semifinals;FNATIC vs Karmine Corp;Split;FNATIC;Derke;Karmine Corp;N4RRATE;1;1;0;First Kills;raze;102;238;7;8;1;-1;0,67;177;0,32;2;3;-1;attack;Karmine Corp;0;2;Karmine Corp won;5;2;1;0;6;3;4;0
Champions Tour 2024: EMEA Kickoff;Playoffs;Semifinals;FNATIC vs Karmine Corp;Split;FNATIC;Alfajer;Karmine Corp;marteen;0;1;-1;First Kills;cypher;11;234;9;7;2;2;0,92;162;0,18;1;0;1;defend;Karmine Corp;0;2;Karmine Corp won;5;2;1;0;6;3;4;0
Champions Tour 2024: EMEA Kickoff;Playoffs;Grand Final;Team Heretics vs Karmine Corp;Sunset;Team Heretics;Boo;Karmine Corp;tomaszy;3;3;0;All Kills;omen;109;192;14;14;10;0;0,73;128;0,29;2;0;2;both;Karmine Corp;1;3;Karmine Corp won;7;1;4;1;6;0;2;1
Champions Tour 2024: EMEA Kickoff;Playoffs;Grand Final;Team Heretics vs Karmine Corp;Sunset;Team Heretics;paTiTek;Karmine Corp;tomaszy;3;3;0;All Kills;kayo;57;127;4;8;4;-4;0,5;90;0,1;0;2;-2;attack;Karmine Corp;1;3;Karmine Corp won;7;1;4;1;6;0;2;1
Champions Tour 2024: EMEA Kickoff;Playoffs;Grand Final;Team Heretics vs Karmine Corp;Sunset;Team Heretics;MiniBoo;Karmine Corp;tomaszy;1;3;-2;All Kills;neon;182;335;15;6;3;9;0,92;224;0,4;3;1;2;defend;Karmine Corp;1;3;Karmine Corp won;7;1;4;1;6;0;2;1
Champions Tour 2024: EMEA Kickoff;Playoffs;Grand Final;Team Heretics vs Karmine Corp;Sunset;Team Heretics;RieNs;Karmine Corp;MAGNUM;2;6;-4;All Kills;sova;117;235;19;15;8;4;0,77;174;0,34;3;2;1;both;Karmine Corp;1;3;Karmine Corp won;7;1;4;1;6;0;2;1
Champions Tour 2024: EMEA Kickoff;Playoffs;Grand Final;Team Heretics vs Karmine Corp;Sunset;Team Heretics;benjyfishy;Karmine Corp;MAGNUM;5;1;4;All Kills;cypher;116;249;9;9;3;0;0,9;163;0,33;2;1;1;attack;Karmine Corp;1;3;Karmine Corp won;7;1;4;1;6;0;2;1
Champions Tour 2024: EMEA Kickoff;Playoffs;Grand Final;Team Heretics vs Karmine Corp;Sunset;Team Heretics;paTiTek;Karmine Corp;tomaszy;0;1;-1;First Kills;kayo;138;185;7;5;12;2;0,83;115;0,21;1;0;1;defend;Karmine Corp;1;3;Karmine Corp won;7;1;4;1;6;0;2;1
Champions Tour 2024: EMEA Kickoff;Playoffs;Grand Final;Team Heretics vs Karmine Corp;Sunset;Team Heretics;RieNs;Karmine Corp;marteen;3;2;1;First Kills;sova;117;235;19;15;8;4;0,77;174;0,34;3;2;1;both;Karmine Corp;1;3;Karmine Corp won;7;1;4;1;6;0;2;1
Champions Tour 2024: EMEA Kickoff;Playoffs;Grand Final;Team Heretics vs Karmine Corp;Lotus;Team Heretics;Boo;Karmine Corp;marteen;2;5;-3;All Kills;omen;53;120;4;7;4;-3;0,75;59;0,11;0;1;-1;attack;Karmine Corp;1;3;Karmine Corp won;3;3;1;0;11;0;2;0
Champions Tour 2024: EMEA Kickoff;Playoffs;Grand Final;Team Heretics vs Karmine Corp;Lotus;Team Heretics;paTiTek;Karmine Corp;marteen;0;3;-3;All Kills;viper;51;153;5;11;2;-6;0,42;117;0,08;0;1;-1;defend;Karmine Corp;1;3;Karmine Corp won;3;3;1;0;11;0;2;0
Champions Tour 2024: EMEA Kickoff;Playoffs;Grand Final;Team Heretics vs Karmine Corp;Lotus;Team Heretics;MiniBoo;Karmine Corp;tomaszy;3;3;0;All Kills;neon;82;217;14;17;4;-3;0,55;155;0,28;4;3;1;both;Karmine Corp;1;3;Karmine Corp won;3;3;1;0;11;0;2;0
Champions Tour 2024: EMEA Kickoff;Playoffs;Grand Final;Team Heretics vs Karmine Corp;Lotus;Team Heretics;RieNs;Karmine Corp;tomaszy;4;2;2;All Kills;gekko;48;125;4;6;2;-2;0,75;86;0,3;1;0;1;attack;Karmine Corp;1;3;Karmine Corp won;3;3;1;0;11;0;2;0
Champions Tour 2024: EMEA Kickoff;Playoffs;Grand Final;Team Heretics vs Karmine Corp;Lotus;Team Heretics;benjyfishy;Karmine Corp;tomaszy;1;0;1;All Kills;killjoy;34;86;3;11;0;-8;0,25;55;0,31;1;3;-2;defend;Karmine Corp;1;3;Karmine Corp won;3;3;1;0;11;0;2;0
Champions Tour 2024: EMEA Kickoff;Playoffs;Grand Final;Team Heretics vs Karmine Corp;Lotus;Team Heretics;paTiTek;Karmine Corp;MAGNUM;1;1;0;First Kills;viper;73;202;12;17;8;-5;0,55;140;0,16;1;2;-1;both;Karmine Corp;1;3;Karmine Corp won;3;3;1;0;11;0;2;0
Champions Tour 2024: EMEA Kickoff;Playoffs;Grand Final;Team Heretics vs Karmine Corp;Lotus;Team Heretics;MiniBoo;Karmine Corp;N4RRATE;0;1;-1;First Kills;neon;123;300;8;6;1;2;0,63;235;0,25;2;1;1;attack;Karmine Corp;1;3;Karmine Corp won;3;3;1;0;11;0;2;0
Champions Tour 2024: EMEA Kickoff;Playoffs;Grand Final;Team Heretics vs Karmine Corp;Lotus;Team Heretics;benjyfishy;Karmine Corp;marteen;1;3;-2;First Kills;killjoy;34;86;3;11;0;-8;0,25;55;0,31;1;3;-2;defend;Karmine Corp;1;3;Karmine Corp won;3;3;1;0;11;0;2;0
Champions Tour 2024: EMEA Kickoff;Playoffs;Grand Final;Team Heretics vs Karmine Corp;Icebox;Team Heretics;paTiTek;Karmine Corp;sh1n;4;3;1;All Kills;kayo;76;170;11;18;9;-7;0,6;101;0,36;1;2;-1;both;Karmine Corp;1;3;Karmine Corp won;5;0;2;0;9;0;4;0
Champions Tour 2024: EMEA Kickoff;Playoffs;Grand Final;Team Heretics vs Karmine Corp;Icebox;Team Heretics;MiniBoo;Karmine Corp;sh1n;2;4;-2;All Kills;raze;32;143;5;12;0;-7;0,5;88;0,1;2;4;-2;attack;Karmine Corp;1;3;Karmine Corp won;5;0;2;0;9;0;4;0
Champions Tour 2024: EMEA Kickoff;Playoffs;Grand Final;Team Heretics vs Karmine Corp;Icebox;Team Heretics;RieNs;Karmine Corp;sh1n;1;3;-2;All Kills;sova;46;108;2;7;0;-5;0,75;73;0,14;1;0;1;defend;Karmine Corp;1;3;Karmine Corp won;5;0;2;0;9;0;4;0
Champions Tour 2024: EMEA Kickoff;Playoffs;Grand Final;Team Heretics vs Karmine Corp;Icebox;Team Heretics;benjyfishy;Karmine Corp;marteen;6;3;3;All Kills;killjoy;107;239;17;16;1;1;0,7;154;0,32;0;1;-1;both;Karmine Corp;1;3;Karmine Corp won;5;0;2;0;9;0;4;0
Champions Tour 2024: EMEA Kickoff;Playoffs;Grand Final;Team Heretics vs Karmine Corp;Icebox;Team Heretics;Boo;Karmine Corp;marteen;0;1;-1;First Kills;viper;77;167;8;10;6;-2;0,67;102;0,13;0;2;-2;attack;Karmine Corp;1;3;Karmine Corp won;5;0;2;0;9;0;4;0
Champions Tour 2024: EMEA Kickoff;Playoffs;Grand Final;Team Heretics vs Karmine Corp;Icebox;Team Heretics;MiniBoo;Karmine Corp;sh1n;1;0;1;First Kills;raze;138;276;7;6;1;1;0,75;194;0,32;1;2;-1;defend;Karmine Corp;1;3;Karmine Corp won;5;0;2;0;9;0;4;0
Champions Tour 2024: EMEA Kickoff;Playoffs;Grand Final;Team Heretics vs Karmine Corp;Icebox;Team Heretics;RieNs;Karmine Corp;MAGNUM;1;0;1;First Kills;sova;7;182;12;18;2;-6;0,65;117;0,46;2;0;2;both;Karmine Corp;1;3;Karmine Corp won;5;0;2;0;9;0;4;0
Champions Tour 2024: EMEA Kickoff;Playoffs;Grand Final;Team Heretics vs Karmine Corp;Split;Team Heretics;Boo;Karmine Corp;sh1n;1;4;-3;All Kills;omen;98;173;7;9;3;-2;0,75;112;0,31;1;1;0;attack;Karmine Corp;1;3;Karmine Corp won;3;1;1;0;7;0;3;3
Champions Tour 2024: EMEA Kickoff;Playoffs;Grand Final;Team Heretics vs Karmine Corp;Split;Team Heretics;paTiTek;Karmine Corp;sh1n;3;4;-1;All Kills;viper;4;101;2;5;1;-3;0,5;56;0,33;1;1;0;defend;Karmine Corp;1;3;Karmine Corp won;3;1;1;0;7;0;3;3
Champions Tour 2024: EMEA Kickoff;Playoffs;Grand Final;Team Heretics vs Karmine Corp;Split;Team Heretics;MiniBoo;Karmine Corp;marteen;1;5;-4;All Kills;raze;84;196;12;15;1;-3;0,5;135;0,21;5;3;2;both;Karmine Corp;1;3;Karmine Corp won;3;1;1;0;7;0;3;3
Champions Tour 2024: EMEA Kickoff;Playoffs;Grand Final;Team Heretics vs Karmine Corp;Split;Team Heretics;RieNs;Karmine Corp;marteen;3;5;-2;All Kills;breach;64;118;3;9;7;-6;0,58;89;0,26;0;1;-1;attack;Karmine Corp;1;3;Karmine Corp won;3;1;1;0;7;0;3;3
Champions Tour 2024: EMEA Kickoff;Playoffs;Grand Final;Team Heretics vs Karmine Corp;Split;Team Heretics;benjyfishy;Karmine Corp;marteen;1;3;-2;All Kills;cypher;71;174;4;6;0;-2;0,5;109;0,57;1;0;1;defend;Karmine Corp;1;3;Karmine Corp won;3;1;1;0;7;0;3;3
Champions Tour 2024: EMEA Kickoff;Playoffs;Grand Final;Team Heretics vs Karmine Corp;Split;Team Heretics;Boo;Karmine Corp;N4RRATE;0;1;-1;First Kills;omen;99;189;12;14;3;-2;0,67;118;0,28;1;2;-1;both;Karmine Corp;1;3;Karmine Corp won;3;1;1;0;7;0;3;3
Champions Tour 2024: EMEA Kickoff;Playoffs;Grand Final;Team Heretics vs Karmine Corp;Split;Team Heretics;MiniBoo;Karmine Corp;tomaszy;2;0;2;First Kills;raze;94;203;9;9;0;0;0,5;122;0,21;4;2;2;attack;Karmine Corp;1;3;Karmine Corp won;3;1;1;0;7;0;3;3
Champions Tour 2024: EMEA Kickoff;Playoffs;Grand Final;Team Heretics vs Karmine Corp;Split;Team Heretics;MiniBoo;Karmine Corp;marteen;0;1;-1;Op Kills;raze;64;182;3;6;1;-3;0,5;162;0,21;1;1;0;defend;Karmine Corp;1;3;Karmine Corp won;3;1;1;0;7;0;3;3
Champions Tour 2024: Pacific Kickoff;Playoffs;Semifinals;T1 vs Paper Rex;Split;T1;iZu;Paper Rex;f0rsakeN;3;6;-3;All Kills;raze;11;255;27;24;2;3;0,7;170;0,33;6;4;2;both;Paper Rex;0;2;Paper Rex won;6;3;5;0;14;0;2;0
Champions Tour 2024: Pacific Kickoff;Playoffs;Semifinals;T1 vs Paper Rex;Split;T1;Carpe;Paper Rex;f0rsakeN;4;8;-4;All Kills;skye;59;166;9;12;3;-3;0,8;105;0,3;0;0;0;attack;Paper Rex;0;2;Paper Rex won;6;3;5;0;14;0;2;0
Champions Tour 2024: Pacific Kickoff;Playoffs;Semifinals;T1 vs Paper Rex;Split;T1;xccurate;Paper Rex;f0rsakeN;5;5;0;All Kills;astra;91;202;11;12;2;-1;0,73;145;0,41;2;0;2;defend;Paper Rex;0;2;Paper Rex won;6;3;5;0;14;0;2;0
Champions Tour 2024: Pacific Kickoff;Playoffs;Semifinals;T1 vs Paper Rex;Split;T1;Rossy;Paper Rex;something;3;3;0;All Kills;viper;12;221;23;19;8;4;0,9;136;0,23;2;1;1;both;Paper Rex;0;2;Paper Rex won;6;3;5;0;14;0;2;0
Champions Tour 2024: Pacific Kickoff;Playoffs;Semifinals;T1 vs Paper Rex;Split;T1;Sayaplayer;Paper Rex;something;2;1;1;First Kills;jett;119;228;13;9;0;4;0,8;135;0,38;5;3;2;attack;Paper Rex;0;2;Paper Rex won;6;3;5;0;14;0;2;0
Champions Tour 2024: Pacific Kickoff;Playoffs;Semifinals;T1 vs Paper Rex;Split;T1;iZu;Paper Rex;Monyet;2;2;0;First Kills;raze;111;233;13;12;0;1;0,73;169;0,27;2;1;1;defend;Paper Rex;0;2;Paper Rex won;6;3;5;0;14;0;2;0
Champions Tour 2024: Pacific Kickoff;Playoffs;Semifinals;T1 vs Paper Rex;Split;T1;Rossy;Paper Rex;f0rsakeN;1;0;1;First Kills;viper;12;221;23;19;8;4;0,9;136;0,23;2;1;1;both;Paper Rex;0;2;Paper Rex won;6;3;5;0;14;0;2;0
Champions Tour 2024: Pacific Kickoff;Playoffs;Semifinals;T1 vs Paper Rex;Split;T1;Sayaplayer;Paper Rex;Monyet;4;0;4;Op Kills;jett;119;228;13;9;0;4;0,8;135;0,38;5;3;2;attack;Paper Rex;0;2;Paper Rex won;6;3;5;0;14;0;2;0
Champions Tour 2024: Pacific Kickoff;Playoffs;Semifinals;T1 vs Paper Rex;Split;T1;xccurate;Paper Rex;something;0;1;-1;Op Kills;astra;91;202;11;12;2;-1;0,73;145;0,41;2;0;2;defend;Paper Rex;0;2;Paper Rex won;6;3;5;0;14;0;2;0
Champions Tour 2024: Pacific Kickoff;Playoffs;Semifinals;T1 vs Paper Rex;Ascent;T1;iZu;Paper Rex;f0rsakeN;1;4;-3;All Kills;omen;76;161;10;12;11;-2;0,68;104;0,31;0;1;-1;both;Paper Rex;0;2;Paper Rex won;3;1;1;1;7;3;3;0
Champions Tour 2024: Pacific Kickoff;Playoffs;Semifinals;T1 vs Paper Rex;Ascent;T1;Carpe;Paper Rex;f0rsakeN;0;6;-6;All Kills;fade;2;36;0;5;2;-5;0,57;36;0;0;1;-1;attack;Paper Rex;0;2;Paper Rex won;3;1;1;1;7;3;3;0
Champions Tour 2024: Pacific Kickoff;Playoffs;Semifinals;T1 vs Paper Rex;Ascent;T1;xccurate;Paper Rex;f0rsakeN;4;2;2;All Kills;cypher;105;199;9;6;3;3;0,75;152;0,42;0;0;0;defend;Paper Rex;0;2;Paper Rex won;3;1;1;1;7;3;3;0
Champions Tour 2024: Pacific Kickoff;Playoffs;Semifinals;T1 vs Paper Rex;Ascent;T1;Rossy;Paper Rex;something;2;4;-2;All Kills;viper;108;233;14;14;7;0;0,79;146;0,25;2;2;0;both;Paper Rex;0;2;Paper Rex won;3;1;1;1;7;3;3;0
Champions Tour 2024: Pacific Kickoff;Playoffs;Semifinals;T1 vs Paper Rex;Ascent;T1;Sayaplayer;Paper Rex;something;2;1;1;First Kills;jett;143;288;7;6;2;1;0,71;150;0,12;3;1;2;attack;Paper Rex;0;2;Paper Rex won;3;1;1;1;7;3;3;0
Champions Tour 2024: Pacific Kickoff;Playoffs;Semifinals;T1 vs Paper Rex;Ascent;T1;Carpe;Paper Rex;f0rsakeN;0;1;-1;First Kills;fade;54;154;5;11;4;-6;0,58;101;0,24;2;4;-2;defend;Paper Rex;0;2;Paper Rex won;3;1;1;1;7;3;3;0
Champions Tour 2024: Pacific Kickoff;Playoffs;Semifinals;T1 vs Paper Rex;Ascent;T1;Sayaplayer;Paper Rex;something;0;1;-1;Op Kills;jett;88;193;13;14;2;-1;0,68;105;0,17;6;1;5;both;Paper Rex;0;2;Paper Rex won;3;1;1;1;7;3;3;0
Champions Tour 2024: Pacific Kickoff;Playoffs;Grand Final;Paper Rex vs Gen.G;Ascent;Paper Rex;d4v41;Gen.G;Lakia;2;3;-1;All Kills;omen;9;117;4;8;7;-4;0,75;88;0,17;1;0;1;attack;Gen.G;1;3;Gen.G won;5;0;0;0;12;0;1;0
Champions Tour 2024: Pacific Kickoff;Playoffs;Grand Final;Paper Rex vs Gen.G;Ascent;Paper Rex;something;Gen.G;Lakia;1;1;0;All Kills;gekko;36;142;3;6;1;-3;0,83;85;0,4;1;2;-1;defend;Gen.G;1;3;Gen.G won;5;0;0;0;12;0;1;0
Champions Tour 2024: Pacific Kickoff;Playoffs;Grand Final;Paper Rex vs Gen.G;Ascent;Paper Rex;mindfreak;Gen.G;Karon;4;2;2;All Kills;viper;116;236;14;14;1;0;0,61;166;0,29;1;1;0;both;Gen.G;1;3;Gen.G won;5;0;0;0;12;0;1;0
Champions Tour 2024: Pacific Kickoff;Playoffs;Grand Final;Paper Rex vs Gen.G;Ascent;Paper Rex;Monyet;Gen.G;Karon;2;5;-3;All Kills;raze;62;191;9;10;2;-1;0,58;115;0,15;1;3;-2;attack;Gen.G;1;3;Gen.G won;5;0;0;0;12;0;1;0
Champions Tour 2024: Pacific Kickoff;Playoffs;Grand Final;Paper Rex vs Gen.G;Ascent;Paper Rex;d4v41;Gen.G;Munchkin;1;0;1;First Kills;omen;77;179;3;6;3;-3;0,83;127;0,36;0;0;0;defend;Gen.G;1;3;Gen.G won;5;0;0;0;12;0;1;0
Champions Tour 2024: Pacific Kickoff;Playoffs;Grand Final;Paper Rex vs Gen.G;Ascent;Paper Rex;mindfreak;Gen.G;Meteor;0;1;-1;First Kills;viper;116;236;14;14;1;0;0,61;166;0,29;1;1;0;both;Gen.G;1;3;Gen.G won;5;0;0;0;12;0;1;0
Champions Tour 2024: Pacific Kickoff;Playoffs;Grand Final;Paper Rex vs Gen.G;Ascent;Paper Rex;Monyet;Gen.G;Lakia;0;1;-1;First Kills;raze;62;191;9;10;2;-1;0,58;115;0,15;1;3;-2;attack;Gen.G;1;3;Gen.G won;5;0;0;0;12;0;1;0
Champions Tour 2024: Pacific Kickoff;Playoffs;Grand Final;Paper Rex vs Gen.G;Split;Paper Rex;d4v41;Gen.G;Meteor;2;1;1;All Kills;viper;92;193;3;4;5;-1;1;145;0,27;0;0;0;defend;Gen.G;1;3;Gen.G won;11;1;1;0;3;0;1;0
Champions Tour 2024: Pacific Kickoff;Playoffs;Grand Final;Paper Rex vs Gen.G;Split;Paper Rex;something;Gen.G;Munchkin;2;4;-2;All Kills;jett;128;264;18;12;2;6;0,76;171;0,19;6;1;5;both;Gen.G;1;3;Gen.G won;11;1;1;0;3;0;1;0
Champions Tour 2024: Pacific Kickoff;Playoffs;Grand Final;Paper Rex vs Gen.G;Split;Paper Rex;f0rsakeN;Gen.G;Munchkin;2;0;2;All Kills;yoru;9;219;9;10;2;-1;0,67;129;0,14;2;1;1;attack;Gen.G;1;3;Gen.G won;11;1;1;0;3;0;1;0
Champions Tour 2024: Pacific Kickoff;Playoffs;Grand Final;Paper Rex vs Gen.G;Split;Paper Rex;mindfreak;Gen.G;Munchkin;5;1;4;All Kills;omen;169;199;3;1;2;2;1;133;0,57;0;1;-1;defend;Gen.G;1;3;Gen.G won;11;1;1;0;3;0;1;0
Champions Tour 2024: Pacific Kickoff;Playoffs;Grand Final;Paper Rex vs Gen.G;Split;Paper Rex;Monyet;Gen.G;t3xture;2;3;-1;All Kills;raze;116;199;11;9;4;2;0,76;123;0,23;2;2;0;both;Gen.G;1;3;Gen.G won;11;1;1;0;3;0;1;0
Champions Tour 2024: Pacific Kickoff;Playoffs;Grand Final;Paper Rex vs Gen.G;Split;Paper Rex;something;Gen.G;Lakia;2;1;1;First Kills;jett;135;288;13;9;1;4;0,75;173;0,3;4;1;3;attack;Gen.G;1;3;Gen.G won;11;1;1;0;3;0;1;0
Champions Tour 2024: Pacific Kickoff;Playoffs;Grand Final;Paper Rex vs Gen.G;Split;Paper Rex;mindfreak;Gen.G;t3xture;0;1;-1;First Kills;omen;169;199;3;1;2;2;1;133;0,57;0;1;-1;defend;Gen.G;1;3;Gen.G won;11;1;1;0;3;0;1;0
Champions Tour 2024: Pacific Kickoff;Playoffs;Grand Final;Paper Rex vs Gen.G;Split;Paper Rex;something;Gen.G;Lakia;1;0;1;Op Kills;jett;128;264;18;12;2;6;0,76;171;0,19;6;1;5;both;Gen.G;1;3;Gen.G won;11;1;1;0;3;0;1;0
Champions Tour 2024: Pacific Kickoff;Playoffs;Grand Final;Paper Rex vs Gen.G;Lotus;Paper Rex;d4v41;Gen.G;Lakia;3;4;-1;All Kills;skye;123;200;10;6;4;4;0,83;112;0,53;2;2;0;attack;Gen.G;1;3;Gen.G won;5;3;3;0;12;0;1;0
Champions Tour 2024: Pacific Kickoff;Playoffs;Grand Final;Paper Rex vs Gen.G;Lotus;Paper Rex;something;Gen.G;Lakia;5;5;0;All Kills;reyna;123;258;9;10;4;-1;0,58;179;0,31;4;1;3;defend;Gen.G;1;3;Gen.G won;5;3;3;0;12;0;1;0
Champions Tour 2024: Pacific Kickoff;Playoffs;Grand Final;Paper Rex vs Gen.G;Lotus;Paper Rex;mindfreak;Gen.G;Karon;1;4;-3;All Kills;omen;105;180;16;16;4;0;0,71;120;0,22;1;1;0;both;Gen.G;1;3;Gen.G won;5;3;3;0;12;0;1;0
Champions Tour 2024: Pacific Kickoff;Playoffs;Grand Final;Paper Rex vs Gen.G;Lotus;Paper Rex;Monyet;Gen.G;Karon;1;2;-1;All Kills;raze;57;132;5;9;3;-4;0,67;104;0,13;0;2;-2;attack;Gen.G;1;3;Gen.G won;5;3;3;0;12;0;1;0
Champions Tour 2024: Pacific Kickoff;Playoffs;Grand Final;Paper Rex vs Gen.G;Lotus;Paper Rex;d4v41;Gen.G;Meteor;2;1;1;First Kills;skye;105;208;9;10;7;-1;0,67;146;0,29;0;0;0;defend;Gen.G;1;3;Gen.G won;5;3;3;0;12;0;1;0
Champions Tour 2024: Pacific Kickoff;Playoffs;Grand Final;Paper Rex vs Gen.G;Lotus;Paper Rex;something;Gen.G;Lakia;1;0;1;First Kills;reyna;11;253;20;21;6;-1;0,67;162;0,26;7;1;6;both;Gen.G;1;3;Gen.G won;5;3;3;0;12;0;1;0
Champions Tour 2024: Pacific Kickoff;Playoffs;Grand Final;Paper Rex vs Gen.G;Lotus;Paper Rex;mindfreak;Gen.G;Lakia;1;0;1;First Kills;omen;12;208;9;7;4;2;0,92;129;0,21;1;0;1;attack;Gen.G;1;3;Gen.G won;5;3;3;0;12;0;1;0
Champions Tour 2024: Pacific Kickoff;Playoffs;Grand Final;Paper Rex vs Gen.G;Lotus;Paper Rex;Monyet;Gen.G;Lakia;0;1;-1;First Kills;raze;35;161;6;12;0;-6;0,58;110;0,12;2;3;-1;defend;Gen.G;1;3;Gen.G won;5;3;3;0;12;0;1;0
Champions Tour 2024: Pacific Kickoff;Playoffs;Grand Final;Paper Rex vs Gen.G;Bind;Paper Rex;d4v41;Gen.G;t3xture;2;3;-1;All Kills;fade;78;149;8;14;6;-6;0,59;103;0,3;1;2;-1;both;Gen.G;1;3;Gen.G won;3;0;1;0;8;3;2;0
Champions Tour 2024: Pacific Kickoff;Playoffs;Grand Final;Paper Rex vs Gen.G;Bind;Paper Rex;something;Gen.G;t3xture;2;2;0;All Kills;gekko;5;120;2;5;1;-3;0,8;87;0,5;0;0;0;attack;Gen.G;1;3;Gen.G won;3;0;1;0;8;3;2;0
Champions Tour 2024: Pacific Kickoff;Playoffs;Grand Final;Paper Rex vs Gen.G;Bind;Paper Rex;f0rsakeN;Gen.G;t3xture;2;2;0;All Kills;yoru;69;232;7;12;2;-5;0,42;157;0,31;3;1;2;defend;Gen.G;1;3;Gen.G won;3;0;1;0;8;3;2;0
Champions Tour 2024: Pacific Kickoff;Playoffs;Grand Final;Paper Rex vs Gen.G;Bind;Paper Rex;mindfreak;Gen.G;Lakia;3;1;2;All Kills;brimstone;128;233;13;13;7;0;0,71;163;0,42;0;1;-1;both;Gen.G;1;3;Gen.G won;3;0;1;0;8;3;2;0
Champions Tour 2024: Pacific Kickoff;Playoffs;Grand Final;Paper Rex vs Gen.G;Bind;Paper Rex;Monyet;Gen.G;Lakia;1;2;-1;All Kills;raze;41;144;2;5;1;-3;0,8;120;0,33;0;3;-3;attack;Gen.G;1;3;Gen.G won;3;0;1;0;8;3;2;0
Champions Tour 2024: Pacific Kickoff;Playoffs;Grand Final;Paper Rex vs Gen.G;Bind;Paper Rex;f0rsakeN;Gen.G;Munchkin;2;2;0;First Kills;yoru;69;232;7;12;2;-5;0,42;157;0,31;3;1;2;defend;Gen.G;1;3;Gen.G won;3;0;1;0;8;3;2;0
Champions Tour 2024: Pacific Kickoff;Playoffs;Grand Final;Paper Rex vs Gen.G;Bind;Paper Rex;Monyet;Gen.G;t3xture;0;2;-2;First Kills;raze;65;137;8;13;1;-5;0,71;102;0,28;0;6;-6;both;Gen.G;1;3;Gen.G won;3;0;1;0;8;3;2;0
